EmpID,Title,ManagerKey,BusinessUnit,Department,Division,JobFunction,EmployeeType,Classification,PayZone,State,Gender,Ethnicity,AgeBand,AgeBandSort,TenureBand,TenureBandSort,TenureYears,Performance,Rating,StartDate,ExitDate,Status,SourceStatus,StatusCheck,LeaverReason,LeaverGroup,EarlyLeaver
1001,Software Engineer,M574,BPC,Software Engineering,Engineers,Engineer,Part-Time,Part-Time,Zone A,MA,Female,Black,55+,4,3-5 years,3,3.937,Fully Meets,3,2019-08-29,,Employed,Active,Agrees with dates,,,No
1002,Software Engineer,M575,NEL,Software Engineering,Catv,Foreman,Part-Time,Temporary,Zone A,MA,Female,Asian,55+,4,Under 1 year,0,0.457,Fully Meets,3,2022-12-12,2023-05-28,Left,Active,Contradicts dates,Involuntary,Involuntary,Yes
1003,Software Engineer,M576,WBL,Software Engineering,Field Operations,Foreman,Contract,Part-Time,Zone A,MA,Female,White,45-54,3,Under 1 year,0,0.019,Fully Meets,3,2023-03-08,2023-03-15,Left,Active,Contradicts dates,Voluntary,Voluntary,Yes
1004,Software Engineer,M577,PYZ,Software Engineering,Project Management - Con,Coordinator,Part-Time,Part-Time,Zone C,MA,Male,Black,55+,4,Under 1 year,0,0.767,Fully Meets,3,2020-05-29,2021-03-05,Left,Active,Contradicts dates,Involuntary,Involuntary,Yes
1005,Software Engineer,M578,SVG,Software Engineering,Field Operations,Project Manager,Full-Time,Temporary,Zone B,MA,Male,Black,45-54,3,Under 1 year,0,0.887,Fully Meets,3,2022-09-16,,Employed,Active,Agrees with dates,,,No
1006,Software Engineer,M579,MSC,Software Engineering,Engineers,Administrative,Full-Time,Part-Time,Zone C,MA,Female,White,55+,4,Under 1 year,0,0.266,Fully Meets,3,2021-08-15,2021-11-20,Left,Active,Contradicts dates,Resignation,Voluntary,Yes
1007,Software Engineer,M580,SVG,Software Engineering,General - Con,Lineman,Part-Time,Part-Time,Zone A,MA,Male,Black,Under 25,0,Under 1 year,0,0.92,Fully Meets,3,2020-10-25,2021-09-26,Left,Voluntarily Terminated,Agrees with dates,Involuntary,Involuntary,Yes
1008,Software Engineer,M581,BPC,Software Engineering,General - Con,Foreman,Contract,Temporary,Zone B,MA,Female,Hispanic,35-44,2,Under 1 year,0,0.684,Fully Meets,3,2019-08-28,2020-05-04,Left,Active,Contradicts dates,Voluntary,Voluntary,Yes
1009,Software Engineer,M582,NEL,Software Engineering,General - Con,Model Assistant,Part-Time,Temporary,Zone C,MA,Female,Other,35-44,2,3-5 years,3,3.584,Fully Meets,3,2019-06-13,2023-01-12,Left,Active,Contradicts dates,Retirement,Retirement,No
1010,Software Engineer,M583,EW,Software Engineering,Field Operations,Supervisor,Part-Time,Temporary,Zone C,MA,Male,Hispanic,25-34,1,1-2 years,1,1.177,Fully Meets,3,2021-01-12,2022-03-18,Left,Voluntarily Terminated,Agrees with dates,Voluntary,Voluntary,No
1011,Software Engineer,M584,MSC,Software Engineering,General - Con,Foreman,Contract,Temporary,Zone A,MA,Male,Hispanic,55+,4,1-2 years,1,1.013,Fully Meets,3,2022-02-07,2023-02-12,Left,Voluntarily Terminated,Agrees with dates,Resignation,Voluntary,No
1012,Software Engineer,M585,TNS,Software Engineering,General - Eng,Administrative,Contract,Temporary,Zone A,MA,Male,White,35-44,2,Under 1 year,0,0.572,Fully Meets,3,2020-11-09,2021-06-06,Left,Voluntarily Terminated,Agrees with dates,Involuntary,Involuntary,Yes
1013,Software Engineer,M586,PYZ,Software Engineering,Engineers,Engineer,Part-Time,Full-Time,Zone B,MA,Male,Asian,45-54,3,3-5 years,3,3.231,Fully Meets,3,2020-05-13,,Employed,Active,Agrees with dates,,,No
1014,Shared Services Manager,M587,WBL,Software Engineering,Catv,Clerk,Part-Time,Full-Time,Zone A,MA,Male,Other,55+,4,Under 1 year,0,0.531,Fully Meets,3,2022-12-31,2023-07-13,Left,Active,Contradicts dates,Retirement,Retirement,Yes
1015,Shared Services Manager,M588,NEL,Software Engineering,People Services,Vp,Contract,Part-Time,Zone A,MA,Female,White,55+,4,3-5 years,3,4.674,Fully Meets,3,2018-12-03,,Employed,Active,Agrees with dates,,,No
1016,Senior BI Developer,M589,PL,Admin Offices,Shop (Fleet),Mechanic,Part-Time,Part-Time,Zone B,MA,Female,White,55+,4,1-2 years,1,1.268,Fully Meets,3,2020-02-21,2021-05-29,Left,Active,Contradicts dates,Involuntary,Involuntary,No
1017,Senior BI Developer,M590,BPC,Admin Offices,Field Operations,Laborer,Full-Time,Full-Time,Zone B,MA,Female,Black,55+,4,1-2 years,1,1.27,Fully Meets,3,2020-09-07,2021-12-15,Left,Active,Contradicts dates,Involuntary,Involuntary,No
1018,Senior BI Developer,M591,CCDR,Admin Offices,General - Con,Laborer,Part-Time,Part-Time,Zone A,MA,Female,White,55+,4,1-2 years,1,1.47,Fully Meets,3,2020-06-19,2021-12-08,Left,Active,Contradicts dates,Involuntary,Involuntary,No
1019,Software Engineer,M592,EW,Software Engineering,Fielders,Engineer,Full-Time,Temporary,Zone A,MA,Male,Hispanic,35-44,2,Under 1 year,0,0.786,Fully Meets,3,2022-10-14,2023-07-28,Left,Voluntarily Terminated,Agrees with dates,Retirement,Retirement,Yes
1020,Software Engineer,M593,MSC,Software Engineering,Field Operations,Supervisor,Contract,Full-Time,Zone C,MA,Female,Black,25-34,1,Under 1 year,0,0.077,Fully Meets,3,2023-06-20,2023-07-18,Left,Voluntarily Terminated,Agrees with dates,Resignation,Voluntary,Yes
1021,Software Engineer,M594,TNS,Software Engineering,General - Eng,Billing,Full-Time,Full-Time,Zone C,MA,Male,Hispanic,25-34,1,2-3 years,2,2.683,Fully Meets,3,2020-11-09,2023-07-17,Left,Voluntarily Terminated,Agrees with dates,Resignation,Voluntary,No
1022,Software Engineer,M595,PYZ,Software Engineering,Field Operations,Engineer,Part-Time,Temporary,Zone A,MA,Male,Black,55+,4,Under 1 year,0,0.879,Fully Meets,3,2022-09-19,,Employed,Active,Agrees with dates,,,No
1023,Shared Services Manager,M596,WBL,Software Engineering,General - Con,Clerk,Contract,Part-Time,Zone C,MA,Male,Hispanic,25-34,1,2-3 years,2,2.919,Fully Meets,3,2018-11-09,2021-10-10,Left,Active,Contradicts dates,Voluntary,Voluntary,No
1024,Shared Services Manager,M597,NEL,Software Engineering,Fielders,Coordinator,Contract,Part-Time,Zone A,MA,Female,Other,35-44,2,2-3 years,2,2.48,Fully Meets,3,2018-12-30,2021-06-23,Left,Active,Contradicts dates,Involuntary,Involuntary,No
1025,Senior BI Developer,M598,PL,Admin Offices,Field Operations,Foreman,Full-Time,Temporary,Zone A,MA,Female,Other,55+,4,Under 1 year,0,0.011,Fully Meets,3,2023-05-11,2023-05-15,Left,Active,Contradicts dates,Retirement,Retirement,Yes
1026,Senior BI Developer,M599,BPC,Admin Offices,Engineers,Engineer,Contract,Part-Time,Zone A,MA,Female,Other,55+,4,Under 1 year,0,0.268,Fully Meets,3,2022-11-03,2023-02-09,Left,Active,Contradicts dates,Resignation,Voluntary,Yes
1027,Senior BI Developer,M600,CCDR,Admin Offices,General - Con,Flagger,Part-Time,Full-Time,Zone A,MA,Male,Other,55+,4,Under 1 year,0,0.956,Fully Meets,3,2020-06-14,2021-05-29,Left,Active,Contradicts dates,Voluntary,Voluntary,Yes
1028,Software Engineer,M601,PYZ,Software Engineering,General - Con,Model Assistant,Full-Time,Part-Time,Zone C,MA,Male,Asian,Under 25,0,3-5 years,3,3.214,Fully Meets,3,2019-10-15,2023-01-01,Left,Voluntarily Terminated,Agrees with dates,Resignation,Voluntary,No
1029,Software Engineer,M602,SVG,Software Engineering,Field Operations,Specialist,Part-Time,Part-Time,Zone B,MA,Female,Asian,35-44,2,3-5 years,3,3.272,Fully Meets,3,2020-04-28,,Employed,Active,Agrees with dates,,,No
1030,Software Engineer,M603,TNS,Software Engineering,Field Operations,Foreman,Contract,Temporary,Zone C,MA,Male,Black,55+,4,3-5 years,3,3.77,Fully Meets,3,2019-10-29,,Employed,Active,Agrees with dates,,,No
1031,Software Engineer,M604,WBL,Software Engineering,General - Con,Lineman,Part-Time,Temporary,Zone B,MA,Male,White,45-54,3,2-3 years,2,2.272,Fully Meets,3,2021-04-28,,Employed,Active,Agrees with dates,,,No
1032,Software Engineer,M605,PYZ,Software Engineering,Aerial,Laborer,Full-Time,Part-Time,Zone C,MA,Male,Asian,55+,4,Under 1 year,0,0.353,Fully Meets,3,2022-04-19,2022-08-26,Left,Active,Contradicts dates,Voluntary,Voluntary,Yes
1033,Shared Services Manager,M606,WBL,Software Engineering,Field Operations,Operator,Contract,Full-Time,Zone B,MA,Male,Other,25-34,1,Under 1 year,0,0.359,Fully Meets,3,2023-03-28,,Employed,Active,Agrees with dates,,,No
1034,Shared Services Manager,M607,NEL,Software Engineering,Project Management - Con,Manager,Full-Time,Part-Time,Zone C,MA,Female,Black,45-54,3,3-5 years,3,4.252,Fully Meets,3,2019-05-06,,Employed,Active,Agrees with dates,,,No
1035,Senior BI Developer,M608,PL,Admin Offices,Underground,Laborer,Full-Time,Temporary,Zone A,MA,Female,Asian,35-44,2,2-3 years,2,2.812,Fully Meets,3,2020-10-13,,Employed,Active,Agrees with dates,,,No
1036,Senior BI Developer,M609,BPC,Admin Offices,Field Operations,Foreman,Part-Time,Part-Time,Zone A,MA,Male,Asian,25-34,1,Under 1 year,0,0.389,Fully Meets,3,2021-07-06,2021-11-25,Left,Active,Contradicts dates,Resignation,Voluntary,Yes
1037,Software Engineer,M610,CCDR,Software Engineering,Fielders,Engineer,Part-Time,Full-Time,Zone C,MA,Male,Other,25-34,1,Under 1 year,0,0.107,Fully Meets,3,2020-09-24,2020-11-02,Left,Voluntarily Terminated,Agrees with dates,Voluntary,Voluntary,Yes
1038,Software Engineer,M611,SVG,Software Engineering,Field Operations,Crew Leader,Contract,Part-Time,Zone B,MA,Male,Hispanic,45-54,3,Under 1 year,0,0.548,Fully Meets,3,2023-01-18,,Employed,Active,Agrees with dates,,,No
1039,Software Engineer,M612,EW,Software Engineering,Finance & Accounting,Administrative,Part-Time,Part-Time,Zone B,MA,Female,Other,35-44,2,2-3 years,2,2.59,Fully Meets,3,2019-08-22,2022-03-25,Left,Voluntarily Terminated,Agrees with dates,Involuntary,Involuntary,No
1040,Software Engineer,M613,MSC,Software Engineering,Field Operations,Technician,Contract,Part-Time,Zone A,MA,Male,White,45-54,3,3-5 years,3,3.398,Fully Meets,3,2019-07-25,2022-12-17,Left,Voluntarily Terminated,Agrees with dates,Retirement,Retirement,No
1041,Software Engineer,M614,TNS,Software Engineering,Engineers,Administrative,Full-Time,Full-Time,Zone A,MA,Male,White,45-54,3,Under 1 year,0,0.164,Fully Meets,3,2019-11-11,2020-01-10,Left,Voluntarily Terminated,Agrees with dates,Retirement,Retirement,Yes
1042,Software Engineer,M615,PYZ,Software Engineering,Field Operations,Driller,Contract,Temporary,Zone B,MA,Male,Black,55+,4,1-2 years,1,1.057,Fully Meets,3,2022-07-16,,Employed,Active,Agrees with dates,,,No
1043,Shared Services Manager,M616,WBL,Software Engineering,Splicing,Billing,Full-Time,Part-Time,Zone C,MA,Female,White,55+,4,Under 1 year,0,0.389,Fully Meets,3,2022-12-19,2023-05-10,Left,Active,Contradicts dates,Resignation,Voluntary,Yes
1044,Shared Services Manager,M617,NEL,Software Engineering,Field Operations,Foreman,Contract,Temporary,Zone A,MA,Female,Hispanic,55+,4,2-3 years,2,2.888,Fully Meets,3,2020-09-15,,Employed,Active,Agrees with dates,,,No
1045,Senior BI Developer,M618,PL,Admin Offices,Catv,Foreman,Full-Time,Temporary,Zone C,MA,Female,Black,55+,4,2-3 years,2,2.398,Fully Meets,3,2020-10-04,2023-02-27,Left,Active,Contradicts dates,Involuntary,Involuntary,No
1046,Software Engineer,M619,CCDR,Software Engineering,Underground,Laborer,Full-Time,Temporary,Zone A,MA,Male,White,55+,4,Under 1 year,0,0.279,Fully Meets,3,2022-04-23,2022-08-03,Left,Voluntarily Terminated,Agrees with dates,Involuntary,Involuntary,Yes
1047,Software Engineer,M620,SVG,Software Engineering,Field Operations,Technician,Contract,Part-Time,Zone A,MA,Female,Hispanic,55+,4,1-2 years,1,1.689,Fully Meets,3,2021-11-27,,Employed,Active,Agrees with dates,,,No
1048,Software Engineer,M621,EW,Software Engineering,General - Con,Helper,Part-Time,Temporary,Zone A,MA,Male,Asian,55+,4,3-5 years,3,3.685,Fully Meets,3,2019-11-29,,Employed,Active,Agrees with dates,,,No
1049,Software Engineer,M622,MSC,Software Engineering,Field Operations,Technician,Part-Time,Part-Time,Zone B,MA,Male,White,55+,4,1-2 years,1,1.558,Fully Meets,3,2019-05-30,2020-12-19,Left,Voluntarily Terminated,Agrees with dates,Involuntary,Involuntary,No
1050,Software Engineer,M623,TNS,Software Engineering,Finance & Accounting,Accounting,Contract,Temporary,Zone B,MA,Male,Black,25-34,1,2-3 years,2,2.7,Fully Meets,3,2020-11-23,,Employed,Active,Agrees with dates,,,No
1051,Software Engineer,M624,PYZ,Software Engineering,Field Operations,Operator,Full-Time,Part-Time,Zone C,MA,Male,White,35-44,2,Under 1 year,0,0.761,Fully Meets,3,2022-04-08,2023-01-11,Left,Active,Contradicts dates,Involuntary,Involuntary,Yes
1052,Shared Services Manager,M625,WBL,Software Engineering,General - Con,Foreman,Contract,Part-Time,Zone B,MA,Female,Hispanic,35-44,2,Under 1 year,0,0.271,Fully Meets,3,2021-02-25,2021-06-04,Left,Active,Contradicts dates,Voluntary,Voluntary,Yes
1053,Shared Services Manager,M626,NEL,Software Engineering,Project Management - Con,Project Manager,Contract,Full-Time,Zone C,MA,Female,Hispanic,55+,4,2-3 years,2,2.07,Fully Meets,3,2019-03-13,2021-04-07,Left,Active,Contradicts dates,Resignation,Voluntary,No
1054,Software Engineer,M625,PL,Software Engineering,Engineers,Project Manager,Part-Time,Full-Time,Zone A,MA,Male,White,25-34,1,Under 1 year,0,0.479,Fully Meets,3,2023-02-12,,Employed,Active,Agrees with dates,,,No
1055,Software Engineer,M627,PYZ,Software Engineering,Field Operations,Laborer,Contract,Full-Time,Zone C,MA,Female,White,25-34,1,3-5 years,3,4.909,Fully Meets,3,2018-09-08,,Employed,Active,Agrees with dates,,,No
1056,Software Engineer,M628,SVG,Software Engineering,Wireline Construction,Driver,Contract,Temporary,Zone C,MA,Male,Hispanic,55+,4,1-2 years,1,1.714,Fully Meets,3,2021-11-18,,Employed,Active,Agrees with dates,,,No
1057,Software Engineer,M629,TNS,Software Engineering,Wireline Construction,Foreman,Full-Time,Full-Time,Zone A,MA,Male,Asian,Under 25,0,Under 1 year,0,0.099,Fully Meets,3,2023-07-01,,Employed,Active,Agrees with dates,,,No
1058,Software Engineer,M630,WBL,Software Engineering,Billable Consultants,Technician,Contract,Temporary,Zone C,MA,Male,Hispanic,55+,4,1-2 years,1,1.3,Fully Meets,3,2022-04-18,,Employed,Active,Agrees with dates,,,No
1059,Software Engineer,M631,BPC,Software Engineering,Engineers,Engineer,Part-Time,Full-Time,Zone C,MA,Female,Asian,45-54,3,Under 1 year,0,0.271,Fully Meets,3,2023-04-29,,Employed,Active,Agrees with dates,,,No
1060,Shared Services Manager,M632,CCDR,Software Engineering,General - Con,Project Manager,Part-Time,Full-Time,Zone B,MA,Female,Black,45-54,3,Under 1 year,0,0.208,Fully Meets,3,2018-10-10,2018-12-25,Left,Active,Contradicts dates,Voluntary,Voluntary,Yes
1061,Shared Services Manager,M633,EW,Software Engineering,General - Sga,Specialist,Part-Time,Part-Time,Zone C,MA,Female,Other,25-34,1,Under 1 year,0,0.709,Fully Meets,3,2022-11-20,,Employed,Active,Agrees with dates,,,No
1062,Software Engineer,M634,BPC,Software Engineering,Engineers,Program Manager,Part-Time,Part-Time,Zone A,MA,Male,Hispanic,45-54,3,Under 1 year,0,0.66,Fully Meets,3,2019-05-18,2020-01-14,Left,Voluntarily Terminated,Agrees with dates,Involuntary,Involuntary,Yes
1063,Software Engineer,M635,CCDR,Software Engineering,Aerial,Foreman,Full-Time,Temporary,Zone B,MA,Female,Black,55+,4,2-3 years,2,2.122,Fully Meets,3,2021-06-22,,Employed,Active,Agrees with dates,,,No
1064,Software Engineer,M636,SVG,Software Engineering,Field Operations,Technician,Part-Time,Part-Time,Zone A,MA,Male,White,35-44,2,Under 1 year,0,0.038,Fully Meets,3,2022-03-30,2022-04-13,Left,Voluntarily Terminated,Agrees with dates,Retirement,Retirement,Yes
1065,Software Engineer,M637,EW,Software Engineering,Engineers,Engineer,Contract,Temporary,Zone C,MA,Male,Other,25-34,1,3-5 years,3,4.939,Fully Meets,3,2018-08-28,,Employed,Active,Agrees with dates,,,No
1066,Software Engineer,M638,MSC,Software Engineering,Catv,Operator,Full-Time,Temporary,Zone C,MA,Male,Hispanic,35-44,2,1-2 years,1,1.024,Fully Meets,3,2021-12-27,2023-01-05,Left,Active,Contradicts dates,Voluntary,Voluntary,No
1067,Software Engineer,M639,TNS,Software Engineering,Field Operations,Technician,Part-Time,Temporary,Zone A,MA,Female,White,55+,4,2-3 years,2,2.724,Fully Meets,3,2020-11-14,,Employed,Active,Agrees with dates,,,No
1068,Software Engineer,M640,PYZ,Software Engineering,Wireline Construction,Project Manager,Full-Time,Part-Time,Zone B,MA,Female,Black,Under 25,0,1-2 years,1,1.845,Fully Meets,3,2021-10-01,,Employed,Active,Agrees with dates,,,No
1069,Shared Services Manager,M641,WBL,Software Engineering,General - Con,Foreman,Full-Time,Part-Time,Zone B,MA,Female,Other,45-54,3,3-5 years,3,4.621,Fully Meets,3,2018-10-13,2023-05-28,Left,Active,Contradicts dates,Resignation,Voluntary,No
1070,Shared Services Manager,M642,NEL,Software Engineering,General - Sga,Project Manager,Full-Time,Temporary,Zone C,MA,Male,Black,Under 25,0,3-5 years,3,3.45,Fully Meets,3,2018-12-15,2022-05-28,Left,Active,Contradicts dates,Resignation,Voluntary,No
1071,Software Engineer,M643,PL,Software Engineering,Field Operations,Laborer,Contract,Part-Time,Zone A,MA,Male,Black,55+,4,1-2 years,1,1.558,Fully Meets,3,2019-03-28,2020-10-17,Left,Voluntarily Terminated,Agrees with dates,Involuntary,Involuntary,No
1072,Software Engineer,M644,BPC,Software Engineering,Field Operations,Operator,Part-Time,Part-Time,Zone C,MA,Female,Asian,45-54,3,3-5 years,3,4.608,Fully Meets,3,2018-12-27,,Employed,Active,Agrees with dates,,,No
1073,Software Engineer,M645,CCDR,Software Engineering,Field Operations,Foreman,Full-Time,Full-Time,Zone A,MA,Male,White,Under 25,0,3-5 years,3,4.238,Fully Meets,3,2019-05-11,,Employed,Active,Agrees with dates,,,No
1074,Software Engineer,M646,SVG,Software Engineering,General - Con,Laborer,Full-Time,Temporary,Zone A,MA,Male,Asian,35-44,2,2-3 years,2,2.012,Fully Meets,3,2021-02-19,2023-02-24,Left,Voluntarily Terminated,Agrees with dates,Voluntary,Voluntary,No
1075,Software Engineer,M647,EW,Software Engineering,Engineers,Engineer,Part-Time,Full-Time,Zone B,MA,Male,Asian,55+,4,Under 1 year,0,0.444,Fully Meets,3,2022-11-05,2023-04-16,Left,Active,Contradicts dates,Involuntary,Involuntary,Yes
1076,Software Engineer,M648,MSC,Software Engineering,General - Eng,Administrative,Contract,Part-Time,Zone C,MA,Female,White,55+,4,Under 1 year,0,0.52,Fully Meets,3,2020-03-22,2020-09-28,Left,Active,Contradicts dates,Retirement,Retirement,Yes
1077,Software Engineer,M649,TNS,Software Engineering,Wireless,Foreman,Contract,Temporary,Zone B,MA,Female,Black,25-34,1,3-5 years,3,4.507,Fully Meets,3,2019-02-02,,Employed,Active,Agrees with dates,,,No
1078,Software Engineer,M650,PYZ,Software Engineering,Aerial,Foreman,Contract,Temporary,Zone C,MA,Female,Asian,25-34,1,1-2 years,1,1.309,Fully Meets,3,2020-02-24,2021-06-16,Left,Active,Contradicts dates,Voluntary,Voluntary,No
1079,Shared Services Manager,M651,WBL,Software Engineering,Project Management - Eng,Manager,Part-Time,Full-Time,Zone B,MA,Female,Hispanic,Under 25,0,1-2 years,1,1.065,Fully Meets,3,2021-04-07,2022-05-01,Left,Active,Contradicts dates,Resignation,Voluntary,No
1080,Shared Services Manager,M652,NEL,Software Engineering,Fielders,Engineer,Part-Time,Full-Time,Zone C,MA,Male,Black,35-44,2,2-3 years,2,2.724,Fully Meets,3,2020-11-14,,Employed,Active,Agrees with dates,,,No
1081,Software Engineer,M653,EW,Software Engineering,General - Con,Laborer,Contract,Part-Time,Zone B,MA,Male,Asian,55+,4,Under 1 year,0,0.561,Fully Meets,3,2022-01-17,2022-08-10,Left,Voluntarily Terminated,Agrees with dates,Involuntary,Involuntary,Yes
1082,Software Engineer,M654,MSC,Software Engineering,General - Con,Technician,Part-Time,Part-Time,Zone B,MA,Male,Other,45-54,3,1-2 years,1,1.815,Fully Meets,3,2021-09-02,2023-06-27,Left,Active,Contradicts dates,Retirement,Retirement,No
1083,Software Engineer,M655,NEL,Software Engineering,Aerial,Supervisor,Part-Time,Full-Time,Zone A,MA,Female,Asian,55+,4,Under 1 year,0,0.019,Fully Meets,3,2023-07-30,,Employed,Active,Agrees with dates,,,No
1084,Software Engineer,M656,PL,Software Engineering,Executive,Administrator,Contract,Part-Time,Zone C,MA,Male,White,25-34,1,Under 1 year,0,0.11,Fully Meets,3,2023-06-27,,Employed,Active,Agrees with dates,,,No
1085,Software Engineer,M657,PYZ,Software Engineering,General - Con,Lineman,Contract,Full-Time,Zone B,MA,Male,Other,55+,4,1-2 years,1,1.361,Fully Meets,3,2022-03-27,,Employed,Active,Agrees with dates,,,No
1086,Software Engineer,M658,SVG,Software Engineering,Field Operations,Supervisor,Contract,Temporary,Zone A,MA,Female,Black,45-54,3,Under 1 year,0,0.189,Fully Meets,3,2022-08-12,2022-10-20,Left,Active,Contradicts dates,Voluntary,Voluntary,Yes
1087,Software Engineer,M659,TNS,Software Engineering,Field Operations,Tower Hand,Part-Time,Part-Time,Zone A,MA,Female,Other,45-54,3,1-2 years,1,1.073,Fully Meets,3,2022-07-08,2023-08-04,Left,Active,Contradicts dates,Voluntary,Voluntary,No
1088,Software Engineer,M660,WBL,Software Engineering,General - Con,Foreman,Contract,Part-Time,Zone B,MA,Female,White,25-34,1,Under 1 year,0,0.441,Fully Meets,3,2020-08-15,2021-01-23,Left,Active,Contradicts dates,Resignation,Voluntary,Yes
1089,Software Engineer,M661,BPC,Software Engineering,Wireline Construction,Groundman,Full-Time,Temporary,Zone A,MA,Female,Black,55+,4,Under 1 year,0,0.049,Fully Meets,3,2023-05-27,2023-06-14,Left,Active,Contradicts dates,Involuntary,Involuntary,Yes
1090,Shared Services Manager,M662,CCDR,Software Engineering,Field Operations,Technician,Part-Time,Full-Time,Zone C,MA,Female,Black,55+,4,Under 1 year,0,0.591,Fully Meets,3,2023-01-02,,Employed,Active,Agrees with dates,,,No
1091,Production Technician I,M663,PYZ,Production,General - Sga,Supervisor,Contract,Temporary,Zone B,MA,Male,Asian,35-44,2,2-3 years,2,2.379,Fully Meets,3,2018-11-16,2021-04-03,Left,Active,Contradicts dates,Involuntary,Involuntary,No
1092,Production Technician I,M664,PYZ,Production,Field Operations,Clerk,Part-Time,Full-Time,Zone C,MA,Female,Hispanic,45-54,3,1-2 years,1,1.068,Fully Meets,3,2022-07-12,,Employed,Active,Agrees with dates,,,No
1093,Production Technician I,M665,NEL,Production,Engineers,Engineer,Contract,Part-Time,Zone B,MA,Female,Asian,35-44,2,Under 1 year,0,0.638,Fully Meets,3,2022-12-16,,Employed,Active,Agrees with dates,,,No
1094,Production Technician II,M666,EW,Production,Field Operations,Foreman,Part-Time,Full-Time,Zone A,MA,Female,Other,25-34,1,Under 1 year,0,0.246,Fully Meets,3,2023-05-08,,Employed,Active,Agrees with dates,,,No
1095,Production Technician II,M667,WBL,Production,Engineers,Engineer,Full-Time,Temporary,Zone A,MA,Female,Hispanic,55+,4,Under 1 year,0,0.331,Fully Meets,3,2023-04-07,,Employed,Active,Agrees with dates,,,No
1096,Production Technician I,M668,PYZ,Production,Shop (Fleet),Mechanic,Part-Time,Part-Time,Zone C,MA,Female,Asian,45-54,3,Under 1 year,0,0.674,Fully Meets,3,2022-02-15,2022-10-19,Left,Active,Contradicts dates,Voluntary,Voluntary,Yes
1097,Production Technician I,M669,SVG,Production,Field Operations,Technician,Contract,Part-Time,Zone B,MA,Male,Hispanic,Under 25,0,Under 1 year,0,0.047,Fully Meets,3,2023-07-17,2023-08-03,Left,Active,Contradicts dates,Involuntary,Involuntary,Yes
1098,Production Technician I,M670,PL,Production,General - Eng,Engineer,Part-Time,Temporary,Zone A,MA,Male,Asian,25-34,1,3-5 years,3,4.082,Fully Meets,3,2019-05-03,2023-06-02,Left,Voluntarily Terminated,Agrees with dates,Involuntary,Involuntary,No
1099,Production Technician I,M671,SVG,Production,Field Operations,Laborer,Part-Time,Part-Time,Zone A,MA,Female,Other,45-54,3,Under 1 year,0,0.077,Fully Meets,3,2022-03-25,2022-04-22,Left,Active,Contradicts dates,Retirement,Retirement,Yes
1100,Production Technician I,M672,EW,Production,Field Operations,Laborer,Full-Time,Temporary,Zone C,MA,Male,White,55+,4,3-5 years,3,3.329,Fully Meets,3,2020-04-07,,Employed,Active,Agrees with dates,,,No
1101,Production Technician I,M673,TNS,Production,Engineers,Engineer,Full-Time,Part-Time,Zone A,MA,Female,White,55+,4,2-3 years,2,2.407,Fully Meets,3,2021-03-10,,Employed,Active,Agrees with dates,,,No
1102,Production Technician II,M674,EW,Production,General - Con,Groundman,Part-Time,Part-Time,Zone A,MA,Female,Black,55+,4,3-5 years,3,4.005,Fully Meets,3,2019-08-04,,Employed,Active,Agrees with dates,,,No
1103,Production Technician I,M675,BPC,Production,Splicing,Splicer,Full-Time,Temporary,Zone C,MA,Male,Asian,55+,4,2-3 years,2,2.125,Fully Meets,3,2021-04-11,2023-05-27,Left,Voluntarily Terminated,Agrees with dates,Involuntary,Involuntary,No
1104,Production Technician I,M676,PYZ,Production,General - Eng,Supervisor,Part-Time,Temporary,Zone C,MA,Male,Asian,25-34,1,3-5 years,3,4.14,Fully Meets,3,2019-06-16,,Employed,Active,Agrees with dates,,,No
1105,Production Technician I,M677,PL,Production,General - Con,Technician,Contract,Full-Time,Zone A,MA,Female,Hispanic,55+,4,2-3 years,2,2.155,Fully Meets,3,2020-10-08,2022-12-04,Left,Voluntarily Terminated,Agrees with dates,Voluntary,Voluntary,No
1106,Production Technician II,M678,BPC,Production,Aerial,Lineman,Full-Time,Temporary,Zone B,MA,Male,Other,25-34,1,1-2 years,1,1.966,Fully Meets,3,2021-08-18,,Employed,Active,Agrees with dates,,,No
1107,Production Technician II,M679,BPC,Production,Wireline Construction,Laborer,Contract,Part-Time,Zone A,MA,Female,Other,25-34,1,3-5 years,3,3.389,Fully Meets,3,2020-03-16,,Employed,Active,Agrees with dates,,,No
1108,Production Technician I,M680,TNS,Production,General - Con,Flagger,Full-Time,Full-Time,Zone A,MA,Male,White,45-54,3,3-5 years,3,4.531,Fully Meets,3,2019-01-24,,Employed,Active,Agrees with dates,,,No
1109,Production Technician I,M681,EW,Production,Field Operations,Laborer,Full-Time,Part-Time,Zone C,MA,Female,White,35-44,2,Under 1 year,0,0.29,Fully Meets,3,2022-06-11,2022-09-25,Left,Voluntarily Terminated,Agrees with dates,Retirement,Retirement,Yes
1110,Production Technician II,M682,NEL,Production,General - Con,Foreman,Full-Time,Temporary,Zone B,MA,Female,Asian,35-44,2,1-2 years,1,1.095,Fully Meets,3,2022-07-02,,Employed,Active,Agrees with dates,,,No
1111,Production Technician I,M683,BPC,Production,Splicing,Splicer,Full-Time,Part-Time,Zone A,MA,Female,White,55+,4,Under 1 year,0,0.975,Fully Meets,3,2019-09-08,2020-08-29,Left,Voluntarily Terminated,Agrees with dates,Retirement,Retirement,Yes
1112,Production Technician I,M684,MSC,Production,Engineers,Project Manager,Full-Time,Part-Time,Zone A,MA,Female,White,45-54,3,1-2 years,1,1.073,Fully Meets,3,2022-07-10,,Employed,Active,Agrees with dates,,,No
1113,Production Technician I,M685,NEL,Production,General - Con,Lineman,Contract,Part-Time,Zone B,MA,Female,Asian,45-54,3,1-2 years,1,1.284,Fully Meets,3,2022-04-24,,Employed,Active,Agrees with dates,,,No
1114,Production Technician I,M686,PL,Production,General - Con,Laborer,Full-Time,Part-Time,Zone C,MA,Female,Hispanic,55+,4,3-5 years,3,3.348,Fully Meets,3,2020-03-31,,Employed,Active,Agrees with dates,,,No
1115,Production Technician I,M687,PYZ,Production,Field Operations,Technician,Contract,Part-Time,Zone A,MA,Male,Black,25-34,1,3-5 years,3,4.372,Fully Meets,3,2019-03-23,,Employed,Active,Agrees with dates,,,No
1116,Production Technician I,M688,SVG,Production,Field Operations,Clerk,Full-Time,Full-Time,Zone A,MA,Male,White,35-44,2,3-5 years,3,4.342,Fully Meets,3,2019-03-09,2023-07-12,Left,Voluntarily Terminated,Agrees with dates,Voluntary,Voluntary,No
1117,Production Technician I,M689,TNS,Production,General - Con,Technician,Full-Time,Temporary,Zone C,MA,Male,Other,25-34,1,Under 1 year,0,0.036,Fully Meets,3,2019-02-21,2019-03-06,Left,Voluntarily Terminated,Agrees with dates,Resignation,Voluntary,Yes
1118,Production Technician I,M690,WBL,Production,Engineers,Project Manager,Full-Time,Temporary,Zone B,MA,Male,Asian,45-54,3,3-5 years,3,3.146,Fully Meets,3,2019-10-04,2022-11-26,Left,Active,Contradicts dates,Retirement,Retirement,No
1119,Production Technician I,M691,BPC,Production,Field Operations,Laborer,Part-Time,Part-Time,Zone C,MA,Female,White,25-34,1,1-2 years,1,1.073,Fully Meets,3,2019-11-24,2020-12-20,Left,Active,Contradicts dates,Involuntary,Involuntary,No
1120,Production Technician I,M692,CCDR,Production,People Services,Administration,Part-Time,Temporary,Zone B,MA,Female,Black,45-54,3,2-3 years,2,2.968,Fully Meets,3,2020-08-17,,Employed,Active,Agrees with dates,,,No
1121,Production Manager,M693,EW,Production,Aerial,Lineman,Part-Time,Full-Time,Zone C,MA,Female,Hispanic,35-44,2,2-3 years,2,2.39,Fully Meets,3,2021-03-16,,Employed,Active,Agrees with dates,,,No
1122,Production Manager,M694,MSC,Production,General - Con,Technician,Contract,Part-Time,Zone C,MA,Female,White,45-54,3,Under 1 year,0,0.775,Fully Meets,3,2021-11-16,2022-08-26,Left,Active,Contradicts dates,Retirement,Retirement,Yes
1123,Production Manager,M695,NEL,Production,Field Operations,Lineman,Full-Time,Full-Time,Zone B,MA,Female,Other,55+,4,1-2 years,1,1.259,Fully Meets,3,2022-05-03,,Employed,Active,Agrees with dates,,,No
1124,Production Manager,M696,PL,Production,Engineers,Technician,Full-Time,Full-Time,Zone A,MA,Female,Other,35-44,2,2-3 years,2,2.883,Fully Meets,3,2019-12-24,2022-11-11,Left,Active,Contradicts dates,Involuntary,Involuntary,No
1125,Production Technician II,M697,WBL,Production,Aerial,Lineman,Contract,Part-Time,Zone B,MA,Male,Hispanic,25-34,1,1-2 years,1,1.791,Fully Meets,3,2021-10-21,,Employed,Active,Agrees with dates,,,No
1126,Production Technician II,M698,NEL,Production,Engineers,Engineer,Part-Time,Temporary,Zone C,MA,Male,White,55+,4,1-2 years,1,1.492,Fully Meets,3,2018-09-08,2020-03-06,Left,Voluntarily Terminated,Agrees with dates,Retirement,Retirement,No
1127,Production Technician II,M699,PL,Production,General - Con,Technician,Full-Time,Full-Time,Zone A,MA,Male,White,Under 25,0,3-5 years,3,4.441,Fully Meets,3,2019-02-26,,Employed,Active,Agrees with dates,,,No
1128,Production Technician II,M700,BPC,Production,General - Con,Technician,Part-Time,Part-Time,Zone B,MA,Female,Hispanic,55+,4,Under 1 year,0,0.293,Fully Meets,3,2023-04-21,,Employed,Active,Agrees with dates,,,No
1129,Production Technician II,M701,CCDR,Production,Field Operations,Tower Hand,Full-Time,Part-Time,Zone B,MA,Female,Other,55+,4,2-3 years,2,2.094,Fully Meets,3,2019-09-19,2021-10-23,Left,Voluntarily Terminated,Agrees with dates,Resignation,Voluntary,No
1130,Production Technician I,M702,SVG,Production,Technology / It,Intern,Contract,Part-Time,Zone A,MA,Female,Hispanic,25-34,1,2-3 years,2,2.617,Fully Meets,3,2020-12-23,,Employed,Active,Agrees with dates,,,No
1131,Production Technician I,M703,EW,Production,Splicing,Operator,Part-Time,Part-Time,Zone B,MA,Female,Black,25-34,1,3-5 years,3,4.356,Fully Meets,3,2019-03-29,,Employed,Active,Agrees with dates,,,No
1132,Production Technician I,M704,NEL,Production,Aerial,Laborer,Contract,Full-Time,Zone B,MA,Female,Hispanic,55+,4,1-2 years,1,1.966,Fully Meets,3,2021-05-15,2023-05-03,Left,Voluntarily Terminated,Agrees with dates,Involuntary,Involuntary,No
1133,Production Technician I,M705,PL,Production,Aerial,Engineer,Full-Time,Part-Time,Zone B,MA,Female,Hispanic,55+,4,Under 1 year,0,0.553,Fully Meets,3,2022-03-14,2022-10-02,Left,Voluntarily Terminated,Agrees with dates,Voluntary,Voluntary,Yes
1134,Production Technician I,M706,BPC,Production,General - Con,Technician,Part-Time,Temporary,Zone C,MA,Female,Asian,25-34,1,Under 1 year,0,0.09,Fully Meets,3,2021-12-06,2022-01-08,Left,Voluntarily Terminated,Agrees with dates,Retirement,Retirement,Yes
1135,Production Technician I,M707,CCDR,Production,Engineers,Principal,Full-Time,Temporary,Zone A,MA,Male,Other,55+,4,1-2 years,1,1.774,Fully Meets,3,2021-10-27,,Employed,Active,Agrees with dates,,,No
1136,Production Technician I,M708,SVG,Production,Field Operations,Driver,Full-Time,Temporary,Zone A,MA,Male,Other,55+,4,Under 1 year,0,0.348,Fully Meets,3,2023-04-01,,Employed,Active,Agrees with dates,,,No
1137,Production Technician I,M709,EW,Production,Field Operations,Laborer,Full-Time,Part-Time,Zone C,MA,Male,Black,55+,4,3-5 years,3,4.189,Fully Meets,3,2019-05-29,,Employed,Active,Agrees with dates,,,No
1138,Production Technician I,M710,MSC,Production,General - Eng,Coordinator,Full-Time,Temporary,Zone B,MA,Male,Black,35-44,2,3-5 years,3,3.001,Fully Meets,3,2019-07-12,2022-07-12,Left,Active,Contradicts dates,Involuntary,Involuntary,No
1139,Production Technician I,M711,TNS,Production,Splicing,Technician,Contract,Temporary,Zone A,MA,Male,Hispanic,55+,4,3-5 years,3,3.535,Fully Meets,3,2018-08-10,2022-02-21,Left,Active,Contradicts dates,Involuntary,Involuntary,No
1140,Production Technician I,M712,PYZ,Production,Engineers,Engineer,Part-Time,Full-Time,Zone C,MA,Female,Black,25-34,1,1-2 years,1,1.851,Fully Meets,3,2021-09-29,,Employed,Active,Agrees with dates,,,No
1141,Production Technician I,M713,WBL,Production,Field Operations,Locator,Contract,Full-Time,Zone A,MA,Female,Black,55+,4,2-3 years,2,2.001,Fully Meets,3,2021-08-05,,Employed,Active,Agrees with dates,,,No
1142,Production Manager,M714,NEL,Production,Project Management - Con,Coordinator,Full-Time,Temporary,Zone B,MA,Female,Asian,25-34,1,Under 1 year,0,0.011,Fully Meets,3,2023-08-02,,Employed,Active,Agrees with dates,,,No
1143,Production Manager,M715,PL,Production,Field Operations,Lineman,Contract,Full-Time,Zone A,MA,Female,Hispanic,55+,4,2-3 years,2,2.902,Fully Meets,3,2018-09-02,2021-07-28,Left,Active,Contradicts dates,Resignation,Voluntary,No
1144,Production Manager,M716,BPC,Production,Wireline Construction,Project Manager,Part-Time,Part-Time,Zone B,MA,Female,Asian,55+,4,3-5 years,3,3.814,Fully Meets,3,2019-10-13,,Employed,Active,Agrees with dates,,,No
1145,Production Technician II,M717,TNS,Production,Shop (Fleet),Shop,Contract,Full-Time,Zone B,MA,Male,Hispanic,55+,4,2-3 years,2,2.864,Fully Meets,3,2020-09-24,,Employed,Active,Agrees with dates,,,No
1146,Production Technician II,M718,SVG,Production,Field Operations,Groundman,Contract,Part-Time,Zone C,MA,Male,Hispanic,55+,4,Under 1 year,0,0.0,Fully Meets,3,2023-08-06,,Employed,Active,Agrees with dates,,,No
1147,Production Technician II,M719,PYZ,Production,General - Con,Lineman,Full-Time,Full-Time,Zone B,MA,Female,Black,55+,4,2-3 years,2,2.716,Fully Meets,3,2019-06-11,2022-02-27,Left,Voluntarily Terminated,Agrees with dates,Involuntary,Involuntary,No
1148,Production Technician II,M720,PL,Production,Wireline Construction,Project Manager,Part-Time,Temporary,Zone A,MA,Female,Black,55+,4,3-5 years,3,4.474,Fully Meets,3,2019-02-14,,Employed,Active,Agrees with dates,,,No
1149,Production Technician II,M721,NEL,Production,Field Operations,Locator,Part-Time,Temporary,Zone C,MA,Female,Asian,55+,4,1-2 years,1,1.388,Fully Meets,3,2022-03-17,,Employed,Active,Agrees with dates,,,No
1150,Production Technician I,M722,MSC,Production,Aerial,Lineman,Part-Time,Full-Time,Zone A,MA,Female,White,35-44,2,3-5 years,3,3.001,Fully Meets,3,2020-08-05,,Employed,Active,Agrees with dates,,,No
1151,Production Technician I,M723,EW,Production,Field Operations,Laborer,Part-Time,Part-Time,Zone A,MA,Male,Asian,45-54,3,Under 1 year,0,0.953,Fully Meets,3,2022-08-23,,Employed,Active,Agrees with dates,,,No
1152,Production Technician I,M724,CCDR,Production,Engineers,Engineer,Full-Time,Full-Time,Zone A,MA,Female,Other,55+,4,Under 1 year,0,0.564,Fully Meets,3,2023-01-12,,Employed,Active,Agrees with dates,,,No
1153,Production Technician I,M725,EW,Production,Field Operations,Laborer,Part-Time,Temporary,Zone A,MA,Female,Asian,55+,4,1-2 years,1,1.407,Fully Meets,3,2020-04-14,2021-09-10,Left,Voluntarily Terminated,Agrees with dates,Resignation,Voluntary,No
1154,Production Technician I,M726,MSC,Production,Field Operations,Laborer,Full-Time,Part-Time,Zone C,MA,Female,White,35-44,2,1-2 years,1,1.358,Fully Meets,3,2021-09-27,2023-02-05,Left,Voluntarily Terminated,Agrees with dates,Retirement,Retirement,No
1155,Production Technician I,M727,NEL,Production,Finance & Accounting,Clerk,Contract,Temporary,Zone A,MA,Female,Other,55+,4,1-2 years,1,1.317,Fully Meets,3,2018-11-17,2020-03-12,Left,Voluntarily Terminated,Agrees with dates,Resignation,Voluntary,No
1156,Production Technician I,M728,PL,Production,Billable Consultants,Project Manager,Contract,Full-Time,Zone A,MA,Male,Hispanic,35-44,2,3-5 years,3,3.606,Fully Meets,3,2019-07-22,2023-02-28,Left,Voluntarily Terminated,Agrees with dates,Voluntary,Voluntary,No
1157,Production Technician I,M729,PYZ,Production,Wireline Construction,Manager,Part-Time,Temporary,Zone A,MA,Male,Hispanic,25-34,1,3-5 years,3,4.485,Fully Meets,3,2019-02-10,,Employed,Active,Agrees with dates,,,No
1158,Production Technician I,M730,SVG,Production,Field Operations,Technician,Full-Time,Full-Time,Zone A,MA,Male,Asian,55+,4,1-2 years,1,1.656,Fully Meets,3,2018-11-22,2020-07-19,Left,Voluntarily Terminated,Agrees with dates,Resignation,Voluntary,No
1159,Production Technician I,M731,TNS,Production,Splicing,Splicer,Part-Time,Temporary,Zone A,MA,Male,Other,35-44,2,Under 1 year,0,0.287,Fully Meets,3,2023-04-23,,Employed,Active,Agrees with dates,,,No
1160,Production Technician I,M732,WBL,Production,General - Con,Flagger,Part-Time,Full-Time,Zone B,MA,Female,Asian,45-54,3,Under 1 year,0,0.405,Fully Meets,3,2022-12-26,2023-05-23,Left,Active,Contradicts dates,Retirement,Retirement,Yes
1161,Production Technician I,M733,PYZ,Production,Yard (Material Handling),Runner,Contract,Part-Time,Zone B,MA,Female,Other,55+,4,3-5 years,3,3.143,Fully Meets,3,2020-06-14,,Employed,Active,Agrees with dates,,,No
1162,Production Technician I,M734,WBL,Production,General - Con,Laborer,Full-Time,Temporary,Zone C,MA,Female,Asian,35-44,2,1-2 years,1,1.142,Fully Meets,3,2022-03-29,2023-05-20,Left,Active,Contradicts dates,Resignation,Voluntary,No
1163,Production Manager,M735,NEL,Production,Project Management - Con,Manager,Contract,Part-Time,Zone A,MA,Female,White,25-34,1,Under 1 year,0,0.632,Fully Meets,3,2022-12-18,,Employed,Active,Agrees with dates,,,No
1164,Production Manager,M736,PL,Production,General - Sga,Project Coordinator,Part-Time,Part-Time,Zone A,MA,Female,Other,55+,4,3-5 years,3,4.378,Fully Meets,3,2019-03-21,,Employed,Active,Agrees with dates,,,No
1165,Production Manager,M737,BPC,Production,Field Operations,Laborer,Full-Time,Full-Time,Zone C,MA,Female,Other,Under 25,0,2-3 years,2,2.489,Fully Meets,3,2021-02-08,,Employed,Active,Agrees with dates,,,No
1166,Production Technician II,M738,WBL,Production,Field Operations,Foreman,Full-Time,Temporary,Zone A,MA,Male,Other,55+,4,1-2 years,1,1.166,Fully Meets,3,2022-06-06,,Employed,Active,Agrees with dates,,,No
1167,Production Technician II,M739,NEL,Production,Field Operations,Laborer,Contract,Full-Time,Zone B,MA,Female,Other,55+,4,1-2 years,1,1.76,Fully Meets,3,2021-11-01,,Employed,Active,Agrees with dates,,,No
1168,Production Technician II,M740,PL,Production,Field Operations,Assistant,Contract,Full-Time,Zone A,MA,Female,White,55+,4,Under 1 year,0,0.545,Fully Meets,3,2023-01-19,,Employed,Active,Agrees with dates,,,No
1169,Production Technician II,M741,BPC,Production,Field Operations,Operator,Contract,Part-Time,Zone B,MA,Female,Asian,55+,4,3-5 years,3,3.017,Fully Meets,3,2020-07-30,,Employed,Active,Agrees with dates,,,No
1170,Production Technician II,M742,CCDR,Production,Underground,Laborer,Part-Time,Full-Time,Zone C,MA,Female,Black,55+,4,Under 1 year,0,0.057,Fully Meets,3,2023-07-16,,Employed,Active,Agrees with dates,,,No
1171,Production Technician I,M743,SVG,Production,Field Operations,Laborer,Part-Time,Part-Time,Zone A,MA,Female,Hispanic,55+,4,1-2 years,1,1.139,Fully Meets,3,2022-06-16,,Employed,Active,Agrees with dates,,,No
1172,Production Technician I,M744,EW,Production,Engineers,Engineer,Full-Time,Full-Time,Zone C,MA,Male,Asian,55+,4,Under 1 year,0,0.953,Fully Meets,3,2021-06-13,2022-05-27,Left,Voluntarily Terminated,Agrees with dates,Voluntary,Voluntary,Yes
1173,Production Technician I,M745,BPC,Production,Isp,Manager,Full-Time,Full-Time,Zone C,MA,Female,White,55+,4,Under 1 year,0,0.964,Fully Meets,3,2020-11-14,2021-11-01,Left,Voluntarily Terminated,Agrees with dates,Resignation,Voluntary,Yes
1174,Production Technician I,M746,CCDR,Production,Field Operations,Construction Manager,Full-Time,Temporary,Zone C,MA,Female,Other,45-54,3,2-3 years,2,2.738,Fully Meets,3,2020-06-16,2023-03-13,Left,Voluntarily Terminated,Agrees with dates,Resignation,Voluntary,No
1175,Production Technician I,M747,EW,Production,Catv,Laborer,Full-Time,Part-Time,Zone A,MA,Female,Asian,25-34,1,2-3 years,2,2.012,Fully Meets,3,2018-12-20,2020-12-24,Left,Voluntarily Terminated,Agrees with dates,Voluntary,Voluntary,No
1176,Production Technician I,M748,MSC,Production,Engineers,Project Manager,Contract,Part-Time,Zone A,MA,Female,White,55+,4,Under 1 year,0,0.769,Fully Meets,3,2022-10-29,,Employed,Active,Agrees with dates,,,No
1177,Production Technician I,M749,NEL,Production,Aerial,Lineman,Contract,Temporary,Zone A,MA,Female,Other,55+,4,3-5 years,3,3.044,Fully Meets,3,2020-07-20,,Employed,Active,Agrees with dates,,,No
1178,Production Technician I,M750,PL,Production,Field Operations,Laborer,Contract,Part-Time,Zone C,MA,Male,Other,55+,4,Under 1 year,0,0.211,Fully Meets,3,2021-10-03,2021-12-19,Left,Voluntarily Terminated,Agrees with dates,Involuntary,Involuntary,Yes
1179,Production Technician I,M751,PYZ,Production,Aerial,Supervisor,Part-Time,Full-Time,Zone A,MA,Male,Black,25-34,1,1-2 years,1,1.057,Fully Meets,3,2022-07-16,,Employed,Active,Agrees with dates,,,No
1180,Production Technician I,M752,SVG,Production,Underground,Laborer,Full-Time,Full-Time,Zone B,MA,Male,Hispanic,55+,4,3-5 years,3,3.099,Fully Meets,3,2020-06-30,,Employed,Active,Agrees with dates,,,No
1181,Production Technician I,M753,TNS,Production,Wireline Construction,Laborer,Full-Time,Part-Time,Zone C,MA,Male,Other,25-34,1,2-3 years,2,2.146,Fully Meets,3,2021-06-13,,Employed,Active,Agrees with dates,,,No
1182,Production Technician I,M754,WBL,Production,Splicing,Splicer,Full-Time,Temporary,Zone C,MA,Female,Black,45-54,3,1-2 years,1,1.818,Fully Meets,3,2020-12-29,2022-10-24,Left,Active,Contradicts dates,Voluntary,Voluntary,No
1183,Production Technician I,M755,BPC,Production,Catv,Technician,Part-Time,Full-Time,Zone A,MA,Female,Black,55+,4,1-2 years,1,1.503,Fully Meets,3,2022-02-03,,Employed,Active,Agrees with dates,,,No
1184,Production Technician I,M756,CCDR,Production,Wireline Construction,Foreman,Full-Time,Temporary,Zone B,MA,Female,Hispanic,55+,4,1-2 years,1,1.331,Fully Meets,3,2022-01-10,2023-05-11,Left,Active,Contradicts dates,Involuntary,Involuntary,No
1185,Production Manager,M757,EW,Production,Fielders,Engineer,Part-Time,Full-Time,Zone A,MA,Female,Other,45-54,3,3-5 years,3,4.646,Fully Meets,3,2018-12-13,,Employed,Active,Agrees with dates,,,No
1186,Production Manager,M758,MSC,Production,Splicing,Tester,Full-Time,Temporary,Zone A,MA,Female,Hispanic,35-44,2,2-3 years,2,2.426,Fully Meets,3,2021-03-03,,Employed,Active,Agrees with dates,,,No
1187,Production Manager,M759,NEL,Production,Aerial,Supervisor,Part-Time,Full-Time,Zone A,MA,Female,Black,25-34,1,2-3 years,2,2.089,Fully Meets,3,2021-07-04,,Employed,Active,Agrees with dates,,,No
1188,Production Technician II,M760,WBL,Production,General - Sga,Estimator,Contract,Part-Time,Zone B,MA,Male,Black,35-44,2,1-2 years,1,1.454,Fully Meets,3,2020-02-06,2021-07-21,Left,Voluntarily Terminated,Agrees with dates,Retirement,Retirement,No
1189,Production Technician II,M761,NEL,Production,General - Eng,Engineer,Contract,Full-Time,Zone C,MA,Female,Other,35-44,2,2-3 years,2,2.034,Fully Meets,3,2020-06-28,2022-07-11,Left,Voluntarily Terminated,Agrees with dates,Involuntary,Involuntary,No
1190,Production Technician II,M762,PL,Production,Project Management - Eng,Project Manager,Contract,Full-Time,Zone B,MA,Female,Hispanic,25-34,1,Under 1 year,0,0.912,Fully Meets,3,2020-12-22,2021-11-20,Left,Voluntarily Terminated,Agrees with dates,Resignation,Voluntary,Yes
1191,Production Technician II,M763,BPC,Production,Wireline Construction,Billing,Full-Time,Full-Time,Zone B,MA,Female,Black,45-54,3,3-5 years,3,3.699,Fully Meets,3,2019-11-24,,Employed,Active,Agrees with dates,,,No
1192,Production Technician II,M764,CCDR,Production,General - Con,Technician,Full-Time,Full-Time,Zone C,MA,Female,White,25-34,1,Under 1 year,0,0.868,Fully Meets,3,2022-09-23,,Employed,Active,Agrees with dates,,,No
1193,Production Technician I,M765,SVG,Production,Aerial,Foreman,Full-Time,Temporary,Zone B,MA,Female,Black,55+,4,1-2 years,1,1.963,Fully Meets,3,2020-02-06,2022-01-23,Left,Voluntarily Terminated,Agrees with dates,Involuntary,Involuntary,No
1194,Production Technician I,M766,EW,Production,Field Operations,Foreman,Full-Time,Temporary,Zone C,MA,Male,Asian,55+,4,2-3 years,2,2.56,Fully Meets,3,2019-01-14,2021-08-06,Left,Voluntarily Terminated,Agrees with dates,Resignation,Voluntary,No
1195,Production Technician I,M767,TNS,Production,Wireline Construction,Foreman,Part-Time,Part-Time,Zone C,MA,Female,Hispanic,55+,4,2-3 years,2,2.888,Fully Meets,3,2019-06-25,2022-05-15,Left,Leave of Absence,Contradicts dates,Retirement,Retirement,No
1196,Production Technician I,M768,PYZ,Production,General - Eng,Administrator,Part-Time,Temporary,Zone C,MA,Female,Other,35-44,2,3-5 years,3,4.411,Fully Meets,3,2019-03-09,,Employed,Active,Agrees with dates,,,No
1197,Production Technician I,M769,WBL,Production,Safety,Administrative,Full-Time,Part-Time,Zone B,MA,Female,Hispanic,55+,4,3-5 years,3,3.146,Fully Meets,3,2020-06-13,,Employed,Active,Agrees with dates,,,No
1198,Production Technician I,M770,NEL,Production,Field Operations,Laborer,Contract,Part-Time,Zone B,MA,Female,Asian,55+,4,3-5 years,3,4.537,Fully Meets,3,2019-01-22,,Employed,Active,Agrees with dates,,,No
1199,Production Technician I,M771,PL,Production,Field Operations,Laborer,Full-Time,Part-Time,Zone B,MA,Female,White,55+,4,2-3 years,2,2.648,Fully Meets,3,2020-12-12,,Employed,Active,Agrees with dates,,,No
1200,Production Technician I,M772,BPC,Production,General - Con,Laborer,Part-Time,Full-Time,Zone A,MA,Female,Other,45-54,3,1-2 years,1,1.276,Fully Meets,3,2022-04-27,,Employed,Active,Agrees with dates,,,No
1201,Production Technician I,M773,CCDR,Production,General - Con,Flagger,Contract,Part-Time,Zone A,MA,Male,Other,55+,4,Under 1 year,0,0.46,Fully Meets,3,2022-04-11,2022-09-26,Left,Voluntarily Terminated,Agrees with dates,Voluntary,Voluntary,Yes
1202,Production Technician I,M774,SVG,Production,Wireline Construction,Model Assistant,Contract,Temporary,Zone B,MA,Male,White,35-44,2,Under 1 year,0,0.252,Fully Meets,3,2022-09-01,2022-12-02,Left,Voluntarily Terminated,Agrees with dates,Voluntary,Voluntary,Yes
1203,Production Technician I,M775,EW,Production,Engineers,Engineer,Contract,Part-Time,Zone A,MA,Male,White,35-44,2,3-5 years,3,4.909,Fully Meets,3,2018-09-08,,Employed,Active,Agrees with dates,,,No
1204,Production Technician I,M776,MSC,Production,General - Sga,Vp,Full-Time,Temporary,Zone B,MA,Male,White,55+,4,Under 1 year,0,0.695,Fully Meets,3,2022-11-24,2023-08-05,Left,Active,Contradicts dates,Voluntary,Voluntary,Yes
1205,Production Technician I,M777,TNS,Production,Yard (Material Handling),Shop,Full-Time,Part-Time,Zone C,MA,Female,Hispanic,55+,4,3-5 years,3,3.036,Fully Meets,3,2020-07-23,,Employed,Active,Agrees with dates,,,No
1206,Production Technician I,M778,PYZ,Production,Engineers,Drafter,Part-Time,Part-Time,Zone C,MA,Female,White,55+,4,3-5 years,3,4.378,Fully Meets,3,2018-12-28,2023-05-15,Left,Active,Contradicts dates,Voluntary,Voluntary,No
1207,Production Technician I,M779,WBL,Production,Wireline Construction,Laborer,Contract,Full-Time,Zone B,MA,Female,White,55+,4,3-5 years,3,3.847,Fully Meets,3,2019-10-01,,Employed,Active,Agrees with dates,,,No
1208,Production Manager,M780,NEL,Production,Wireline Construction,Laborer,Contract,Part-Time,Zone A,MA,Female,Black,35-44,2,Under 1 year,0,0.189,Fully Meets,3,2019-08-17,2019-10-25,Left,Active,Contradicts dates,Retirement,Retirement,Yes
1209,Production Manager,M781,PL,Production,Wireline Construction,Foreman,Part-Time,Part-Time,Zone A,MA,Female,Other,Under 25,0,Under 1 year,0,0.183,Fully Meets,3,2023-05-31,,Employed,Active,Agrees with dates,,,No
1210,Production Manager,M782,BPC,Production,Field Operations,Top Hand,Full-Time,Part-Time,Zone B,MA,Female,Asian,55+,4,2-3 years,2,2.502,Fully Meets,3,2020-12-08,2023-06-10,Left,Active,Contradicts dates,Involuntary,Involuntary,No
1211,Production Technician II,M783,CCDR,Production,Field Operations,Splicer,Part-Time,Part-Time,Zone B,MA,Male,Other,35-44,2,3-5 years,3,4.378,Fully Meets,3,2018-11-05,2023-03-23,Left,Voluntarily Terminated,Agrees with dates,Voluntary,Voluntary,No
1212,Production Technician II,M784,EW,Production,Engineers,Project Manager,Contract,Full-Time,Zone C,MA,Female,Hispanic,35-44,2,2-3 years,2,2.606,Fully Meets,3,2020-08-26,2023-04-05,Left,Voluntarily Terminated,Agrees with dates,Voluntary,Voluntary,No
1213,Production Technician II,M785,MSC,Production,Project Management - Con,Coordinator,Part-Time,Part-Time,Zone A,MA,Female,White,35-44,2,3-5 years,3,3.45,Fully Meets,3,2020-02-23,,Employed,Active,Agrees with dates,,,No
1214,Production Technician II,M786,NEL,Production,Splicing,Splicer,Full-Time,Full-Time,Zone B,MA,Female,Asian,55+,4,1-2 years,1,1.478,Fully Meets,3,2022-02-12,,Employed,Active,Agrees with dates,,,No
1215,Production Technician II,M787,PL,Production,Aerial,Laborer,Contract,Temporary,Zone C,MA,Female,Asian,35-44,2,3-5 years,3,3.477,Fully Meets,3,2020-02-13,,Employed,Active,Agrees with dates,,,No
1216,Production Technician I,M788,PYZ,Production,General - Con,Technician,Part-Time,Part-Time,Zone B,MA,Female,Black,35-44,2,Under 1 year,0,0.06,Fully Meets,3,2023-02-15,2023-03-09,Left,Voluntarily Terminated,Agrees with dates,Voluntary,Voluntary,Yes
1217,Production Technician I,M789,SVG,Production,Wireline Construction,Vp,Full-Time,Part-Time,Zone B,MA,Male,Asian,55+,4,1-2 years,1,1.744,Fully Meets,3,2019-12-03,2021-08-31,Left,Voluntarily Terminated,Agrees with dates,Voluntary,Voluntary,No
1218,Production Technician I,M790,WBL,Production,General - Con,Locator,Full-Time,Temporary,Zone B,MA,Female,Black,45-54,3,3-5 years,3,4.597,Fully Meets,3,2018-12-31,,Employed,Active,Agrees with dates,,,No
1219,Production Technician I,M791,BPC,Production,Engineers,Engineer,Part-Time,Part-Time,Zone B,MA,Female,Hispanic,45-54,3,1-2 years,1,1.068,Fully Meets,3,2020-01-16,2021-02-09,Left,Voluntarily Terminated,Agrees with dates,Voluntary,Voluntary,No
1220,Production Technician I,M792,CCDR,Production,Executive,Vp,Full-Time,Temporary,Zone C,MA,Female,Asian,55+,4,1-2 years,1,1.221,Fully Meets,3,2018-11-20,2020-02-09,Left,Voluntarily Terminated,Agrees with dates,Voluntary,Voluntary,No
1221,Production Technician I,M793,EW,Production,Yard (Material Handling),Coordinator,Part-Time,Part-Time,Zone A,MA,Female,Asian,55+,4,Under 1 year,0,0.641,Fully Meets,3,2022-11-11,2023-07-03,Left,Voluntarily Terminated,Agrees with dates,Involuntary,Involuntary,Yes
1222,Production Technician I,M794,MSC,Production,People Services,Recruiting,Contract,Part-Time,Zone A,MA,Female,Asian,55+,4,Under 1 year,0,0.594,Fully Meets,3,2020-12-18,2021-07-23,Left,Voluntarily Terminated,Agrees with dates,Involuntary,Involuntary,Yes
1223,Production Technician I,M795,NEL,Production,Engineers,Engineer,Full-Time,Temporary,Zone C,MA,Female,Asian,25-34,1,2-3 years,2,2.524,Fully Meets,3,2021-01-26,,Employed,Active,Agrees with dates,,,No
1224,Production Technician I,M796,PL,Production,Wireline Construction,Administrative,Part-Time,Part-Time,Zone B,MA,Male,Hispanic,55+,4,Under 1 year,0,0.49,Fully Meets,3,2021-11-26,2022-05-24,Left,Voluntarily Terminated,Agrees with dates,Retirement,Retirement,Yes
1225,Production Technician I,M797,PYZ,Production,Finance & Accounting,Accounting,Contract,Part-Time,Zone C,MA,Male,Asian,55+,4,Under 1 year,0,0.227,Fully Meets,3,2023-05-15,,Employed,Active,Agrees with dates,,,No
1226,Production Technician I,M798,SVG,Production,Field Operations,Driller,Full-Time,Full-Time,Zone A,MA,Male,Other,55+,4,Under 1 year,0,0.129,Fully Meets,3,2023-06-20,,Employed,Active,Agrees with dates,,,No
1227,Production Technician I,M799,TNS,Production,Billable Consultants,Engineer,Part-Time,Part-Time,Zone C,MA,Female,Other,35-44,2,2-3 years,2,2.79,Fully Meets,3,2019-08-22,2022-06-06,Left,Active,Contradicts dates,Voluntary,Voluntary,No
1228,Production Technician I,M800,WBL,Production,Fielders,Engineer,Contract,Full-Time,Zone B,MA,Female,Other,25-34,1,1-2 years,1,1.933,Fully Meets,3,2021-08-30,,Employed,Active,Agrees with dates,,,No
1229,Production Technician I,M801,BPC,Production,Field Operations,Technician,Part-Time,Part-Time,Zone B,MA,Female,Black,55+,4,3-5 years,3,3.524,Fully Meets,3,2020-01-27,,Employed,Active,Agrees with dates,,,No
1230,Production Technician I,M802,CCDR,Production,Wireline Construction,Groundman,Contract,Temporary,Zone C,MA,Female,Hispanic,45-54,3,1-2 years,1,1.424,Fully Meets,3,2022-03-04,,Employed,Active,Agrees with dates,,,No
1231,Production Manager,M803,EW,Production,Wireless,Laborer,Contract,Temporary,Zone B,MA,Female,Black,25-34,1,3-5 years,3,3.414,Fully Meets,3,2020-03-07,,Employed,Active,Agrees with dates,,,No
1232,Production Manager,M804,MSC,Production,People Services,Support,Full-Time,Full-Time,Zone B,MA,Female,Other,55+,4,3-5 years,3,3.381,Fully Meets,3,2020-03-19,,Employed,Active,Agrees with dates,,,No
1233,Production Technician II,M805,WBL,Production,Wireline Construction,Project Manager,Full-Time,Part-Time,Zone A,MA,Male,Other,25-34,1,1-2 years,1,1.038,Fully Meets,3,2022-07-23,,Employed,Active,Agrees with dates,,,No
1234,Production Technician II,M806,NEL,Production,Sales & Marketing,Director,Full-Time,Temporary,Zone A,MA,Female,Black,55+,4,1-2 years,1,1.96,Fully Meets,3,2019-10-18,2021-10-03,Left,Voluntarily Terminated,Agrees with dates,Involuntary,Involuntary,No
1235,Production Technician II,M807,PL,Production,General - Con,Administrative,Full-Time,Full-Time,Zone B,MA,Female,Other,25-34,1,3-5 years,3,3.31,Fully Meets,3,2020-04-14,,Employed,Active,Agrees with dates,,,No
1236,Production Technician II,M808,BPC,Production,Field Operations,Laborer,Part-Time,Full-Time,Zone B,MA,Female,White,55+,4,Under 1 year,0,0.663,Fully Meets,3,2018-11-25,2019-07-25,Left,Voluntarily Terminated,Agrees with dates,Retirement,Retirement,Yes
1237,Production Technician II,M809,CCDR,Production,Yard (Material Handling),Engineer,Part-Time,Part-Time,Zone A,MA,Female,Black,45-54,3,1-2 years,1,1.426,Fully Meets,3,2021-03-23,2022-08-26,Left,Voluntarily Terminated,Agrees with dates,Resignation,Voluntary,No
1238,Production Technician I,M810,SVG,Production,Engineers,Engineer,Part-Time,Part-Time,Zone B,MA,Female,Other,45-54,3,1-2 years,1,1.032,Fully Meets,3,2020-10-27,2021-11-08,Left,Voluntarily Terminated,Agrees with dates,Voluntary,Voluntary,No
1239,Production Technician I,M811,TNS,Production,Splicing,Technician,Part-Time,Temporary,Zone C,MA,Female,Hispanic,Under 25,0,1-2 years,1,1.049,Fully Meets,3,2022-06-11,2023-06-29,Left,Voluntarily Terminated,Agrees with dates,Voluntary,Voluntary,No
1240,Production Technician I,M812,PYZ,Production,Isp,Project Manager,Contract,Temporary,Zone B,MA,Female,Asian,35-44,2,3-5 years,3,3.381,Fully Meets,3,2020-03-19,,Employed,Active,Agrees with dates,,,No
1241,Production Technician I,M813,WBL,Production,Field Operations,Laborer,Contract,Full-Time,Zone B,MA,Female,Black,25-34,1,3-5 years,3,3.083,Fully Meets,3,2019-11-07,2022-12-07,Left,Voluntarily Terminated,Agrees with dates,Retirement,Retirement,No
1242,Production Technician I,M814,NEL,Production,Wireline Construction,Foreman,Full-Time,Part-Time,Zone C,MA,Female,White,55+,4,Under 1 year,0,0.285,Fully Meets,3,2023-04-24,,Employed,Active,Agrees with dates,,,No
1243,Production Technician I,M815,PL,Production,General - Con,Manager,Contract,Temporary,Zone A,MA,Female,White,35-44,2,3-5 years,3,3.17,Fully Meets,3,2020-06-04,,Employed,Active,Agrees with dates,,,No
1244,Production Technician I,M816,BPC,Production,Isp,Technician,Part-Time,Full-Time,Zone A,MA,Male,Asian,55+,4,1-2 years,1,1.205,Fully Meets,3,2022-05-23,,Employed,Active,Agrees with dates,,,No
1245,Production Technician I,M817,CCDR,Production,Engineers,Technician,Full-Time,Temporary,Zone B,MA,Male,White,55+,4,3-5 years,3,4.222,Fully Meets,3,2019-05-17,,Employed,Active,Agrees with dates,,,No
1246,Production Technician I,M818,SVG,Production,Field Operations,Ceo,Part-Time,Temporary,Zone B,MA,Male,Black,55+,4,2-3 years,2,2.574,Fully Meets,3,2018-09-28,2021-04-25,Left,Voluntarily Terminated,Agrees with dates,Resignation,Voluntary,No
1247,Production Technician I,M819,EW,Production,Wireless,Foreman,Part-Time,Part-Time,Zone C,MA,Female,Other,45-54,3,3-5 years,3,4.424,Fully Meets,3,2019-03-04,,Employed,Active,Agrees with dates,,,No
1248,Production Technician I,M820,MSC,Production,Underground,Operator,Part-Time,Full-Time,Zone B,MA,Female,White,25-34,1,Under 1 year,0,0.676,Fully Meets,3,2021-03-29,2021-12-01,Left,Active,Contradicts dates,Resignation,Voluntary,Yes
1249,Production Technician I,M821,TNS,Production,Field Operations,Driver,Full-Time,Part-Time,Zone A,MA,Female,Asian,25-34,1,Under 1 year,0,0.608,Fully Meets,3,2019-07-07,2020-02-14,Left,Active,Contradicts dates,Retirement,Retirement,Yes
1250,Production Technician I,M822,BPC,Production,General - Sga,Lineman,Contract,Full-Time,Zone B,MA,Female,Black,25-34,1,3-5 years,3,4.914,Fully Meets,3,2018-09-06,,Employed,Active,Agrees with dates,,,No
1251,Production Technician I,M823,CCDR,Production,Splicing,Laborer,Part-Time,Part-Time,Zone A,MA,Female,Asian,55+,4,3-5 years,3,4.862,Fully Meets,3,2018-09-25,,Employed,Active,Agrees with dates,,,No
1252,Production Manager,M824,EW,Production,Project Management - Con,Technician,Part-Time,Temporary,Zone A,MA,Female,Asian,35-44,2,Under 1 year,0,0.123,Fully Meets,3,2022-03-11,2022-04-25,Left,Active,Contradicts dates,Voluntary,Voluntary,Yes
1253,Production Manager,M825,MSC,Production,Project Management - Con,Engineer,Part-Time,Part-Time,Zone A,MA,Female,Asian,45-54,3,1-2 years,1,1.232,Fully Meets,3,2020-07-13,2021-10-06,Left,Active,Contradicts dates,Retirement,Retirement,No
1254,Production Technician II,M826,WBL,Production,General - Con,Groundman,Contract,Full-Time,Zone B,MA,Female,White,55+,4,3-5 years,3,3.121,Fully Meets,3,2020-06-22,,Employed,Active,Agrees with dates,,,No
1255,Production Technician II,M827,NEL,Production,General - Con,Laborer,Full-Time,Temporary,Zone A,MA,Female,Black,35-44,2,1-2 years,1,1.421,Fully Meets,3,2019-09-30,2021-03-02,Left,Voluntarily Terminated,Agrees with dates,Resignation,Voluntary,No
1256,Production Technician II,M828,PL,Production,Wireline Construction,Laborer,Contract,Temporary,Zone A,MA,Female,White,25-34,1,3-5 years,3,3.576,Fully Meets,3,2020-01-08,,Employed,Active,Agrees with dates,,,No
1257,Production Technician II,M829,BPC,Production,Engineers,Engineer,Full-Time,Temporary,Zone B,MA,Female,Asian,35-44,2,1-2 years,1,1.804,Fully Meets,3,2021-10-16,,Employed,Active,Agrees with dates,,,No
1258,Production Technician II,M830,CCDR,Production,Aerial,Foreman,Full-Time,Temporary,Zone C,MA,Female,Other,45-54,3,1-2 years,1,1.103,Fully Meets,3,2022-06-29,,Employed,Active,Agrees with dates,,,No
1259,Production Technician I,M831,SVG,Production,General - Con,Laborer,Full-Time,Temporary,Zone A,MA,Male,White,55+,4,Under 1 year,0,0.98,Fully Meets,3,2022-05-01,2023-04-24,Left,Voluntarily Terminated,Agrees with dates,Retirement,Retirement,Yes
1260,Production Technician I,M832,TNS,Production,Project Management - Con,Manager,Full-Time,Part-Time,Zone B,MA,Female,Asian,55+,4,3-5 years,3,4.972,Fully Meets,3,2018-08-16,,Employed,Active,Agrees with dates,,,No
1261,Production Technician I,M833,PYZ,Production,Field Operations,Laborer,Part-Time,Temporary,Zone C,MA,Female,Hispanic,55+,4,3-5 years,3,3.608,Fully Meets,3,2019-12-27,,Employed,Active,Agrees with dates,,,No
1262,Production Technician I,M834,WBL,Production,Engineers,Engineer,Part-Time,Full-Time,Zone A,MA,Female,Hispanic,45-54,3,1-2 years,1,1.739,Fully Meets,3,2021-07-01,2023-03-28,Left,Voluntarily Terminated,Agrees with dates,Retirement,Retirement,No
1263,Production Technician I,M835,NEL,Production,Shop (Fleet),Foreman,Full-Time,Full-Time,Zone B,MA,Female,Hispanic,55+,4,Under 1 year,0,0.794,Fully Meets,3,2022-10-20,,Employed,Active,Agrees with dates,,,No
1264,Production Technician I,M836,PL,Production,Field Operations,Director,Full-Time,Full-Time,Zone C,MA,Female,Hispanic,Under 25,0,3-5 years,3,4.471,Fully Meets,3,2019-02-15,,Employed,Active,Agrees with dates,,,No
1265,Production Technician I,M837,BPC,Production,Field Operations,Laborer,Part-Time,Full-Time,Zone C,MA,Male,Black,45-54,3,Under 1 year,0,0.517,Fully Meets,3,2022-01-17,2022-07-25,Left,Voluntarily Terminated,Agrees with dates,Retirement,Retirement,Yes
1266,Production Technician I,M838,CCDR,Production,Project Management - Con,Manager,Full-Time,Full-Time,Zone A,MA,Male,Hispanic,45-54,3,Under 1 year,0,0.627,Fully Meets,3,2021-11-14,2022-07-01,Left,Voluntarily Terminated,Agrees with dates,Involuntary,Involuntary,Yes
1267,Production Technician I,M839,SVG,Production,General - Con,Lineman,Part-Time,Full-Time,Zone C,MA,Female,White,45-54,3,Under 1 year,0,0.104,Fully Meets,3,2020-11-14,2020-12-22,Left,Active,Contradicts dates,Voluntary,Voluntary,Yes
1268,Production Technician I,M840,EW,Production,General - Con,Technician,Part-Time,Part-Time,Zone A,MA,Female,Other,55+,4,Under 1 year,0,0.444,Fully Meets,3,2023-02-25,,Employed,Active,Agrees with dates,,,No
1269,Production Technician I,M841,MSC,Production,Yard (Material Handling),Laborer,Contract,Full-Time,Zone A,MA,Female,Black,55+,4,Under 1 year,0,0.953,Fully Meets,3,2022-08-23,,Employed,Active,Agrees with dates,,,No
1270,Production Technician I,M842,TNS,Production,Field Operations,Laborer,Part-Time,Full-Time,Zone C,MA,Female,Hispanic,55+,4,Under 1 year,0,0.668,Fully Meets,3,2019-05-01,2019-12-31,Left,Active,Contradicts dates,Voluntary,Voluntary,Yes
1271,Production Technician I,M843,PYZ,Production,General - Sga,Foreman,Full-Time,Part-Time,Zone A,MA,Female,Asian,55+,4,3-5 years,3,3.277,Fully Meets,3,2020-04-26,,Employed,Active,Agrees with dates,,,No
1272,Production Technician I,M844,WBL,Production,General - Eng,Coordinator,Full-Time,Temporary,Zone C,MA,Female,Black,45-54,3,1-2 years,1,1.429,Fully Meets,3,2021-02-08,2022-07-15,Left,Active,Contradicts dates,Involuntary,Involuntary,No
1273,Production Manager,M845,NEL,Production,General - Sga,Manager,Contract,Part-Time,Zone A,MA,Female,Asian,55+,4,Under 1 year,0,0.244,Fully Meets,3,2020-10-29,2021-01-26,Left,Active,Contradicts dates,Retirement,Retirement,Yes
1274,Production Manager,M846,PL,Production,Engineers,Engineer,Contract,Full-Time,Zone A,MA,Female,Black,45-54,3,Under 1 year,0,0.704,Fully Meets,3,2022-11-22,,Employed,Active,Agrees with dates,,,No
1275,Production Technician II,M847,CCDR,Production,Aerial,Splicer,Full-Time,Part-Time,Zone B,MA,Female,Other,35-44,2,Under 1 year,0,0.819,Fully Meets,3,2022-10-11,,Employed,Active,Agrees with dates,,,No
1276,Production Technician II,M848,EW,Production,General - Sga,Administrator,Full-Time,Full-Time,Zone A,MA,Female,White,45-54,3,3-5 years,3,3.606,Fully Meets,3,2019-12-28,,Employed,Active,Agrees with dates,,,No
1277,Production Technician II,M849,MSC,Production,Splicing,Technician,Full-Time,Part-Time,Zone C,MA,Female,Other,35-44,2,3-5 years,3,4.32,Fully Meets,3,2019-04-11,,Employed,Active,Agrees with dates,,,No
1278,Production Technician II,M850,NEL,Production,Field Operations,Laborer,Full-Time,Part-Time,Zone A,MA,Female,White,55+,4,2-3 years,2,2.776,Fully Meets,3,2020-10-26,,Employed,Active,Agrees with dates,,,No
1279,Production Technician II,M851,PL,Production,Field Operations,Technician,Part-Time,Full-Time,Zone B,MA,Female,White,25-34,1,1-2 years,1,1.552,Fully Meets,3,2021-07-09,2023-01-27,Left,Voluntarily Terminated,Agrees with dates,Resignation,Voluntary,No
1280,Production Technician I,M852,MSC,Production,General - Sga,Administrator,Full-Time,Temporary,Zone C,MA,Male,Black,55+,4,1-2 years,1,1.563,Fully Meets,3,2022-01-12,,Employed,Active,Agrees with dates,,,No
1281,Production Technician I,M853,TNS,Production,Finance & Accounting,Administrative,Part-Time,Part-Time,Zone A,MA,Female,White,45-54,3,Under 1 year,0,0.95,Fully Meets,3,2020-08-07,2021-07-20,Left,Voluntarily Terminated,Agrees with dates,Retirement,Retirement,Yes
1282,Production Technician I,M854,BPC,Production,Catv,Administrative,Part-Time,Temporary,Zone A,MA,Female,Black,35-44,2,1-2 years,1,1.61,Fully Meets,3,2021-04-10,2022-11-19,Left,Voluntarily Terminated,Agrees with dates,Involuntary,Involuntary,No
1283,Production Technician I,M855,CCDR,Production,General - Eng,Drafter,Full-Time,Full-Time,Zone C,MA,Female,Asian,Under 25,0,2-3 years,2,2.565,Fully Meets,3,2021-01-11,,Employed,Active,Agrees with dates,,,No
1284,Production Technician I,M856,EW,Production,General - Eng,Supervisor,Contract,Full-Time,Zone B,MA,Female,Other,35-44,2,3-5 years,3,3.661,Fully Meets,3,2019-12-08,,Employed,Active,Agrees with dates,,,No
1285,Production Technician I,M857,MSC,Production,General - Eng,Supervisor,Part-Time,Full-Time,Zone C,MA,Male,Hispanic,25-34,1,1-2 years,1,1.859,Fully Meets,3,2021-09-26,,Employed,Active,Agrees with dates,,,No
1286,Production Technician I,M858,NEL,Production,Field Operations,Driller,Full-Time,Temporary,Zone B,MA,Male,Asian,Under 25,0,Under 1 year,0,0.134,Fully Meets,3,2021-09-09,2021-10-28,Left,Voluntarily Terminated,Agrees with dates,Voluntary,Voluntary,Yes
1287,Production Technician I,M859,PL,Production,General - Con,Technician,Full-Time,Full-Time,Zone A,MA,Female,Black,55+,4,2-3 years,2,2.42,Fully Meets,3,2020-09-19,2023-02-20,Left,Voluntarily Terminated,Agrees with dates,Retirement,Retirement,No
1288,Production Technician I,M860,PYZ,Production,Aerial,Lineman,Full-Time,Part-Time,Zone C,MA,Female,Hispanic,25-34,1,Under 1 year,0,0.789,Fully Meets,3,2022-01-11,2022-10-26,Left,Active,Contradicts dates,Voluntary,Voluntary,Yes
1289,Production Technician I,M861,SVG,Production,General - Con,Clerk,Full-Time,Full-Time,Zone C,MA,Female,Other,55+,4,3-5 years,3,4.052,Fully Meets,3,2019-07-18,,Employed,Active,Agrees with dates,,,No
1290,Production Technician I,M862,TNS,Production,General - Sga,Administrator,Full-Time,Full-Time,Zone A,MA,Female,White,25-34,1,2-3 years,2,2.313,Fully Meets,3,2021-04-13,,Employed,Active,Agrees with dates,,,No
1291,Production Technician I,M863,WBL,Production,Engineers,Coordinator,Contract,Temporary,Zone B,MA,Female,Black,35-44,2,Under 1 year,0,0.11,Fully Meets,3,2023-06-17,2023-07-27,Left,Active,Contradicts dates,Voluntary,Voluntary,Yes
1292,Production Technician I,M864,BPC,Production,Engineers,Engineer,Full-Time,Part-Time,Zone A,MA,Female,White,55+,4,3-5 years,3,4.775,Fully Meets,3,2018-10-27,,Employed,Active,Agrees with dates,,,No
1293,Production Technician I,M865,CCDR,Production,Wireline Construction,Lineman,Contract,Full-Time,Zone B,MA,Female,Asian,25-34,1,1-2 years,1,1.908,Fully Meets,3,2021-06-01,2023-04-29,Left,Active,Contradicts dates,Voluntary,Voluntary,No
1294,Production Manager,M866,EW,Production,Wireline Construction,Laborer,Part-Time,Part-Time,Zone B,MA,Female,Hispanic,45-54,3,Under 1 year,0,0.082,Fully Meets,3,2023-04-07,2023-05-07,Left,Active,Contradicts dates,Voluntary,Voluntary,Yes
1295,Production Technician II,M867,PYZ,Production,General - Con,Groundman,Full-Time,Full-Time,Zone A,MA,Female,Other,45-54,3,2-3 years,2,2.146,Fully Meets,3,2021-06-13,,Employed,Active,Agrees with dates,,,No
1296,Production Technician II,M868,WBL,Production,Field Operations,Administrator,Full-Time,Part-Time,Zone B,MA,Female,Asian,35-44,2,1-2 years,1,1.503,Fully Meets,3,2019-03-13,2020-09-12,Left,Voluntarily Terminated,Agrees with dates,Involuntary,Involuntary,No
1297,Production Technician II,M869,NEL,Production,Isp,Technician,Part-Time,Temporary,Zone A,MA,Female,Other,45-54,3,2-3 years,2,2.379,Fully Meets,3,2019-05-24,2021-10-09,Left,Voluntarily Terminated,Agrees with dates,Resignation,Voluntary,No
1298,Production Technician II,M870,PL,Production,General - Con,Laborer,Part-Time,Temporary,Zone B,MA,Female,Black,35-44,2,Under 1 year,0,0.444,Fully Meets,3,2023-02-25,,Employed,Active,Agrees with dates,,,No
1299,Production Technician II,M871,BPC,Production,Aerial,Foreman,Contract,Full-Time,Zone B,MA,Female,Asian,55+,4,3-5 years,3,3.368,Fully Meets,3,2020-03-24,,Employed,Active,Agrees with dates,,,No
1300,Production Technician II,M872,CCDR,Production,Field Operations,Laborer,Contract,Temporary,Zone B,MA,Female,Black,55+,4,2-3 years,2,2.149,Fully Meets,3,2021-06-12,,Employed,Active,Agrees with dates,,,No
1301,Production Technician I,M873,MSC,Production,Field Operations,Driller,Part-Time,Temporary,Zone B,MA,Female,Asian,55+,4,3-5 years,3,3.003,Fully Meets,3,2019-03-22,2022-03-23,Left,Voluntarily Terminated,Agrees with dates,Retirement,Retirement,No
1302,Production Technician I,M874,TNS,Production,Field Operations,Laborer,Full-Time,Full-Time,Zone A,MA,Female,Other,Under 25,0,1-2 years,1,1.777,Fully Meets,3,2021-03-08,2022-12-17,Left,Voluntarily Terminated,Agrees with dates,Voluntary,Voluntary,No
1303,Production Technician I,M875,PYZ,Production,Finance & Accounting,Administration,Contract,Full-Time,Zone A,MA,Female,Hispanic,55+,4,3-5 years,3,3.225,Fully Meets,3,2020-05-15,,Employed,Active,Agrees with dates,,,No
1304,Production Technician I,M876,WBL,Production,Safety,Safety,Full-Time,Part-Time,Zone B,MA,Female,Asian,25-34,1,Under 1 year,0,0.531,Fully Meets,3,2023-01-24,,Employed,Active,Agrees with dates,,,No
1305,Production Technician I,M877,NEL,Production,Field Operations,Laborer,Full-Time,Temporary,Zone B,MA,Male,White,Under 25,0,1-2 years,1,1.979,Fully Meets,3,2021-01-06,2022-12-30,Left,Voluntarily Terminated,Agrees with dates,Resignation,Voluntary,No
1306,Production Technician I,M878,PL,Production,Project Management - Con,Coordinator,Part-Time,Part-Time,Zone B,MA,Male,Hispanic,25-34,1,2-3 years,2,2.305,Fully Meets,3,2021-04-16,,Employed,Active,Agrees with dates,,,No
1307,Production Technician I,M879,BPC,Production,Engineers,Director,Contract,Full-Time,Zone A,MA,Male,Black,35-44,2,Under 1 year,0,0.09,Fully Meets,3,2021-09-22,2021-10-25,Left,Voluntarily Terminated,Agrees with dates,Voluntary,Voluntary,Yes
1308,Production Technician I,M880,CCDR,Production,Project Management - Con,Supervisor,Full-Time,Full-Time,Zone C,MA,Female,Asian,35-44,2,Under 1 year,0,0.69,Fully Meets,3,2022-06-28,2023-03-07,Left,Active,Contradicts dates,Retirement,Retirement,Yes
1309,Production Technician I,M881,SVG,Production,Field Operations,Driller,Part-Time,Part-Time,Zone C,MA,Female,Other,35-44,2,2-3 years,2,2.968,Fully Meets,3,2020-08-17,,Employed,Active,Agrees with dates,,,No
1310,Production Technician I,M882,EW,Production,General - Con,Technician,Part-Time,Full-Time,Zone B,MA,Female,Asian,35-44,2,Under 1 year,0,0.298,Fully Meets,3,2023-04-03,2023-07-21,Left,Active,Contradicts dates,Voluntary,Voluntary,Yes
1311,Production Technician I,M883,MSC,Production,Engineers,Specialist,Full-Time,Part-Time,Zone C,MA,Male,Asian,35-44,2,Under 1 year,0,0.047,Fully Meets,3,2023-05-26,2023-06-12,Left,Active,Contradicts dates,Resignation,Voluntary,Yes
1312,Production Technician I,M884,TNS,Production,General - Eng,Technician,Full-Time,Full-Time,Zone B,MA,Female,Black,25-34,1,2-3 years,2,2.322,Fully Meets,3,2021-04-10,,Employed,Active,Agrees with dates,,,No
1313,Production Technician I,M885,PYZ,Production,Field Operations,Operator,Contract,Part-Time,Zone C,MA,Female,Hispanic,55+,4,Under 1 year,0,0.301,Fully Meets,3,2023-04-18,,Employed,Active,Agrees with dates,,,No
1314,Production Technician I,M886,WBL,Production,General - Con,Technician,Contract,Full-Time,Zone C,MA,Female,White,25-34,1,1-2 years,1,1.687,Fully Meets,3,2021-10-13,2023-06-21,Left,Active,Contradicts dates,Retirement,Retirement,No
1315,Sr. Accountant,M887,NEL,Admin Offices,Splicing,Tester,Part-Time,Temporary,Zone A,MA,Female,Asian,55+,4,2-3 years,2,2.82,Fully Meets,3,2020-10-10,,Employed,Active,Agrees with dates,,,No
1316,President & CEO,M888,CCDR,Executive Office,Aerial,Foreman,Part-Time,Full-Time,Zone A,MA,Female,Asian,55+,4,2-3 years,2,2.653,Fully Meets,3,2019-01-20,2021-09-15,Left,Active,Contradicts dates,Involuntary,Involuntary,No
1317,Sr. Accountant,M889,MSC,Admin Offices,Aerial,Lineman,Full-Time,Part-Time,Zone A,MA,Female,Black,55+,4,1-2 years,1,1.467,Fully Meets,3,2021-05-09,2022-10-27,Left,Active,Contradicts dates,Involuntary,Involuntary,No
1318,Administrative Assistant,M890,WBL,Admin Offices,Field Operations,Laborer,Contract,Temporary,Zone B,MA,Female,White,35-44,2,Under 1 year,0,0.016,Fully Meets,3,2023-07-29,2023-08-04,Left,Active,Contradicts dates,Retirement,Retirement,Yes
1319,Accountant I,M891,EW,Admin Offices,Finance & Accounting,Intern,Part-Time,Temporary,Zone C,MA,Male,Asian,55+,4,3-5 years,3,3.307,Fully Meets,3,2019-08-24,2022-12-14,Left,Active,Contradicts dates,Involuntary,Involuntary,No
1320,Administrative Assistant,M892,WBL,Admin Offices,Wireline Construction,Billing,Part-Time,Full-Time,Zone B,MA,Female,White,35-44,2,3-5 years,3,4.613,Fully Meets,3,2018-12-25,,Employed,Active,Agrees with dates,,,No
1321,Accountant I,M893,TNS,Admin Offices,Project Management - Con,Vp,Contract,Full-Time,Zone A,MA,Male,Black,55+,4,Under 1 year,0,0.244,Fully Meets,3,2021-05-27,2021-08-24,Left,Active,Contradicts dates,Involuntary,Involuntary,Yes
1322,Accountant I,M894,TNS,Admin Offices,Executive,Ceo,Full-Time,Full-Time,Zone B,MA,Female,Hispanic,35-44,2,Under 1 year,0,0.386,Fully Meets,3,2023-02-02,2023-06-23,Left,Active,Contradicts dates,Resignation,Voluntary,Yes
1323,Administrative Assistant,M895,PL,Admin Offices,Aerial,Foreman,Full-Time,Temporary,Zone B,MA,Female,Black,55+,4,Under 1 year,0,0.665,Fully Meets,3,2022-12-06,,Employed,Active,Agrees with dates,,,No
1324,Accountant I,M896,MSC,Admin Offices,General - Con,Helper,Part-Time,Part-Time,Zone A,MA,Female,Hispanic,35-44,2,2-3 years,2,2.037,Fully Meets,3,2021-07-23,,Employed,Active,Agrees with dates,,,No
1325,Accountant I,M897,TNS,Admin Offices,Engineers,Drafter,Contract,Temporary,Zone B,MA,Female,Black,35-44,2,3-5 years,3,3.721,Fully Meets,3,2019-11-16,,Employed,Active,Agrees with dates,,,No
1326,Sr. Network Engineer,M898,PYZ,Admin Offices,General - Eng,Billing,Full-Time,Temporary,Zone A,MA,Male,White,45-54,3,1-2 years,1,1.667,Fully Meets,3,2020-03-08,2021-11-07,Left,Active,Contradicts dates,Retirement,Retirement,No
1327,Sr. Network Engineer,M899,WBL,Admin Offices,Engineers,Engineer,Part-Time,Temporary,Zone B,MA,Male,White,55+,4,3-5 years,3,4.559,Fully Meets,3,2019-01-14,,Employed,Active,Agrees with dates,,,No
1328,Sr. Network Engineer,M900,NEL,IT/IS,Executive,Vp,Part-Time,Full-Time,Zone C,MA,Male,Asian,45-54,3,1-2 years,1,1.566,Fully Meets,3,2020-02-29,2021-09-23,Left,Active,Contradicts dates,Voluntary,Voluntary,No
1329,Software Engineer,M901,PL,Software Engineering,Field Operations,Laborer,Contract,Part-Time,Zone B,MA,Male,Black,55+,4,Under 1 year,0,0.378,Fully Meets,3,2022-11-25,2023-04-12,Left,Active,Contradicts dates,Resignation,Voluntary,Yes
1330,Accountant I,M902,MSC,Admin Offices,General - Con,Associate,Full-Time,Part-Time,Zone A,MA,Female,White,25-34,1,Under 1 year,0,0.635,Fully Meets,3,2022-09-15,2023-05-05,Left,Active,Contradicts dates,Retirement,Retirement,Yes
1331,Accountant I,M903,TNS,Admin Offices,People Services,Intern,Full-Time,Temporary,Zone C,MA,Female,Black,55+,4,1-2 years,1,1.985,Fully Meets,3,2021-08-11,,Employed,Active,Agrees with dates,,,No
1332,Sr. Network Engineer,M904,PYZ,Admin Offices,Wireline Construction,Foreman,Contract,Part-Time,Zone B,MA,Male,Hispanic,55+,4,Under 1 year,0,0.008,Fully Meets,3,2023-08-03,,Employed,Active,Agrees with dates,,,No
1333,Sr. Network Engineer,M905,WBL,IT/IS,Field Operations,Laborer,Part-Time,Part-Time,Zone A,MA,Male,Black,45-54,3,1-2 years,1,1.396,Fully Meets,3,2022-03-14,,Employed,Active,Agrees with dates,,,No
1334,Sr. Network Engineer,M906,NEL,IT/IS,Underground,Laborer,Full-Time,Part-Time,Zone B,MA,Male,Other,55+,4,Under 1 year,0,0.244,Fully Meets,3,2020-09-01,2020-11-29,Left,Active,Contradicts dates,Retirement,Retirement,Yes
1335,Software Engineer,M907,NEL,Software Engineering,General - Con,Technician,Contract,Full-Time,Zone A,MA,Female,White,55+,4,1-2 years,1,1.763,Fully Meets,3,2021-10-31,,Employed,Active,Agrees with dates,,,No
1336,Accountant I,M908,TNS,Admin Offices,Field Operations,Technician,Full-Time,Part-Time,Zone A,MA,Female,Black,55+,4,3-5 years,3,3.088,Fully Meets,3,2020-02-26,2023-03-30,Left,Active,Contradicts dates,Retirement,Retirement,No
1337,Accountant I,M909,WBL,Admin Offices,General - Con,Safety Manager,Full-Time,Temporary,Zone A,MA,Female,White,55+,4,3-5 years,3,3.326,Fully Meets,3,2018-08-10,2021-12-07,Left,Active,Contradicts dates,Resignation,Voluntary,No
1338,Sr. Network Engineer,M910,BPC,Admin Offices,Shop (Fleet),Mechanic,Contract,Part-Time,Zone C,MA,Male,Other,35-44,2,2-3 years,2,2.847,Fully Meets,3,2020-09-30,,Employed,Active,Agrees with dates,,,No
1339,Sr. Network Engineer,M911,CCDR,IT/IS,Wireline Construction,Foreman,Contract,Temporary,Zone B,MA,Male,Hispanic,35-44,2,1-2 years,1,1.369,Fully Meets,3,2021-04-01,2022-08-14,Left,Active,Contradicts dates,Retirement,Retirement,No
1340,Sr. Network Engineer,M912,EW,IT/IS,General - Eng,Engineer,Full-Time,Part-Time,Zone B,MA,Male,White,55+,4,Under 1 year,0,0.671,Fully Meets,3,2021-03-21,2021-11-21,Left,Active,Contradicts dates,Retirement,Retirement,Yes
1341,Software Engineering Manager,M913,CCDR,Software Engineering,Engineers,Engineer,Part-Time,Full-Time,Zone C,MA,Female,Hispanic,35-44,2,1-2 years,1,1.755,Fully Meets,3,2021-11-03,,Employed,Active,Agrees with dates,,,No
1342,Accountant I,M914,EW,Admin Offices,Aerial,Lineman,Full-Time,Part-Time,Zone B,MA,Female,Asian,35-44,2,Under 1 year,0,0.178,Fully Meets,3,2019-06-22,2019-08-26,Left,Active,Contradicts dates,Retirement,Retirement,Yes
1343,Accountant I,M915,MSC,Admin Offices,Shop (Fleet),Manager,Contract,Temporary,Zone B,MA,Female,White,55+,4,3-5 years,3,3.515,Fully Meets,3,2019-11-12,2023-05-19,Left,Active,Contradicts dates,Voluntary,Voluntary,No
1344,Accountant I,M916,TNS,Admin Offices,General - Con,Foreman,Part-Time,Part-Time,Zone A,MA,Male,White,35-44,2,Under 1 year,0,0.876,Fully Meets,3,2022-09-20,,Employed,Active,Agrees with dates,,,No
1345,Sr. Network Engineer,M917,PYZ,Admin Offices,Fielders,Engineer,Full-Time,Full-Time,Zone A,MA,Male,Other,45-54,3,Under 1 year,0,0.523,Fully Meets,3,2023-01-27,,Employed,Active,Agrees with dates,,,No
1346,Sr. Network Engineer,M918,WBL,IT/IS,Field Operations,Laborer,Contract,Temporary,Zone C,MA,Male,White,55+,4,1-2 years,1,1.498,Fully Meets,3,2021-02-21,2022-08-22,Left,Active,Contradicts dates,Retirement,Retirement,No
1347,Sr. Network Engineer,M919,NEL,IT/IS,General - Con,Coordinator,Part-Time,Full-Time,Zone B,MA,Male,Hispanic,25-34,1,Under 1 year,0,0.876,Fully Meets,3,2022-03-04,2023-01-18,Left,Active,Contradicts dates,Retirement,Retirement,Yes
1348,Software Engineering Manager,M920,WBL,Software Engineering,Field Operations,Engineer,Contract,Part-Time,Zone C,MA,Female,Other,25-34,1,1-2 years,1,1.618,Fully Meets,3,2019-04-21,2020-12-02,Left,Future Start,Contradicts dates,Involuntary,Involuntary,No
1349,Accountant I,M921,EW,Admin Offices,Safety,Manager,Full-Time,Part-Time,Zone B,MA,Female,White,55+,4,1-2 years,1,1.317,Fully Meets,3,2021-08-02,2022-11-26,Left,Active,Contradicts dates,Retirement,Retirement,No
1350,Accountant I,M922,MSC,Admin Offices,Field Operations,Laborer,Part-Time,Temporary,Zone B,MA,Female,Black,45-54,3,1-2 years,1,1.424,Fully Meets,3,2022-03-04,,Employed,Active,Agrees with dates,,,No
1351,Accountant I,M923,TNS,Admin Offices,Field Operations,Tower Hand,Contract,Part-Time,Zone C,MA,Male,White,25-34,1,2-3 years,2,2.357,Fully Meets,3,2021-03-28,,Employed,Active,Agrees with dates,,,No
1352,Sr. Network Engineer,M924,PYZ,Admin Offices,Field Operations,Technician,Contract,Full-Time,Zone B,MA,Male,Other,45-54,3,3-5 years,3,4.813,Fully Meets,3,2018-08-08,2023-06-01,Left,Active,Contradicts dates,Voluntary,Voluntary,No
1353,Sr. Network Engineer,M925,WBL,IT/IS,Field Operations,Supervisor,Part-Time,Temporary,Zone A,MA,Male,White,55+,4,1-2 years,1,1.309,Fully Meets,3,2020-09-15,2022-01-06,Left,Active,Contradicts dates,Involuntary,Involuntary,No
1354,Software Engineering Manager,M926,WBL,Software Engineering,Field Operations,Top Hand,Full-Time,Full-Time,Zone C,MA,Female,Black,55+,4,1-2 years,1,1.333,Fully Meets,3,2020-10-28,2022-02-27,Left,Future Start,Contradicts dates,Involuntary,Involuntary,No
1355,Administrative Assistant,M927,SVG,Admin Offices,General - Con,Coordinator,Full-Time,Temporary,Zone B,MA,Female,Hispanic,55+,4,Under 1 year,0,0.438,Fully Meets,3,2021-06-16,2021-11-23,Left,Active,Contradicts dates,Resignation,Voluntary,Yes
1356,Accountant I,M928,EW,Admin Offices,Engineers,Engineer,Part-Time,Temporary,Zone A,MA,Female,Hispanic,35-44,2,Under 1 year,0,0.255,Fully Meets,3,2023-03-20,2023-06-21,Left,Active,Contradicts dates,Voluntary,Voluntary,Yes
1357,Accountant I,M929,MSC,Admin Offices,Engineers,Principal,Full-Time,Temporary,Zone C,MA,Male,Black,45-54,3,2-3 years,2,2.856,Fully Meets,3,2018-09-07,2021-07-16,Left,Active,Contradicts dates,Retirement,Retirement,No
1358,Accountant I,M930,TNS,Admin Offices,Field Operations,Laborer,Part-Time,Full-Time,Zone B,MA,Male,Black,25-34,1,3-5 years,3,3.97,Fully Meets,3,2018-11-08,2022-10-28,Left,Active,Contradicts dates,Retirement,Retirement,No
1359,Sr. Network Engineer,M931,BPC,Admin Offices,Catv,Foreman,Full-Time,Part-Time,Zone A,MA,Male,Asian,25-34,1,3-5 years,3,4.526,Fully Meets,3,2019-01-26,,Employed,Active,Agrees with dates,,,No
1360,Sr. Network Engineer,M932,CCDR,IT/IS,Field Operations,Technician,Contract,Full-Time,Zone B,MA,Male,Asian,55+,4,1-2 years,1,1.933,PIP,3,2021-08-30,,Employed,Active,Agrees with dates,,,No
1361,Sr. Accountant,M933,BPC,Admin Offices,Aerial,Supervisor,Full-Time,Full-Time,Zone A,MA,Female,Black,55+,4,Under 1 year,0,0.06,Exceeds,3,2023-03-08,2023-03-30,Left,Future Start,Contradicts dates,Voluntary,Voluntary,Yes
1362,Administrative Assistant,M934,SVG,Admin Offices,General - Con,Technician,Full-Time,Part-Time,Zone C,MA,Female,Asian,35-44,2,1-2 years,1,1.065,Exceeds,3,2019-11-10,2020-12-03,Left,Active,Contradicts dates,Retirement,Retirement,No
1363,Accountant I,M935,EW,Admin Offices,General - Con,Laborer,Full-Time,Full-Time,Zone A,MA,Female,Asian,35-44,2,Under 1 year,0,0.025,PIP,3,2023-07-28,,Employed,Active,Agrees with dates,,,No
1364,Accountant I,M936,MSC,Admin Offices,Finance & Accounting,Administration,Contract,Temporary,Zone C,MA,Male,White,45-54,3,Under 1 year,0,0.339,Exceeds,3,2019-04-03,2019-08-05,Left,Active,Contradicts dates,Voluntary,Voluntary,Yes
1365,Accountant I,M937,TNS,Admin Offices,Field Operations,Lineman,Contract,Part-Time,Zone C,MA,Male,Hispanic,35-44,2,3-5 years,3,4.036,Exceeds,3,2019-07-24,,Employed,Active,Agrees with dates,,,No
1366,Sr. Network Engineer,M938,PYZ,IT/IS,General - Con,Laborer,Contract,Temporary,Zone B,MA,Male,Black,55+,4,Under 1 year,0,0.619,Exceeds,3,2022-04-29,2022-12-11,Left,Active,Contradicts dates,Voluntary,Voluntary,Yes
1367,Sr. Network Engineer,M939,WBL,IT/IS,Executive,Coordinator,Part-Time,Temporary,Zone B,MA,Female,White,25-34,1,2-3 years,2,2.831,Exceeds,3,2020-10-06,,Employed,Active,Agrees with dates,,,No
1368,Sr. Accountant,M940,PYZ,Admin Offices,General - Sga,Estimator,Part-Time,Temporary,Zone C,MA,Female,White,25-34,1,3-5 years,3,3.337,Exceeds,3,2020-04-04,,Employed,Active,Agrees with dates,,,No
1369,Administrative Assistant,M941,CCDR,Sales,Aerial,Foreman,Contract,Full-Time,Zone C,MA,Female,Black,45-54,3,2-3 years,2,2.363,Exceeds,3,2021-03-26,,Employed,Active,Agrees with dates,,,No
1370,Administrative Assistant,M942,SVG,Admin Offices,General - Con,Locator,Part-Time,Temporary,Zone A,MA,Female,Black,25-34,1,1-2 years,1,1.216,Exceeds,3,2022-05-19,,Employed,Active,Agrees with dates,,,No
1371,Accountant I,M943,EW,Admin Offices,Field Operations,Technician,Contract,Part-Time,Zone A,MA,Female,Black,55+,4,Under 1 year,0,0.134,Exceeds,3,2021-08-28,2021-10-16,Left,Active,Contradicts dates,Involuntary,Involuntary,Yes
1372,Accountant I,M944,MSC,Admin Offices,Aerial,Foreman,Contract,Full-Time,Zone A,MA,Male,White,25-34,1,Under 1 year,0,0.698,Exceeds,3,2022-11-24,,Employed,Active,Agrees with dates,,,No
1373,Accountant I,M945,TNS,Admin Offices,Field Operations,Laborer,Contract,Part-Time,Zone A,MA,Male,Other,35-44,2,Under 1 year,0,0.83,Exceeds,3,2022-01-12,2022-11-11,Left,Active,Contradicts dates,Resignation,Voluntary,Yes
1374,Sr. Network Engineer,M946,PYZ,IT/IS,Aerial,Foreman,Part-Time,Temporary,Zone B,MA,Female,White,55+,4,3-5 years,3,4.082,Exceeds,3,2019-07-07,,Employed,Active,Agrees with dates,,,No
1375,Sr. Accountant,M947,PYZ,Admin Offices,Technology / It,Intern,Contract,Full-Time,Zone B,MA,Female,Asian,Under 25,0,2-3 years,2,2.062,Exceeds,3,2021-07-14,,Employed,Active,Agrees with dates,,,No
1376,Administrative Assistant,M948,CCDR,Sales,Field Operations,Supervisor,Full-Time,Temporary,Zone B,MA,Female,Other,55+,4,2-3 years,2,2.19,Exceeds,3,2019-12-03,2022-02-10,Left,Active,Contradicts dates,Retirement,Retirement,No
1377,Administrative Assistant,M949,SVG,Admin Offices,General - Con,Technician,Part-Time,Full-Time,Zone A,MA,Female,White,55+,4,Under 1 year,0,0.353,Exceeds,3,2021-03-03,2021-07-10,Left,Active,Contradicts dates,Resignation,Voluntary,Yes
1378,Accountant I,M950,EW,Admin Offices,Fielders,Engineer,Full-Time,Part-Time,Zone C,MA,Female,White,45-54,3,1-2 years,1,1.147,PIP,3,2022-06-13,,Employed,Active,Agrees with dates,,,No
1379,Accountant I,M951,MSC,Admin Offices,General - Sga,Supervisor,Part-Time,Temporary,Zone A,MA,Male,White,35-44,2,Under 1 year,0,0.534,Exceeds,3,2023-01-23,,Employed,Active,Agrees with dates,,,No
1380,Accountant I,M952,TNS,Admin Offices,Field Operations,Laborer,Part-Time,Temporary,Zone A,MA,Male,Hispanic,55+,4,2-3 years,2,2.913,Exceeds,3,2020-09-06,,Employed,Active,Agrees with dates,,,No
1381,Sr. Network Engineer,M953,PYZ,IT/IS,Aerial,Foreman,Full-Time,Temporary,Zone A,MA,Female,Other,Under 25,0,Under 1 year,0,0.802,PIP,3,2022-10-17,,Employed,Active,Agrees with dates,,,No
1382,Sr. Accountant,M954,TNS,Admin Offices,Field Operations,Supervisor,Full-Time,Part-Time,Zone B,MA,Female,White,55+,4,3-5 years,3,4.164,Exceeds,3,2019-06-07,,Employed,Active,Agrees with dates,,,No
1383,Sr. Accountant,M955,BPC,Admin Offices,General - Con,Technician,Contract,Part-Time,Zone C,MA,Female,Hispanic,25-34,1,Under 1 year,0,0.632,Exceeds,3,2022-01-28,2022-09-16,Left,Active,Contradicts dates,Resignation,Voluntary,Yes
1384,Administrative Assistant,M956,CCDR,Admin Offices,Field Operations,Groundman,Part-Time,Full-Time,Zone B,MA,Female,Other,55+,4,Under 1 year,0,0.676,PIP,3,2020-07-01,2021-03-05,Left,Active,Contradicts dates,Resignation,Voluntary,Yes
1385,Administrative Assistant,M957,SVG,Admin Offices,Field Operations,Laborer,Full-Time,Part-Time,Zone C,MA,Female,Hispanic,55+,4,3-5 years,3,3.184,PIP,3,2020-05-30,,Employed,Active,Agrees with dates,,,No
1386,Accountant I,M958,EW,Admin Offices,General - Con,Technician,Contract,Full-Time,Zone C,MA,Female,White,45-54,3,3-5 years,3,3.335,Exceeds,3,2019-10-05,2023-02-04,Left,Active,Contradicts dates,Involuntary,Involuntary,No
1387,Accountant I,M959,MSC,Admin Offices,General - Con,Laborer,Contract,Full-Time,Zone B,MA,Male,Hispanic,55+,4,1-2 years,1,1.451,PIP,3,2021-11-06,2023-04-20,Left,Active,Contradicts dates,Voluntary,Voluntary,No
1388,Accountant I,M960,TNS,Admin Offices,Field Operations,Construction Manager,Part-Time,Full-Time,Zone B,MA,Female,Black,45-54,3,Under 1 year,0,0.997,Exceeds,3,2019-05-09,2020-05-07,Left,Active,Contradicts dates,Resignation,Voluntary,Yes
1389,Production Technician II,M961,NEL,Production,Isp,Manager,Part-Time,Full-Time,Zone A,MA,Male,Hispanic,55+,4,3-5 years,3,3.773,Exceeds,3,2019-10-28,,Employed,Active,Agrees with dates,,,No
1390,Production Technician I,M962,SVG,Production,General - Con,Lineman,Contract,Part-Time,Zone C,MA,Male,Asian,55+,4,3-5 years,3,4.567,Exceeds,3,2019-01-11,,Employed,Active,Agrees with dates,,,No
1391,Production Technician I,M963,MSC,Production,Wireless,Supervisor,Contract,Temporary,Zone A,MA,Female,Other,55+,4,3-5 years,3,3.343,Needs Improvement,3,2020-04-02,,Employed,Active,Agrees with dates,,,No
1392,Production Technician I,M964,PL,Production,Field Operations,Operator,Part-Time,Part-Time,Zone A,MA,Female,Hispanic,55+,4,Under 1 year,0,0.189,Exceeds,3,2019-06-07,2019-08-15,Left,Active,Contradicts dates,Involuntary,Involuntary,Yes
1393,Production Technician I,M965,SVG,Production,General - Con,Flagger,Part-Time,Part-Time,Zone C,MA,Female,Other,55+,4,1-2 years,1,1.002,Exceeds,3,2021-11-22,2022-11-23,Left,Active,Contradicts dates,Voluntary,Voluntary,No
1394,Production Technician I,M966,NEL,Production,Field Operations,Laborer,Full-Time,Part-Time,Zone A,MA,Male,Black,55+,4,3-5 years,3,4.545,Exceeds,3,2019-01-19,,Employed,Active,Agrees with dates,,,No
1395,Production Technician II,M967,SVG,Production,General - Con,Laborer,Full-Time,Part-Time,Zone C,MA,Male,Black,55+,4,Under 1 year,0,0.025,Exceeds,3,2021-12-17,2021-12-26,Left,Voluntarily Terminated,Agrees with dates,Resignation,Voluntary,Yes
1396,Production Technician I,M968,SVG,Production,General - Eng,Engineer,Part-Time,Full-Time,Zone A,MA,Female,Hispanic,55+,4,1-2 years,1,1.788,Exceeds,3,2019-05-04,2021-02-15,Left,Active,Contradicts dates,Resignation,Voluntary,No
1397,Production Technician I,M969,MSC,Production,General - Con,Laborer,Contract,Part-Time,Zone A,MA,Male,Other,35-44,2,Under 1 year,0,0.208,Exceeds,3,2018-12-25,2019-03-11,Left,Active,Contradicts dates,Voluntary,Voluntary,Yes
1398,Production Technician I,M970,PYZ,Production,Splicing,Runner,Part-Time,Full-Time,Zone C,MA,Female,White,45-54,3,2-3 years,2,2.174,Needs Improvement,3,2021-01-03,2023-03-08,Left,Active,Contradicts dates,Involuntary,Involuntary,No
1399,Production Technician I,M971,BPC,Production,General - Con,Foreman,Part-Time,Full-Time,Zone C,MA,Female,Other,45-54,3,Under 1 year,0,0.142,Needs Improvement,3,2023-06-15,,Employed,Active,Agrees with dates,,,No
1400,Production Technician II,M972,NEL,Production,Field Operations,Laborer,Full-Time,Full-Time,Zone B,MA,Female,White,55+,4,3-5 years,3,4.449,Exceeds,3,2018-08-29,2023-02-09,Left,Active,Contradicts dates,Resignation,Voluntary,No
1401,Production Technician I,M973,PL,Production,Splicing,Lineman,Contract,Part-Time,Zone B,MA,Male,White,55+,4,3-5 years,3,4.586,Exceeds,3,2019-01-04,,Employed,Active,Agrees with dates,,,No
1402,Production Technician I,M974,MSC,Production,General - Sga,Technician,Full-Time,Full-Time,Zone B,MA,Female,White,25-34,1,1-2 years,1,1.903,Exceeds,3,2021-09-10,,Employed,Active,Agrees with dates,,,No
1403,Production Technician I,M975,SVG,Production,Field Operations,Technician,Full-Time,Temporary,Zone B,MA,Female,White,55+,4,2-3 years,2,2.078,Exceeds,3,2021-07-08,,Employed,Active,Agrees with dates,,,No
1404,Production Technician II,M976,BPC,Production,Finance & Accounting,Manager,Contract,Part-Time,Zone B,MA,Male,Hispanic,35-44,2,2-3 years,2,2.491,Exceeds,3,2018-11-01,2021-04-29,Left,Voluntarily Terminated,Agrees with dates,Involuntary,Involuntary,No
1405,Production Technician II,M977,PL,Production,Field Operations,Construction Manager,Part-Time,Temporary,Zone A,MA,Female,Other,45-54,3,3-5 years,3,3.507,Exceeds,3,2018-12-08,2022-06-11,Left,Active,Contradicts dates,Involuntary,Involuntary,No
1406,Production Technician II,M978,PYZ,Production,General - Con,Flagger,Part-Time,Full-Time,Zone A,MA,Female,Asian,35-44,2,Under 1 year,0,0.78,Exceeds,3,2022-10-25,,Employed,Active,Agrees with dates,,,No
1407,Production Technician I,M979,TNS,Production,General - Sga,Administrative,Full-Time,Temporary,Zone B,MA,Male,Hispanic,35-44,2,Under 1 year,0,0.339,Exceeds,3,2023-04-04,,Employed,Active,Agrees with dates,,,No
1408,Production Technician I,M980,PL,Production,Field Operations,Supervisor,Contract,Part-Time,Zone B,MA,Female,Other,35-44,2,2-3 years,2,2.387,Exceeds,3,2021-03-17,,Employed,Active,Agrees with dates,,,No
1409,Production Technician I,M981,MSC,Production,General - Con,Technician,Full-Time,Part-Time,Zone A,MA,Female,Other,35-44,2,2-3 years,2,2.491,Exceeds,3,2019-03-11,2021-09-06,Left,Voluntarily Terminated,Agrees with dates,Retirement,Retirement,No
1410,Production Technician I,M982,SVG,Production,Wireline Construction,Laborer,Contract,Temporary,Zone C,MA,Female,White,55+,4,1-2 years,1,1.169,Exceeds,3,2022-02-25,2023-04-28,Left,Active,Contradicts dates,Resignation,Voluntary,No
1411,Production Technician I,M983,EW,Production,Aerial,Foreman,Part-Time,Part-Time,Zone C,MA,Female,Hispanic,35-44,2,3-5 years,3,4.096,Exceeds,3,2019-07-02,,Employed,Active,Agrees with dates,,,No
1412,Production Technician I,M984,MSC,Production,Field Operations,Warehouse Technician,Part-Time,Full-Time,Zone B,MA,Female,White,35-44,2,3-5 years,3,4.129,Exceeds,3,2019-06-20,,Employed,Active,Agrees with dates,,,No
1413,Production Technician I,M985,TNS,Production,Finance & Accounting,Accounting,Part-Time,Full-Time,Zone A,MA,Male,Black,55+,4,3-5 years,3,3.368,Needs Improvement,3,2019-09-27,2023-02-08,Left,Active,Contradicts dates,Retirement,Retirement,No
1414,Production Technician I,M986,BPC,Production,Aerial,Labor,Contract,Full-Time,Zone C,MA,Male,Asian,55+,4,Under 1 year,0,0.693,Exceeds,3,2022-11-15,2023-07-26,Left,Active,Contradicts dates,Involuntary,Involuntary,Yes
1415,Production Technician I,M987,CCDR,Production,Field Operations,Tower Hand,Part-Time,Part-Time,Zone A,MA,Male,Asian,45-54,3,2-3 years,2,2.954,Exceeds,3,2020-08-22,,Employed,Active,Agrees with dates,,,No
1416,Production Technician I,M988,EW,Production,Field Operations,Flagger,Part-Time,Full-Time,Zone B,MA,Male,Asian,55+,4,3-5 years,3,3.324,Exceeds,3,2020-04-09,,Employed,Active,Agrees with dates,,,No
1417,Production Technician I,M989,MSC,Production,Aerial,Supervisor,Full-Time,Part-Time,Zone C,MA,Female,Other,55+,4,2-3 years,2,2.352,Exceeds,3,2021-03-30,,Employed,Active,Agrees with dates,,,No
1418,Production Technician I,M990,NEL,Production,Wireline Construction,Project Manager,Part-Time,Temporary,Zone C,MA,Female,Other,Under 25,0,3-5 years,3,4.86,Needs Improvement,3,2018-09-26,,Employed,Active,Agrees with dates,,,No
1419,Production Technician I,M991,PL,Production,Field Operations,Laborer,Contract,Full-Time,Zone C,MA,Female,Other,35-44,2,Under 1 year,0,0.208,Exceeds,3,2023-05-22,,Employed,Active,Agrees with dates,,,No
1420,Production Technician I,M992,PYZ,Production,Project Management - Con,Project Manager,Contract,Temporary,Zone B,MA,Female,White,55+,4,2-3 years,2,2.171,Exceeds,3,2021-06-04,,Employed,Active,Agrees with dates,,,No
1421,Production Technician I,M993,SVG,Production,General - Con,Administration,Contract,Full-Time,Zone C,MA,Female,Other,55+,4,3-5 years,3,3.756,Exceeds,3,2019-10-22,2023-07-25,Left,Active,Contradicts dates,Involuntary,Involuntary,No
1422,Production Technician I,M994,TNS,Production,Technology / It,Technician,Full-Time,Full-Time,Zone B,MA,Female,Hispanic,25-34,1,1-2 years,1,1.04,Needs Improvement,3,2019-10-04,2020-10-18,Left,Future Start,Contradicts dates,Involuntary,Involuntary,No
1423,Production Technician I,M995,WBL,Production,Aerial,Laborer,Full-Time,Full-Time,Zone A,MA,Female,White,25-34,1,1-2 years,1,1.114,Needs Improvement,3,2022-06-25,,Employed,Active,Agrees with dates,,,No
1424,Production Technician I,M996,BPC,Production,General - Con,Laborer,Full-Time,Part-Time,Zone B,MA,Female,Asian,35-44,2,Under 1 year,0,0.709,Needs Improvement,3,2021-11-17,2022-08-03,Left,Leave of Absence,Contradicts dates,Voluntary,Voluntary,Yes
1425,Production Technician I,M997,CCDR,Production,Field Operations,Technician,Part-Time,Full-Time,Zone B,MA,Female,Black,55+,4,3-5 years,3,4.005,Needs Improvement,3,2019-08-04,,Employed,Active,Agrees with dates,,,No
1426,Production Technician I,M998,EW,Production,General - Con,Technician,Full-Time,Full-Time,Zone A,MA,Female,Hispanic,Under 25,0,Under 1 year,0,0.682,Exceeds,3,2022-03-08,2022-11-12,Left,Voluntarily Terminated,Agrees with dates,Retirement,Retirement,Yes
1427,Production Technician II,M999,CCDR,Production,Engineers,Project Manager,Full-Time,Part-Time,Zone A,MA,Male,Asian,55+,4,3-5 years,3,4.452,Needs Improvement,3,2019-02-22,,Employed,Active,Agrees with dates,,,No
1428,Production Technician II,M1000,SVG,Production,Executive,Director,Full-Time,Part-Time,Zone C,MA,Male,White,45-54,3,Under 1 year,0,0.66,Exceeds,3,2022-12-08,,Employed,Active,Agrees with dates,,,No
1429,Production Technician II,M1001,EW,Production,Field Operations,Technician,Contract,Temporary,Zone B,MA,Female,Hispanic,55+,4,2-3 years,2,2.303,Exceeds,3,2019-11-22,2022-03-12,Left,Voluntarily Terminated,Agrees with dates,Resignation,Voluntary,No
1430,Production Technician II,M1002,MSC,Production,Yard (Material Handling),Shop,Part-Time,Temporary,Zone A,MA,Female,Asian,55+,4,Under 1 year,0,0.049,Needs Improvement,3,2023-02-13,2023-03-03,Left,Voluntarily Terminated,Agrees with dates,Involuntary,Involuntary,Yes
1431,Production Technician II,M1003,TNS,Production,Field Operations,Laborer,Full-Time,Full-Time,Zone B,MA,Female,Black,55+,4,3-5 years,3,4.394,Exceeds,3,2019-03-15,,Employed,Active,Agrees with dates,,,No
1432,Production Technician II,M1004,PYZ,Production,Project Management - Con,Administration,Contract,Part-Time,Zone A,MA,Male,White,25-34,1,3-5 years,3,4.052,Exceeds,3,2019-07-18,,Employed,Active,Agrees with dates,,,No
1433,Production Technician I,M1005,SVG,Production,General - Con,Clerk,Part-Time,Part-Time,Zone C,MA,Female,White,25-34,1,Under 1 year,0,0.638,Needs Improvement,3,2021-04-09,2021-11-28,Left,Active,Contradicts dates,Voluntary,Voluntary,Yes
1434,Production Technician I,M1006,EW,Production,Splicing,Splicer,Part-Time,Part-Time,Zone C,MA,Female,White,35-44,2,3-5 years,3,4.246,Exceeds,3,2018-12-30,2023-03-30,Left,Active,Contradicts dates,Voluntary,Voluntary,No
1435,Production Technician I,M1007,MSC,Production,Field Operations,Laborer,Contract,Temporary,Zone C,MA,Female,Hispanic,Under 25,0,2-3 years,2,2.018,Exceeds,3,2021-07-30,,Employed,Active,Agrees with dates,,,No
1436,Production Technician I,M1008,TNS,Production,Field Operations,Laborer,Full-Time,Temporary,Zone C,MA,Male,Hispanic,25-34,1,Under 1 year,0,0.772,Needs Improvement,3,2022-10-28,,Employed,Active,Agrees with dates,,,No
1437,Production Technician I,M1009,PYZ,Production,Project Management - Con,Manager,Contract,Temporary,Zone C,MA,Male,Asian,25-34,1,2-3 years,2,2.768,Exceeds,3,2020-10-29,,Employed,Active,Agrees with dates,,,No
1438,Production Technician I,M1010,WBL,Production,Field Operations,Foreman,Contract,Part-Time,Zone B,MA,Male,Asian,45-54,3,Under 1 year,0,0.014,Exceeds,3,2023-03-17,2023-03-22,Left,Active,Contradicts dates,Voluntary,Voluntary,Yes
1439,Production Technician I,M1011,NEL,Production,General - Con,Laborer,Full-Time,Temporary,Zone A,MA,Female,Asian,35-44,2,Under 1 year,0,0.767,Needs Improvement,3,2022-07-20,2023-04-26,Left,Active,Contradicts dates,Voluntary,Voluntary,Yes
1440,Production Technician I,M1012,PL,Production,Field Operations,Driver,Part-Time,Temporary,Zone A,MA,Female,Hispanic,25-34,1,Under 1 year,0,0.005,Needs Improvement,3,2023-08-04,,Employed,Active,Agrees with dates,,,No
1441,Production Technician I,M1013,BPC,Production,Field Operations,Laborer,Contract,Temporary,Zone A,MA,Female,Hispanic,35-44,2,Under 1 year,0,0.824,Needs Improvement,3,2021-11-26,2022-09-23,Left,Active,Contradicts dates,Voluntary,Voluntary,Yes
1442,Production Technician I,M1014,CCDR,Production,Safety,Safety,Full-Time,Temporary,Zone A,MA,Female,Black,25-34,1,3-5 years,3,4.857,Needs Improvement,3,2018-09-27,,Employed,Active,Agrees with dates,,,No
1443,Production Technician I,M1015,SVG,Production,Field Operations,Technician,Contract,Part-Time,Zone C,MA,Female,White,55+,4,3-5 years,3,4.005,Needs Improvement,3,2019-08-04,,Employed,Active,Agrees with dates,,,No
1444,Production Technician I,M1016,EW,Production,General - Con,Laborer,Contract,Part-Time,Zone C,MA,Female,White,45-54,3,3-5 years,3,3.841,Needs Improvement,3,2019-10-03,,Employed,Active,Agrees with dates,,,No
1445,Production Technician I,M1017,MSC,Production,Aerial,Labor,Part-Time,Part-Time,Zone C,MA,Female,White,55+,4,1-2 years,1,1.065,Exceeds,3,2021-09-05,2022-09-29,Left,Future Start,Contradicts dates,Voluntary,Voluntary,No
1446,Production Technician I,M1018,TNS,Production,Aerial,Driver,Full-Time,Temporary,Zone B,MA,Female,White,25-34,1,2-3 years,2,2.606,Exceeds,3,2020-07-21,2023-02-28,Left,Future Start,Contradicts dates,Involuntary,Involuntary,No
1447,Production Technician I,M1019,PYZ,Production,Field Operations,Supervisor,Full-Time,Part-Time,Zone C,MA,Female,Black,55+,4,Under 1 year,0,0.537,Exceeds,3,2022-12-12,2023-06-26,Left,Leave of Absence,Contradicts dates,Resignation,Voluntary,Yes
1448,Production Technician I,M1020,WBL,Production,General - Con,Technician,Part-Time,Part-Time,Zone A,MA,Female,Other,45-54,3,2-3 years,2,2.894,Needs Improvement,3,2020-09-13,,Employed,Active,Agrees with dates,,,No
1449,Production Technician II,M1021,PL,Production,General - Sga,Administrator,Part-Time,Temporary,Zone B,MA,Male,Other,55+,4,Under 1 year,0,0.723,Needs Improvement,3,2022-11-15,,Employed,Active,Agrees with dates,,,No
1450,Production Technician II,M1022,PYZ,Production,Field Operations,Manager,Full-Time,Temporary,Zone C,MA,Male,White,55+,4,2-3 years,2,2.198,Needs Improvement,3,2020-02-07,2022-04-20,Left,Voluntarily Terminated,Agrees with dates,Retirement,Retirement,No
1451,Production Technician II,M1023,SVG,Production,Splicing,Technician,Part-Time,Part-Time,Zone A,MA,Female,Hispanic,55+,4,Under 1 year,0,0.597,Needs Improvement,3,2022-12-31,,Employed,Active,Agrees with dates,,,No
1452,Production Technician II,M1024,TNS,Production,Field Operations,Driver,Full-Time,Full-Time,Zone B,MA,Female,White,55+,4,3-5 years,3,4.364,Needs Improvement,3,2019-03-26,,Employed,Active,Agrees with dates,,,No
1453,Production Technician II,M1025,WBL,Production,Engineers,Engineer,Full-Time,Temporary,Zone C,MA,Male,Black,25-34,1,Under 1 year,0,0.375,Needs Improvement,3,2023-03-22,,Employed,Active,Agrees with dates,,,No
1454,Production Technician II,M1026,WBL,Production,General - Con,Lineman,Full-Time,Temporary,Zone C,MA,Male,Hispanic,45-54,3,Under 1 year,0,0.005,Needs Improvement,3,2022-12-23,2022-12-25,Left,Voluntarily Terminated,Agrees with dates,Voluntary,Voluntary,Yes
1455,Production Technician I,M1027,PL,Production,General - Sga,Administrator,Contract,Full-Time,Zone C,MA,Female,Other,25-34,1,3-5 years,3,3.608,Needs Improvement,3,2019-12-27,,Employed,Active,Agrees with dates,,,No
1456,Production Technician I,M1028,PYZ,Production,Engineers,Engineer,Full-Time,Full-Time,Zone B,MA,Female,Hispanic,55+,4,Under 1 year,0,0.038,Exceeds,3,2019-06-25,2019-07-09,Left,Active,Contradicts dates,Resignation,Voluntary,Yes
1457,Production Technician I,M1029,SVG,Production,Field Operations,Driller,Contract,Part-Time,Zone A,MA,Female,Other,45-54,3,3-5 years,3,4.701,Exceeds,3,2018-11-23,,Employed,Active,Agrees with dates,,,No
1458,Production Technician I,M1030,TNS,Production,Wireline Construction,Foreman,Full-Time,Part-Time,Zone A,MA,Female,Hispanic,25-34,1,2-3 years,2,2.549,Exceeds,3,2021-01-17,,Employed,Active,Agrees with dates,,,No
1459,Production Technician I,M1031,WBL,Production,Engineers,Technician,Contract,Temporary,Zone C,MA,Male,Black,55+,4,1-2 years,1,1.908,Exceeds,3,2021-09-08,,Employed,Active,Agrees with dates,,,No
1460,Production Technician I,M1032,BPC,Production,Wireline Construction,Foreman,Full-Time,Temporary,Zone A,MA,Male,Other,55+,4,1-2 years,1,1.311,Exceeds,3,2021-02-24,2022-06-18,Left,Active,Contradicts dates,Retirement,Retirement,No
1461,Production Technician I,M1033,CCDR,Production,Project Management - Con,Technician,Full-Time,Full-Time,Zone C,MA,Female,Asian,Under 25,0,1-2 years,1,1.465,Exceeds,3,2019-04-12,2020-09-28,Left,Active,Contradicts dates,Retirement,Retirement,No
1462,Production Technician I,M1034,EW,Production,Fielders,Engineer,Contract,Temporary,Zone C,MA,Female,Other,55+,4,Under 1 year,0,0.066,Exceeds,3,2023-07-13,,Employed,Active,Agrees with dates,,,No
1463,Production Technician I,M1035,MSC,Production,Field Operations,Technician,Contract,Temporary,Zone C,MA,Female,Hispanic,45-54,3,2-3 years,2,2.834,Exceeds,3,2020-10-05,,Employed,Active,Agrees with dates,,,No
1464,Production Technician I,M1036,NEL,Production,General - Sga,Supervisor,Part-Time,Full-Time,Zone C,MA,Female,Asian,55+,4,3-5 years,3,4.523,Exceeds,3,2019-01-27,,Employed,Active,Agrees with dates,,,No
1465,Production Technician I,M1037,PL,Production,Technology / It,Analyst,Part-Time,Full-Time,Zone A,MA,Female,Other,55+,4,Under 1 year,0,0.925,Exceeds,3,2020-12-17,2021-11-20,Left,Active,Contradicts dates,Retirement,Retirement,Yes
1466,Production Technician I,M1038,PYZ,Production,Billable Consultants,Engineer,Full-Time,Temporary,Zone A,MA,Female,White,25-34,1,2-3 years,2,2.423,Exceeds,3,2021-03-04,,Employed,Active,Agrees with dates,,,No
1467,Production Technician I,M1039,SVG,Production,People Services,Generalist,Full-Time,Temporary,Zone A,MA,Female,Black,25-34,1,Under 1 year,0,0.353,Fully Meets,3,2023-03-30,,Employed,Active,Agrees with dates,,,No
1468,Production Technician I,M1040,TNS,Production,Field Operations,Laborer,Contract,Part-Time,Zone A,MA,Female,Hispanic,55+,4,3-5 years,3,4.608,Exceeds,3,2018-12-27,,Employed,Active,Agrees with dates,,,No
1469,Production Technician I,M1041,WBL,Production,Field Operations,Lineman,Full-Time,Temporary,Zone B,MA,Female,Asian,45-54,3,1-2 years,1,1.875,Exceeds,3,2021-09-20,,Employed,Active,Agrees with dates,,,No
1470,Production Technician I,M1042,BPC,Production,General - Sga,Administrator,Part-Time,Part-Time,Zone B,MA,Female,Asian,25-34,1,Under 1 year,0,0.49,Exceeds,3,2023-02-08,,Employed,Active,Agrees with dates,,,No
1471,Production Technician II,M1043,CCDR,Production,Field Operations,Lineman,Full-Time,Part-Time,Zone B,MA,Male,White,55+,4,2-3 years,2,2.242,Exceeds,3,2019-10-16,2022-01-12,Left,Voluntarily Terminated,Agrees with dates,Retirement,Retirement,No
1472,Production Technician II,M1044,SVG,Production,Project Management - Con,Field Project Manager,Contract,Full-Time,Zone C,MA,Male,Other,45-54,3,1-2 years,1,1.93,Exceeds,3,2021-08-31,,Employed,Active,Agrees with dates,,,No
1473,Production Technician II,M1045,EW,Production,Field Operations,Laborer,Contract,Full-Time,Zone B,MA,Female,Black,55+,4,2-3 years,2,2.861,Exceeds,3,2020-09-25,,Employed,Active,Agrees with dates,,,No
1474,Production Technician II,M1046,MSC,Production,Engineers,Engineer,Full-Time,Part-Time,Zone C,MA,Female,Hispanic,55+,4,Under 1 year,0,0.005,Exceeds,3,2023-02-01,2023-02-03,Left,Voluntarily Terminated,Agrees with dates,Voluntary,Voluntary,Yes
1475,Production Technician II,M1047,TNS,Production,Wireline Construction,Laborer,Full-Time,Temporary,Zone A,MA,Male,Other,25-34,1,Under 1 year,0,0.339,Exceeds,3,2023-01-17,2023-05-21,Left,Active,Contradicts dates,Resignation,Voluntary,Yes
1476,Production Technician II,M1048,PYZ,Production,Field Operations,Foreman,Contract,Part-Time,Zone C,MA,Male,Other,55+,4,Under 1 year,0,0.739,PIP,3,2019-12-07,2020-09-02,Left,Voluntarily Terminated,Agrees with dates,Voluntary,Voluntary,Yes
1477,Production Technician I,M1049,CCDR,Production,Wireline Construction,Laborer,Contract,Full-Time,Zone B,MA,Female,Asian,55+,4,3-5 years,3,3.14,Exceeds,3,2018-11-21,2022-01-11,Left,Active,Contradicts dates,Retirement,Retirement,No
1478,Production Technician I,M1050,SVG,Production,Field Operations,Locator,Part-Time,Part-Time,Zone B,MA,Female,Other,55+,4,2-3 years,2,2.418,Exceeds,3,2021-02-15,2023-07-18,Left,Active,Contradicts dates,Voluntary,Voluntary,No
1479,Production Technician I,M1051,EW,Production,Project Management - Con,Coordinator,Part-Time,Full-Time,Zone B,MA,Female,White,55+,4,2-3 years,2,2.579,Exceeds,3,2021-01-06,,Employed,Active,Agrees with dates,,,No
1480,Production Technician I,M1052,MSC,Production,Shop (Fleet),Mechanic,Part-Time,Part-Time,Zone B,MA,Male,Black,25-34,1,3-5 years,3,4.548,Needs Improvement,3,2019-01-18,,Employed,Active,Agrees with dates,,,No
1481,Production Technician I,M1053,TNS,Production,Field Operations,Technician,Full-Time,Part-Time,Zone A,MA,Male,Asian,Under 25,0,Under 1 year,0,0.394,Exceeds,3,2023-03-15,,Employed,Active,Agrees with dates,,,No
1482,Production Technician I,M1054,PYZ,Production,Finance & Accounting,Vp,Contract,Temporary,Zone C,MA,Female,Asian,55+,4,3-5 years,3,3.734,Exceeds,3,2019-11-11,,Employed,Active,Agrees with dates,,,No
1483,Production Technician I,M1055,WBL,Production,Shop (Fleet),Shop,Full-Time,Full-Time,Zone A,MA,Female,Hispanic,55+,4,Under 1 year,0,0.416,Exceeds,3,2022-08-21,2023-01-20,Left,Active,Contradicts dates,Retirement,Retirement,Yes
1484,Production Technician I,M1056,NEL,Production,General - Con,Laborer,Full-Time,Full-Time,Zone B,MA,Female,Hispanic,25-34,1,3-5 years,3,3.253,Exceeds,3,2020-05-05,,Employed,Active,Agrees with dates,,,No
1485,Production Technician I,M1057,PL,Production,Aerial,Laborer,Contract,Part-Time,Zone A,MA,Female,Asian,45-54,3,2-3 years,2,2.075,Exceeds,3,2021-03-05,2023-04-02,Left,Active,Contradicts dates,Involuntary,Involuntary,No
1486,Production Technician I,M1058,BPC,Production,Engineers,Engineer,Part-Time,Full-Time,Zone A,MA,Female,Hispanic,Under 25,0,3-5 years,3,4.416,Fully Meets,3,2019-03-07,,Employed,Active,Agrees with dates,,,No
1487,Production Technician I,M1059,CCDR,Production,General - Con,Operator,Full-Time,Part-Time,Zone B,MA,Female,Asian,45-54,3,Under 1 year,0,0.884,Fully Meets,3,2022-05-08,2023-03-27,Left,Active,Contradicts dates,Involuntary,Involuntary,Yes
1488,Production Technician I,M1060,SVG,Production,Engineers,Project Manager,Part-Time,Full-Time,Zone A,MA,Female,Hispanic,55+,4,1-2 years,1,1.771,Fully Meets,3,2020-08-21,2022-05-30,Left,Future Start,Contradicts dates,Retirement,Retirement,No
1489,Production Technician I,M1061,EW,Production,Fielders,Technician,Contract,Part-Time,Zone A,MA,Female,White,55+,4,2-3 years,2,2.678,Fully Meets,3,2020-12-01,,Employed,Active,Agrees with dates,,,No
1490,Production Technician I,M1062,MSC,Production,Engineers,Director,Contract,Temporary,Zone A,MA,Female,White,45-54,3,3-5 years,3,3.981,Needs Improvement,3,2019-08-13,,Employed,Active,Agrees with dates,,,No
1491,Production Technician I,M1063,TNS,Production,Project Management - Con,Manager,Part-Time,Temporary,Zone C,MA,Female,Hispanic,35-44,2,3-5 years,3,3.409,Exceeds,3,2020-03-09,,Employed,Active,Agrees with dates,,,No
1492,Production Technician II,M1064,CCDR,Production,Engineers,Engineer,Full-Time,Temporary,Zone B,MA,Male,Other,55+,4,3-5 years,3,3.25,Exceeds,3,2020-05-06,,Employed,Active,Agrees with dates,,,No
1493,Production Technician II,M1065,SVG,Production,Field Operations,Laborer,Full-Time,Temporary,Zone B,MA,Male,Black,35-44,2,1-2 years,1,1.008,Fully Meets,3,2022-08-03,,Employed,Active,Agrees with dates,,,No
1494,Production Technician II,M1066,EW,Production,Splicing,Coordinator,Contract,Full-Time,Zone B,MA,Female,Hispanic,55+,4,1-2 years,1,1.142,Fully Meets,3,2018-10-13,2019-12-04,Left,Voluntarily Terminated,Agrees with dates,Retirement,Retirement,No
1495,Production Technician II,M1067,MSC,Production,General - Con,Laborer,Part-Time,Temporary,Zone A,MA,Male,Hispanic,45-54,3,2-3 years,2,2.089,Fully Meets,3,2021-07-04,,Employed,Active,Agrees with dates,,,No
1496,Production Technician II,M1068,TNS,Production,Splicing,Technician,Part-Time,Full-Time,Zone A,MA,Male,White,55+,4,1-2 years,1,1.013,Fully Meets,3,2019-04-30,2020-05-04,Left,Active,Contradicts dates,Retirement,Retirement,No
1497,Production Technician II,M1069,PYZ,Production,Engineers,Drafter,Contract,Temporary,Zone C,MA,Male,Black,25-34,1,2-3 years,2,2.754,Needs Improvement,3,2020-11-03,,Employed,Active,Agrees with dates,,,No
1498,Production Technician I,M1070,BPC,Production,Engineers,Director,Full-Time,Part-Time,Zone B,MA,Female,Black,55+,4,Under 1 year,0,0.014,Exceeds,3,2022-08-15,2022-08-20,Left,Active,Contradicts dates,Retirement,Retirement,Yes
1499,Production Technician I,M1071,CCDR,Production,General - Con,Operator,Contract,Full-Time,Zone A,MA,Female,Other,45-54,3,Under 1 year,0,0.635,Fully Meets,3,2022-02-26,2022-10-16,Left,Active,Contradicts dates,Resignation,Voluntary,Yes
1500,Production Technician I,M1072,SVG,Production,Field Operations,Tower Hand,Part-Time,Part-Time,Zone B,MA,Female,Hispanic,35-44,2,3-5 years,3,4.233,Fully Meets,3,2019-05-13,,Employed,Active,Agrees with dates,,,No
1501,Production Technician I,M1073,EW,Production,Field Operations,Tower Hand,Contract,Part-Time,Zone A,MA,Male,Hispanic,Under 25,0,Under 1 year,0,0.942,Fully Meets,3,2021-10-24,2022-10-03,Left,Active,Contradicts dates,Retirement,Retirement,Yes
1502,Production Technician I,M1074,MSC,Production,General - Eng,Administrative,Full-Time,Full-Time,Zone B,MA,Male,White,35-44,2,1-2 years,1,1.916,Fully Meets,3,2021-05-10,2023-04-10,Left,Active,Contradicts dates,Retirement,Retirement,No
1503,Production Technician I,M1075,TNS,Production,General - Sga,Business Development,Contract,Part-Time,Zone A,MA,Female,Black,35-44,2,Under 1 year,0,0.019,Fully Meets,3,2021-06-13,2021-06-20,Left,Active,Contradicts dates,Retirement,Retirement,Yes
1504,Production Technician I,M1076,PYZ,Production,Engineers,Technician,Full-Time,Full-Time,Zone C,MA,Female,Other,45-54,3,1-2 years,1,1.73,Needs Improvement,3,2019-11-04,2021-07-28,Left,Active,Contradicts dates,Resignation,Voluntary,No
1505,Production Technician I,M1077,WBL,Production,Wireline Construction,Supervisor,Full-Time,Part-Time,Zone A,MA,Female,Other,55+,4,3-5 years,3,3.518,Exceeds,3,2020-01-29,,Employed,Active,Agrees with dates,,,No
1506,Production Technician I,M318,NEL,Production,Engineers,Engineer,Part-Time,Part-Time,Zone B,MA,Female,Hispanic,45-54,3,2-3 years,2,2.01,Exceeds,3,2018-09-05,2020-09-08,Left,Active,Contradicts dates,Retirement,Retirement,No
1507,Production Technician I,M1078,PL,Production,General - Sga,Administrator,Full-Time,Full-Time,Zone C,MA,Female,Black,25-34,1,2-3 years,2,2.042,Fully Meets,3,2021-07-21,,Employed,Active,Agrees with dates,,,No
1508,Production Technician I,M1079,BPC,Production,General - Con,Lineman,Part-Time,Temporary,Zone B,MA,Female,White,55+,4,Under 1 year,0,0.214,Fully Meets,3,2023-05-20,,Employed,Active,Agrees with dates,,,No
1509,Production Technician I,M1080,CCDR,Production,General - Sga,Assistant,Full-Time,Full-Time,Zone C,MA,Female,Other,55+,4,1-2 years,1,1.224,Fully Meets,3,2022-05-16,,Employed,Active,Agrees with dates,,,No
1510,Production Technician I,M1081,SVG,Production,General - Sga,Technician,Contract,Temporary,Zone C,MA,Female,Black,35-44,2,2-3 years,2,2.393,Fully Meets,3,2021-03-15,,Employed,Active,Agrees with dates,,,No
1511,Production Technician I,M1082,EW,Production,Field Operations,Groundman,Full-Time,Full-Time,Zone C,MA,Female,Hispanic,25-34,1,Under 1 year,0,0.093,Fully Meets,3,2023-06-26,2023-07-30,Left,Future Start,Contradicts dates,Retirement,Retirement,Yes
1512,Production Technician I,M1083,MSC,Production,Field Operations,Laborer,Contract,Part-Time,Zone B,MA,Female,Asian,35-44,2,1-2 years,1,1.536,Fully Meets,3,2019-10-11,2021-04-24,Left,Leave of Absence,Contradicts dates,Involuntary,Involuntary,No
1513,Production Technician II,M1084,PL,Production,General - Eng,Engineer,Contract,Temporary,Zone C,MA,Male,Other,25-34,1,3-5 years,3,3.625,Fully Meets,3,2019-12-21,,Employed,Active,Agrees with dates,,,No
1514,Production Technician II,M1085,PYZ,Production,Splicing,Manager,Contract,Part-Time,Zone C,MA,Male,Hispanic,35-44,2,1-2 years,1,1.06,Fully Meets,3,2022-07-15,,Employed,Active,Agrees with dates,,,No
1515,Production Technician II,M1086,SVG,Production,General - Con,Laborer,Full-Time,Part-Time,Zone B,MA,Female,Other,25-34,1,3-5 years,3,4.86,Fully Meets,3,2018-09-26,,Employed,Active,Agrees with dates,,,No
1516,Production Technician II,M1087,TNS,Production,General - Eng,Manager,Contract,Full-Time,Zone B,MA,Male,Hispanic,55+,4,Under 1 year,0,0.805,Fully Meets,3,2022-10-16,,Employed,Active,Agrees with dates,,,No
1517,Production Technician II,M1088,WBL,Production,Splicing,Splicer,Full-Time,Part-Time,Zone C,MA,Male,White,35-44,2,Under 1 year,0,0.394,Fully Meets,3,2021-12-02,2022-04-25,Left,Active,Contradicts dates,Involuntary,Involuntary,Yes
1518,Production Technician II,M1089,BPC,Production,Fielders,Engineer,Full-Time,Temporary,Zone B,MA,Male,White,45-54,3,3-5 years,3,3.997,Fully Meets,3,2019-03-07,2023-03-06,Left,Voluntarily Terminated,Agrees with dates,Retirement,Retirement,No
1519,Production Technician I,M1090,BPC,Production,Project Management - Con,Supervisor,Part-Time,Full-Time,Zone B,MA,Female,Asian,45-54,3,Under 1 year,0,0.233,Fully Meets,3,2023-05-02,2023-07-26,Left,Active,Contradicts dates,Voluntary,Voluntary,Yes
1520,Production Technician I,M1091,CCDR,Production,Sales & Marketing,Vp,Full-Time,Full-Time,Zone A,MA,Female,White,45-54,3,2-3 years,2,2.508,Fully Meets,3,2020-08-24,2023-02-26,Left,Active,Contradicts dates,Involuntary,Involuntary,No
1521,Production Technician I,M1092,SVG,Production,Wireline Construction,Groundman,Contract,Temporary,Zone B,MA,Male,Black,25-34,1,Under 1 year,0,0.747,Needs Improvement,3,2020-12-08,2021-09-07,Left,Active,Contradicts dates,Voluntary,Voluntary,Yes
1522,Production Technician I,M1093,EW,Production,Field Operations,Operator,Full-Time,Full-Time,Zone B,MA,Male,Hispanic,55+,4,2-3 years,2,2.47,Fully Meets,3,2021-02-15,,Employed,Active,Agrees with dates,,,No
1523,Production Technician I,M1094,MSC,Production,People Services,Director,Contract,Full-Time,Zone B,MA,Male,Other,45-54,3,2-3 years,2,2.771,Fully Meets,3,2020-09-15,2023-06-24,Left,Active,Contradicts dates,Involuntary,Involuntary,No
1524,Production Technician I,M1095,TNS,Production,Engineers,Engineer,Full-Time,Temporary,Zone A,MA,Female,Other,45-54,3,Under 1 year,0,0.392,Fully Meets,3,2023-03-16,,Employed,Active,Agrees with dates,,,No
1525,Production Technician I,M1096,BPC,Production,General - Con,Laborer,Full-Time,Temporary,Zone B,MA,Female,Asian,55+,4,Under 1 year,0,0.895,Needs Improvement,3,2021-11-14,2022-10-07,Left,Active,Contradicts dates,Involuntary,Involuntary,Yes
1526,Production Technician I,M1097,CCDR,Production,Field Operations,Foreman,Contract,Full-Time,Zone B,MA,Female,Other,35-44,2,2-3 years,2,2.286,Fully Meets,3,2021-04-23,,Employed,Active,Agrees with dates,,,No
1527,Production Technician I,M1098,EW,Production,Engineers,Engineer,Part-Time,Full-Time,Zone A,MA,Female,Asian,35-44,2,Under 1 year,0,0.225,Fully Meets,3,2022-06-05,2022-08-26,Left,Active,Contradicts dates,Voluntary,Voluntary,Yes
1528,Production Technician I,M1099,MSC,Production,Field Operations,Laborer,Part-Time,Part-Time,Zone A,MA,Female,Asian,55+,4,Under 1 year,0,0.712,Fully Meets,3,2022-11-19,,Employed,Active,Agrees with dates,,,No
1529,Production Technician I,M1100,NEL,Production,Field Operations,Laborer,Full-Time,Part-Time,Zone C,MA,Female,Hispanic,45-54,3,Under 1 year,0,0.312,Fully Meets,3,2023-04-14,,Employed,Active,Agrees with dates,,,No
1530,Production Technician I,M1101,PL,Production,Field Operations,Top Hand,Contract,Full-Time,Zone B,MA,Female,Other,Under 25,0,Under 1 year,0,0.646,Fully Meets,3,2022-12-13,,Employed,Active,Agrees with dates,,,No
1531,Production Technician I,M1102,PYZ,Production,Aerial,Lineman,Part-Time,Full-Time,Zone A,MA,Female,Asian,35-44,2,Under 1 year,0,0.079,Fully Meets,3,2023-03-11,2023-04-09,Left,Future Start,Contradicts dates,Voluntary,Voluntary,Yes
1532,Production Technician I,M1103,SVG,Production,General - Con,Technician,Part-Time,Full-Time,Zone B,MA,Female,Asian,55+,4,Under 1 year,0,0.241,Fully Meets,3,2019-11-22,2020-02-18,Left,Leave of Absence,Contradicts dates,Retirement,Retirement,Yes
1533,Production Technician I,M1104,TNS,Production,Aerial,Technician,Contract,Full-Time,Zone C,MA,Female,Black,25-34,1,Under 1 year,0,0.687,Fully Meets,3,2021-03-13,2021-11-19,Left,Leave of Absence,Contradicts dates,Resignation,Voluntary,Yes
1534,Production Technician II,M1105,CCDR,Production,Field Operations,Operator,Full-Time,Temporary,Zone B,MA,Male,White,55+,4,1-2 years,1,1.437,Fully Meets,3,2022-02-27,,Employed,Active,Agrees with dates,,,No
1535,Production Technician II,M1106,SVG,Production,General - Con,Foreman,Contract,Part-Time,Zone B,MA,Female,Black,Under 25,0,2-3 years,2,2.245,Fully Meets,3,2021-05-08,,Employed,Active,Agrees with dates,,,No
1536,Production Technician II,M1107,EW,Production,General - Con,Locator,Contract,Part-Time,Zone C,MA,Female,Asian,55+,4,Under 1 year,0,0.608,Fully Meets,3,2022-12-27,,Employed,Active,Agrees with dates,,,No
1537,Production Technician II,M1108,MSC,Production,Project Management - Con,Vp,Contract,Full-Time,Zone B,MA,Male,Hispanic,55+,4,2-3 years,2,2.971,Fully Meets,3,2020-08-16,,Employed,Active,Agrees with dates,,,No
1538,Production Technician II,M1109,TNS,Production,Splicing,Splicer,Contract,Full-Time,Zone B,MA,Male,White,Under 25,0,Under 1 year,0,0.542,Fully Meets,3,2023-01-20,,Employed,Active,Agrees with dates,,,No
1539,Production Technician II,M1110,PYZ,Production,Project Management - Con,Laborer,Part-Time,Full-Time,Zone A,MA,Male,Hispanic,55+,4,Under 1 year,0,0.758,Fully Meets,3,2020-12-28,2021-10-01,Left,Voluntarily Terminated,Agrees with dates,Voluntary,Voluntary,Yes
1540,Production Technician I,M1111,BPC,Production,Technology / It,Cio,Contract,Temporary,Zone C,MA,Female,Black,55+,4,2-3 years,2,2.461,Fully Meets,3,2021-02-18,,Employed,Active,Agrees with dates,,,No
1541,Production Technician I,M1112,CCDR,Production,General - Sga,Assistant,Part-Time,Full-Time,Zone C,MA,Female,Black,45-54,3,2-3 years,2,2.552,Fully Meets,3,2021-01-16,,Employed,Active,Agrees with dates,,,No
1542,Production Technician I,M1113,SVG,Production,Splicing,Construction Manager,Full-Time,Temporary,Zone A,MA,Male,White,25-34,1,1-2 years,1,1.331,Fully Meets,3,2022-04-07,,Employed,Active,Agrees with dates,,,No
1543,Production Technician I,M1114,EW,Production,Field Operations,Laborer,Part-Time,Part-Time,Zone A,MA,Male,Black,55+,4,1-2 years,1,1.815,Fully Meets,3,2019-07-11,2021-05-04,Left,Active,Contradicts dates,Involuntary,Involuntary,No
1544,Production Technician I,M1115,MSC,Production,General - Eng,Technician,Part-Time,Temporary,Zone C,MA,Female,Other,25-34,1,2-3 years,2,2.242,Fully Meets,3,2020-08-09,2022-11-06,Left,Active,Contradicts dates,Retirement,Retirement,No
1545,Production Technician I,M1116,TNS,Production,Field Operations,Laborer,Contract,Part-Time,Zone A,MA,Female,Hispanic,55+,4,3-5 years,3,4.876,Fully Meets,3,2018-09-20,,Employed,Active,Agrees with dates,,,No
1546,Production Technician I,M287,PYZ,Production,Splicing,Construction Manager,Part-Time,Part-Time,Zone B,MA,Female,Hispanic,55+,4,1-2 years,1,1.325,Fully Meets,3,2020-01-21,2021-05-19,Left,Active,Contradicts dates,Voluntary,Voluntary,No
1547,Production Technician I,M1117,WBL,Production,Technology / It,Intern,Contract,Temporary,Zone B,MA,Female,Hispanic,25-34,1,Under 1 year,0,0.991,Fully Meets,3,2022-02-17,2023-02-14,Left,Active,Contradicts dates,Retirement,Retirement,Yes
1548,Production Technician I,M1118,NEL,Production,Engineers,Engineer,Part-Time,Full-Time,Zone A,MA,Male,Asian,55+,4,3-5 years,3,4.153,Needs Improvement,3,2019-06-11,,Employed,Active,Agrees with dates,,,No
1549,Production Technician I,M1119,PL,Production,Executive,Executive,Part-Time,Full-Time,Zone C,MA,Female,Other,25-34,1,1-2 years,1,1.254,Fully Meets,3,2022-05-05,,Employed,Active,Agrees with dates,,,No
1550,Production Technician I,M1120,BPC,Production,Field Operations,Technician,Full-Time,Temporary,Zone A,MA,Female,Black,55+,4,1-2 years,1,1.897,Fully Meets,3,2018-09-19,2020-08-12,Left,Active,Contradicts dates,Retirement,Retirement,No
1551,Production Technician I,M1121,CCDR,Production,Engineers,Project Manager,Contract,Full-Time,Zone B,MA,Female,Black,45-54,3,2-3 years,2,2.048,Fully Meets,3,2021-06-01,2023-06-19,Left,Future Start,Contradicts dates,Resignation,Voluntary,No
1552,Production Technician I,M1122,SVG,Production,Wireline Construction,Laborer,Part-Time,Part-Time,Zone C,MA,Female,Asian,55+,4,Under 1 year,0,0.016,Fully Meets,3,2023-07-05,2023-07-11,Left,Future Start,Contradicts dates,Voluntary,Voluntary,Yes
1553,Production Technician I,M1123,EW,Production,Field Operations,Technician,Part-Time,Part-Time,Zone C,MA,Female,Other,55+,4,Under 1 year,0,0.635,Fully Meets,3,2022-12-17,,Employed,Active,Agrees with dates,,,No
1554,Production Technician I,M1124,MSC,Production,Technology / It,Project Manager,Full-Time,Part-Time,Zone B,MA,Male,White,55+,4,1-2 years,1,1.194,Fully Meets,3,2021-07-06,2022-09-15,Left,Leave of Absence,Contradicts dates,Voluntary,Voluntary,No
1555,Production Technician II,M1125,PL,Production,Field Operations,Technician,Part-Time,Part-Time,Zone A,MA,Female,Hispanic,55+,4,3-5 years,3,4.361,Fully Meets,3,2019-03-27,,Employed,Active,Agrees with dates,,,No
1556,Production Technician II,M1126,PYZ,Production,Project Management - Con,Manager,Full-Time,Temporary,Zone B,MA,Female,Asian,25-34,1,Under 1 year,0,0.246,Fully Meets,3,2023-05-08,,Employed,Active,Agrees with dates,,,No
1557,Production Technician II,M1127,SVG,Production,Project Management - Con,Project Manager,Part-Time,Temporary,Zone B,MA,Male,Hispanic,25-34,1,2-3 years,2,2.034,Fully Meets,3,2018-12-12,2020-12-24,Left,Voluntarily Terminated,Agrees with dates,Voluntary,Voluntary,No
1558,Production Technician II,M1128,TNS,Production,Field Operations,Project Manager,Part-Time,Temporary,Zone A,MA,Male,Black,35-44,2,2-3 years,2,2.946,Fully Meets,3,2020-08-25,,Employed,Active,Agrees with dates,,,No
1559,Production Technician II,M1129,WBL,Production,Project Management - Con,Coordinator,Full-Time,Full-Time,Zone B,MA,Male,Other,55+,4,Under 1 year,0,0.353,Fully Meets,3,2022-04-22,2022-08-29,Left,Voluntarily Terminated,Agrees with dates,Involuntary,Involuntary,Yes
1560,Production Technician II,M1130,PYZ,Production,General - Con,Model Assistant,Full-Time,Full-Time,Zone A,MA,Male,Other,55+,4,Under 1 year,0,0.95,Fully Meets,3,2021-12-20,2022-12-02,Left,Voluntarily Terminated,Agrees with dates,Retirement,Retirement,Yes
1561,Production Technician I,M1131,PL,Production,General - Con,Clerk,Contract,Full-Time,Zone C,MA,Female,Hispanic,55+,4,2-3 years,2,2.478,Fully Meets,3,2021-02-12,,Employed,Active,Agrees with dates,,,No
1562,Production Technician I,M1132,BPC,Production,General - Sga,Administrator,Full-Time,Temporary,Zone B,MA,Female,Black,55+,4,1-2 years,1,1.054,Fully Meets,3,2020-09-29,2021-10-19,Left,Active,Contradicts dates,Involuntary,Involuntary,No
1563,Production Technician I,M1133,CCDR,Production,Field Operations,Engineer,Contract,Temporary,Zone C,MA,Female,Black,55+,4,Under 1 year,0,0.416,Fully Meets,3,2022-09-10,2023-02-09,Left,Active,Contradicts dates,Resignation,Voluntary,Yes
1564,Production Technician I,M1134,SVG,Production,General - Con,Technician,Contract,Full-Time,Zone A,MA,Male,Other,25-34,1,Under 1 year,0,0.23,Exceeds,3,2023-03-11,2023-06-03,Left,Active,Contradicts dates,Resignation,Voluntary,Yes
1565,Production Technician I,M1135,EW,Production,Field Operations,Foreman,Full-Time,Full-Time,Zone C,MA,Male,Asian,55+,4,Under 1 year,0,0.871,Fully Meets,3,2022-04-28,2023-03-12,Left,Active,Contradicts dates,Voluntary,Voluntary,Yes
1566,Production Technician I,M1136,MSC,Production,Yard (Material Handling),Technician,Full-Time,Temporary,Zone B,MA,Female,Hispanic,55+,4,1-2 years,1,1.246,Exceeds,3,2022-03-20,2023-06-18,Left,Active,Contradicts dates,Retirement,Retirement,No
1567,Production Technician I,M1137,TNS,Production,Field Operations,Manager,Contract,Part-Time,Zone C,MA,Female,Asian,35-44,2,Under 1 year,0,0.402,Fully Meets,3,2022-03-04,2022-07-29,Left,Active,Contradicts dates,Involuntary,Involuntary,Yes
1568,Production Technician I,M1138,PYZ,Production,Yard (Material Handling),Coordinator,Part-Time,Full-Time,Zone B,MA,Female,Asian,25-34,1,Under 1 year,0,0.509,Fully Meets,3,2023-02-01,,Employed,Active,Agrees with dates,,,No
1569,Production Technician I,M1139,WBL,Production,Engineers,Engineer,Part-Time,Full-Time,Zone C,MA,Male,Black,45-54,3,2-3 years,2,2.497,Fully Meets,3,2021-02-05,,Employed,Active,Agrees with dates,,,No
1570,Production Technician I,M1140,NEL,Production,General - Con,Laborer,Contract,Part-Time,Zone C,MA,Male,Asian,25-34,1,Under 1 year,0,0.504,Fully Meets,3,2022-11-23,2023-05-26,Left,Active,Contradicts dates,Retirement,Retirement,Yes
1571,Production Technician I,M1141,PL,Production,Yard (Material Handling),Specialist,Part-Time,Full-Time,Zone A,MA,Female,Hispanic,35-44,2,2-3 years,2,2.201,Exceeds,3,2021-05-24,,Employed,Active,Agrees with dates,,,No
1572,Production Technician I,M1142,BPC,Production,Fielders,Engineer,Part-Time,Part-Time,Zone C,MA,Female,Black,55+,4,1-2 years,1,1.029,Fully Meets,3,2021-09-28,2022-10-09,Left,Active,Contradicts dates,Resignation,Voluntary,No
1573,Production Technician I,M1143,CCDR,Production,Shop (Fleet),Manager,Contract,Part-Time,Zone A,MA,Female,Other,35-44,2,2-3 years,2,2.387,Fully Meets,3,2021-03-17,,Employed,Active,Agrees with dates,,,No
1574,Production Technician I,M1144,SVG,Production,General - Con,Foreman,Full-Time,Temporary,Zone C,MA,Female,Hispanic,25-34,1,Under 1 year,0,0.044,Fully Meets,3,2023-07-03,2023-07-19,Left,Future Start,Contradicts dates,Voluntary,Voluntary,Yes
1575,Production Technician I,M1145,EW,Production,Field Operations,Laborer,Contract,Temporary,Zone A,MA,Female,Asian,55+,4,1-2 years,1,1.914,Fully Meets,3,2019-08-11,2021-07-10,Left,Leave of Absence,Contradicts dates,Involuntary,Involuntary,No
1576,Production Technician I,M1146,MSC,Production,Aerial,Lineman,Full-Time,Full-Time,Zone C,MA,Male,Black,55+,4,Under 1 year,0,0.884,Needs Improvement,3,2019-11-11,2020-09-29,Left,Voluntarily Terminated,Agrees with dates,Resignation,Voluntary,Yes
1577,Production Technician II,M1147,PL,Production,Finance & Accounting,Cfo,Full-Time,Temporary,Zone B,MA,Female,Black,55+,4,2-3 years,2,2.639,Fully Meets,3,2020-12-15,,Employed,Active,Agrees with dates,,,No
1578,Production Technician II,M1148,PYZ,Production,Field Operations,Tower Hand,Part-Time,Part-Time,Zone B,MA,Male,Hispanic,35-44,2,1-2 years,1,1.922,Needs Improvement,3,2021-05-06,2023-04-08,Left,Voluntarily Terminated,Agrees with dates,Retirement,Retirement,No
1579,Production Technician II,M1149,SVG,Production,General - Con,Foreman,Part-Time,Full-Time,Zone A,MA,Male,White,25-34,1,2-3 years,2,2.078,Fully Meets,3,2021-07-08,,Employed,Active,Agrees with dates,,,No
1580,Production Technician II,M1150,TNS,Production,Finance & Accounting,Administration,Part-Time,Full-Time,Zone A,MA,Male,Asian,45-54,3,Under 1 year,0,0.339,Needs Improvement,3,2023-04-04,,Employed,Active,Agrees with dates,,,No
1581,Production Technician II,M1151,WBL,Production,General - Con,Foreman,Full-Time,Part-Time,Zone C,MA,Male,Asian,55+,4,Under 1 year,0,0.487,Fully Meets,3,2022-08-05,2023-01-30,Left,Voluntarily Terminated,Agrees with dates,Voluntary,Voluntary,Yes
1582,Production Technician II,M1152,BPC,Production,Field Operations,Engineer,Part-Time,Temporary,Zone C,MA,Female,Other,25-34,1,1-2 years,1,1.673,Needs Improvement,3,2020-04-06,2021-12-08,Left,Voluntarily Terminated,Agrees with dates,Resignation,Voluntary,No
1583,Production Technician I,M1153,NEL,Production,Project Management - Con,Coordinator,Full-Time,Part-Time,Zone B,MA,Female,Other,45-54,3,Under 1 year,0,0.027,Fully Meets,3,2023-03-02,2023-03-12,Left,Voluntarily Terminated,Agrees with dates,Involuntary,Involuntary,Yes
1584,Production Technician I,M1154,PL,Production,Fielders,Engineer,Contract,Part-Time,Zone B,MA,Female,White,55+,4,3-5 years,3,3.324,Fully Meets,3,2020-04-09,,Employed,Active,Agrees with dates,,,No
1585,Production Technician I,M1155,BPC,Production,Splicing,Tester,Part-Time,Temporary,Zone A,MA,Female,Black,55+,4,Under 1 year,0,0.81,Fully Meets,3,2022-09-17,2023-07-10,Left,Active,Contradicts dates,Retirement,Retirement,Yes
1586,Production Technician I,M1156,CCDR,Production,General - Con,Technician,Full-Time,Full-Time,Zone C,MA,Female,Hispanic,45-54,3,1-2 years,1,1.555,Fully Meets,3,2022-01-15,,Employed,Active,Agrees with dates,,,No
1587,Production Technician I,M1157,SVG,Production,Splicing,Splicer,Part-Time,Part-Time,Zone C,MA,Male,Other,35-44,2,1-2 years,1,1.205,Fully Meets,3,2022-05-23,,Employed,Active,Agrees with dates,,,No
1588,Production Technician I,M1158,EW,Production,Splicing,Technician,Full-Time,Temporary,Zone A,MA,Male,Hispanic,55+,4,2-3 years,2,2.059,Fully Meets,3,2021-07-15,,Employed,Active,Agrees with dates,,,No
1589,Production Technician I,M1159,MSC,Production,Field Operations,Technician,Contract,Part-Time,Zone A,MA,Female,White,25-34,1,1-2 years,1,1.99,Fully Meets,3,2020-08-28,2022-08-25,Left,Active,Contradicts dates,Involuntary,Involuntary,No
1590,Production Technician I,M1160,TNS,Production,Wireline Construction,Foreman,Part-Time,Full-Time,Zone A,MA,Male,Black,35-44,2,1-2 years,1,1.906,Fully Meets,3,2021-09-09,,Employed,Active,Agrees with dates,,,No
1591,Production Technician I,M1161,PYZ,Production,General - Con,Technician,Contract,Part-Time,Zone A,MA,Female,Asian,55+,4,Under 1 year,0,0.279,Fully Meets,3,2023-02-10,2023-05-23,Left,Active,Contradicts dates,Voluntary,Voluntary,Yes
1592,Production Technician I,M1162,WBL,Production,Engineers,Engineer,Full-Time,Full-Time,Zone A,MA,Male,Other,35-44,2,3-5 years,3,3.091,Exceeds,3,2020-06-14,2023-07-18,Left,Active,Contradicts dates,Retirement,Retirement,No
1593,Production Technician I,M1163,NEL,Production,Catv,Laborer,Part-Time,Full-Time,Zone B,MA,Male,Asian,35-44,2,2-3 years,2,2.667,Exceeds,3,2020-12-05,,Employed,Active,Agrees with dates,,,No
1594,Production Technician I,M409,PL,Production,Aerial,Lineman,Part-Time,Full-Time,Zone B,MA,Female,Black,55+,4,1-2 years,1,1.057,Exceeds,3,2022-07-16,,Employed,Active,Agrees with dates,,,No
1595,Production Technician I,M1164,BPC,Production,General - Eng,Administrative,Part-Time,Full-Time,Zone A,MA,Female,Black,45-54,3,Under 1 year,0,0.159,Exceeds,3,2023-06-09,,Employed,Active,Agrees with dates,,,No
1596,Production Technician I,M1165,CCDR,Production,General - Sga,Administrator,Contract,Temporary,Zone C,MA,Female,Other,55+,4,Under 1 year,0,0.23,Exceeds,3,2020-03-02,2020-05-25,Left,Future Start,Contradicts dates,Voluntary,Voluntary,Yes
1597,Production Technician I,M1166,SVG,Production,Project Management - Con,Coordinator,Part-Time,Temporary,Zone C,MA,Female,White,25-34,1,2-3 years,2,2.845,Exceeds,3,2018-11-23,2021-09-27,Left,Future Start,Contradicts dates,Voluntary,Voluntary,No
1598,Production Technician I,M1167,EW,Production,General - Con,Groundman,Contract,Part-Time,Zone A,MA,Female,Black,45-54,3,3-5 years,3,4.063,Needs Improvement,3,2019-05-27,2023-06-19,Left,Leave of Absence,Contradicts dates,Resignation,Voluntary,No
1599,Production Technician II,M1168,BPC,Production,Field Operations,Laborer,Full-Time,Full-Time,Zone C,MA,Male,White,45-54,3,Under 1 year,0,0.895,Exceeds,3,2022-05-18,2023-04-10,Left,Voluntarily Terminated,Agrees with dates,Resignation,Voluntary,Yes
1600,Production Technician II,M1169,CCDR,Production,General - Con,Technician,Contract,Full-Time,Zone A,MA,Female,Hispanic,25-34,1,3-5 years,3,4.747,Exceeds,3,2018-11-06,,Employed,Active,Agrees with dates,,,No
1601,Production Technician II,M1170,SVG,Production,Engineers,Engineer,Part-Time,Temporary,Zone C,MA,Male,Asian,25-34,1,1-2 years,1,1.32,Exceeds,3,2022-03-29,2023-07-24,Left,Active,Contradicts dates,Resignation,Voluntary,No
1602,Production Technician II,M1171,EW,Production,General - Con,Technician,Full-Time,Part-Time,Zone A,MA,Female,Asian,Under 25,0,Under 1 year,0,0.512,Exceeds,3,2021-11-04,2022-05-10,Left,Active,Contradicts dates,Voluntary,Voluntary,Yes
1603,Production Technician II,M1172,MSC,Production,General - Con,Locator,Part-Time,Part-Time,Zone B,MA,Male,White,45-54,3,Under 1 year,0,0.277,Exceeds,3,2023-04-27,,Employed,Active,Agrees with dates,,,No
1604,Production Technician II,M1173,TNS,Production,General - Con,Operator,Full-Time,Full-Time,Zone B,MA,Male,Asian,45-54,3,3-5 years,3,3.411,Exceeds,3,2020-03-08,,Employed,Active,Agrees with dates,,,No
1605,Production Technician I,M1174,NEL,Production,Field Operations,Laborer,Full-Time,Full-Time,Zone B,MA,Female,Black,55+,4,1-2 years,1,1.451,Exceeds,3,2019-04-27,2020-10-08,Left,Voluntarily Terminated,Agrees with dates,Resignation,Voluntary,No
1606,Production Technician I,M1175,PL,Production,Field Operations,Laborer,Full-Time,Full-Time,Zone C,MA,Female,White,55+,4,3-5 years,3,4.238,Exceeds,3,2019-05-11,,Employed,Active,Agrees with dates,,,No
1607,Production Technician I,M1176,BPC,Production,Shop (Fleet),Shop,Contract,Temporary,Zone C,MA,Female,Hispanic,35-44,2,2-3 years,2,2.409,Needs Improvement,3,2021-03-09,,Employed,Active,Agrees with dates,,,No
1608,Production Technician I,M1177,CCDR,Production,Field Operations,Technician,Part-Time,Temporary,Zone A,MA,Female,White,25-34,1,2-3 years,2,2.749,PIP,3,2020-11-05,,Employed,Active,Agrees with dates,,,No
1609,Production Technician I,M1178,SVG,Production,General - Eng,Engineer,Contract,Full-Time,Zone A,MA,Male,Black,55+,4,3-5 years,3,4.454,PIP,3,2018-09-12,2023-02-25,Left,Active,Contradicts dates,Retirement,Retirement,No
1610,Production Technician I,M1179,EW,Production,General - Con,Flagger,Part-Time,Full-Time,Zone B,MA,Female,White,35-44,2,Under 1 year,0,0.025,Needs Improvement,3,2019-11-09,2019-11-18,Left,Active,Contradicts dates,Involuntary,Involuntary,Yes
1611,Production Technician I,M1180,MSC,Production,Project Management - Con,Coordinator,Full-Time,Part-Time,Zone C,MA,Female,Hispanic,55+,4,3-5 years,3,3.608,Needs Improvement,3,2018-11-29,2022-07-09,Left,Active,Contradicts dates,Voluntary,Voluntary,No
1612,Production Technician I,M1181,TNS,Production,General - Sga,Lineman,Part-Time,Temporary,Zone B,MA,Male,White,25-34,1,Under 1 year,0,0.641,Needs Improvement,3,2022-07-03,2023-02-22,Left,Active,Contradicts dates,Retirement,Retirement,Yes
1613,Production Technician I,M1182,PYZ,Production,Field Operations,Laborer,Contract,Full-Time,Zone C,MA,Female,Other,25-34,1,Under 1 year,0,0.849,Exceeds,3,2019-09-26,2020-08-01,Left,Active,Contradicts dates,Voluntary,Voluntary,Yes
1614,Production Technician I,M1183,WBL,Production,Field Operations,Director,Part-Time,Part-Time,Zone B,MA,Male,Asian,55+,4,Under 1 year,0,0.619,Needs Improvement,3,2022-12-23,,Employed,Active,Agrees with dates,,,No
1615,Production Technician I,M1184,NEL,Production,General - Con,Foreman,Part-Time,Part-Time,Zone C,MA,Male,White,55+,4,Under 1 year,0,0.545,Exceeds,3,2023-01-19,,Employed,Active,Agrees with dates,,,No
1616,Production Technician I,M1185,PL,Production,Field Operations,Laborer,Full-Time,Part-Time,Zone A,MA,Female,Black,25-34,1,3-5 years,3,4.846,Needs Improvement,3,2018-10-01,,Employed,Active,Agrees with dates,,,No
1617,Production Technician I,M1186,BPC,Production,Aerial,Lineman,Full-Time,Full-Time,Zone B,MA,Female,Black,25-34,1,1-2 years,1,1.462,Needs Improvement,3,2022-02-18,,Employed,Active,Agrees with dates,,,No
1618,Production Technician I,M1187,CCDR,Production,Field Operations,Laborer,Full-Time,Temporary,Zone B,MA,Male,White,45-54,3,1-2 years,1,1.656,Needs Improvement,3,2021-12-09,,Employed,Active,Agrees with dates,,,No
1619,Production Technician I,M1188,SVG,Production,General - Con,Foreman,Part-Time,Full-Time,Zone B,MA,Female,Black,55+,4,2-3 years,2,2.727,Needs Improvement,3,2019-01-01,2021-09-23,Left,Leave of Absence,Contradicts dates,Retirement,Retirement,No
1620,Production Technician I,M1189,EW,Production,Executive,Executive Assistant,Contract,Full-Time,Zone A,MA,Male,Asian,55+,4,3-5 years,3,3.192,Needs Improvement,3,2020-05-27,,Employed,Active,Agrees with dates,,,No
1621,BI Developer,M1190,MSC,IT/IS,Field Operations,Supervisor,Full-Time,Temporary,Zone B,MA,Male,Other,45-54,3,1-2 years,1,1.352,Needs Improvement,3,2021-09-21,2023-01-28,Left,Active,Contradicts dates,Involuntary,Involuntary,No
1622,BI Developer,M1191,TNS,IT/IS,Aerial,Director,Contract,Part-Time,Zone A,MA,Male,Asian,55+,4,Under 1 year,0,0.559,Needs Improvement,3,2021-08-30,2022-03-22,Left,Active,Contradicts dates,Retirement,Retirement,Yes
1623,BI Developer,M1192,PYZ,IT/IS,Finance & Accounting,Intern,Full-Time,Temporary,Zone C,MA,Male,Other,Under 25,0,Under 1 year,0,0.115,Needs Improvement,3,2023-06-19,2023-07-31,Left,Active,Contradicts dates,Voluntary,Voluntary,Yes
1624,Senior BI Developer,M1193,WBL,IT/IS,Field Operations,Top Hand,Full-Time,Temporary,Zone A,MA,Male,White,25-34,1,Under 1 year,0,0.011,Needs Improvement,3,2023-05-12,2023-05-16,Left,Active,Contradicts dates,Resignation,Voluntary,Yes
1625,Senior BI Developer,M1194,NEL,IT/IS,Shop (Fleet),Manager,Part-Time,Part-Time,Zone B,MA,Male,Other,45-54,3,1-2 years,1,1.169,Exceeds,3,2022-06-05,,Employed,Active,Agrees with dates,,,No
1626,Data Architect,M1195,PL,IT/IS,General - Con,Technician,Full-Time,Temporary,Zone B,MA,Female,Other,55+,4,Under 1 year,0,0.723,Needs Improvement,3,2020-09-17,2021-06-08,Left,Active,Contradicts dates,Resignation,Voluntary,Yes
1627,BI Developer,M1196,BPC,IT/IS,Field Operations,Technician,Full-Time,Full-Time,Zone C,MA,Female,Other,55+,4,Under 1 year,0,0.227,Exceeds,3,2023-05-15,,Employed,Active,Agrees with dates,,,No
1628,Senior BI Developer,M1197,CCDR,IT/IS,Catv,Foreman,Part-Time,Temporary,Zone A,MA,Female,Asian,45-54,3,Under 1 year,0,0.914,Needs Improvement,3,2018-12-15,2019-11-14,Left,Active,Contradicts dates,Retirement,Retirement,Yes
1629,BI Developer,M1198,PL,IT/IS,Field Operations,Engineer,Part-Time,Full-Time,Zone B,MA,Female,Hispanic,55+,4,3-5 years,3,3.373,Fully Meets,3,2019-11-06,2023-03-22,Left,Terminated for Cause,Agrees with dates,Voluntary,Voluntary,No
1630,BI Developer,M1199,BPC,IT/IS,General - Con,Foreman,Contract,Temporary,Zone C,MA,Female,Other,55+,4,1-2 years,1,1.5,Fully Meets,3,2021-04-25,2022-10-25,Left,Terminated for Cause,Agrees with dates,Involuntary,Involuntary,No
1631,BI Developer,M037,CCDR,IT/IS,Executive,Executive Assistant,Full-Time,Full-Time,Zone C,MA,Female,White,35-44,2,Under 1 year,0,0.088,Fully Meets,3,2023-06-17,2023-07-19,Left,Terminated for Cause,Agrees with dates,Voluntary,Voluntary,Yes
1632,BI Developer,M1200,SVG,IT/IS,Field Operations,Driller,Full-Time,Full-Time,Zone C,MA,Female,Black,45-54,3,1-2 years,1,1.558,Fully Meets,3,2022-01-14,,Employed,Active,Agrees with dates,,,No
1633,Area Sales Manager,M1201,EW,IT/IS,Field Operations,Laborer,Contract,Temporary,Zone B,MA,Female,Black,25-34,1,Under 1 year,0,0.389,Fully Meets,3,2018-10-22,2019-03-13,Left,Active,Contradicts dates,Involuntary,Involuntary,Yes
1634,Area Sales Manager,M1202,MSC,IT/IS,Finance & Accounting,Administration,Contract,Part-Time,Zone C,MA,Male,Black,45-54,3,1-2 years,1,1.073,Fully Meets,3,2021-10-17,2022-11-13,Left,Active,Contradicts dates,Voluntary,Voluntary,No
1635,Area Sales Manager,M1203,TNS,IT/IS,Safety,Safety,Full-Time,Part-Time,Zone C,MA,Male,Hispanic,25-34,1,1-2 years,1,1.473,Fully Meets,3,2021-10-19,2023-04-10,Left,Active,Contradicts dates,Retirement,Retirement,No
1636,Sales Manager,M1204,SVG,Admin Offices,Aerial,Lineman,Contract,Part-Time,Zone B,MA,Male,White,Under 25,0,Under 1 year,0,0.17,Fully Meets,3,2018-10-16,2018-12-17,Left,Active,Contradicts dates,Involuntary,Involuntary,Yes
1637,Sales Manager,M1205,EW,Admin Offices,General - Con,Foreman,Full-Time,Part-Time,Zone C,MA,Male,Black,35-44,2,Under 1 year,0,0.235,Fully Meets,3,2020-04-26,2020-07-21,Left,Active,Contradicts dates,Resignation,Voluntary,Yes
1638,Sales Manager,M1206,MSC,Sales,Finance & Accounting,Accounting,Full-Time,Full-Time,Zone B,MA,Male,Asian,25-34,1,2-3 years,2,2.76,Fully Meets,3,2020-01-22,2022-10-26,Left,Active,Contradicts dates,Involuntary,Involuntary,No
1639,BI Director,M1207,EW,IT/IS,Field Operations,Technician,Full-Time,Full-Time,Zone A,MA,Male,Black,55+,4,Under 1 year,0,0.309,Fully Meets,3,2022-03-30,2022-07-21,Left,Terminated for Cause,Agrees with dates,Resignation,Voluntary,Yes
1640,BI Developer,M1208,MSC,IT/IS,Engineers,Field Project Manager,Contract,Full-Time,Zone A,MA,Female,Hispanic,55+,4,1-2 years,1,1.265,Fully Meets,3,2021-05-29,2022-09-03,Left,Terminated for Cause,Agrees with dates,Voluntary,Voluntary,No
1641,BI Developer,M1209,NEL,IT/IS,Field Operations,Laborer,Part-Time,Temporary,Zone C,MA,Female,Other,25-34,1,Under 1 year,0,0.225,Fully Meets,3,2023-03-09,2023-05-30,Left,Terminated for Cause,Agrees with dates,Voluntary,Voluntary,Yes
1642,BI Developer,M1210,PL,IT/IS,Wireline Construction,Project Manager,Contract,Part-Time,Zone A,MA,Female,Black,55+,4,Under 1 year,0,0.099,Fully Meets,3,2019-11-22,2019-12-28,Left,Terminated for Cause,Agrees with dates,Retirement,Retirement,Yes
1643,Area Sales Manager,M1211,SVG,IT/IS,Aerial,Supervisor,Full-Time,Full-Time,Zone A,MA,Male,Other,35-44,2,1-2 years,1,1.711,Fully Meets,3,2019-04-07,2020-12-22,Left,Active,Contradicts dates,Involuntary,Involuntary,No
1644,Area Sales Manager,M1212,TNS,IT/IS,Aerial,Foreman,Contract,Temporary,Zone C,MA,Male,Other,Under 25,0,Under 1 year,0,0.014,Fully Meets,3,2023-03-23,2023-03-28,Left,Active,Contradicts dates,Voluntary,Voluntary,Yes
1645,Area Sales Manager,M1213,WBL,IT/IS,Fielders,Engineer,Part-Time,Temporary,Zone A,MA,Male,Hispanic,45-54,3,1-2 years,1,1.689,Fully Meets,3,2021-02-18,2022-10-28,Left,Active,Contradicts dates,Resignation,Voluntary,No
1646,Sales Manager,M1214,SVG,Admin Offices,General - Sga,Engineer,Contract,Full-Time,Zone C,MA,Male,Black,35-44,2,2-3 years,2,2.089,Fully Meets,3,2019-04-05,2021-05-07,Left,Active,Contradicts dates,Voluntary,Voluntary,No
1647,Sales Manager,M1215,EW,IT/IS,Catv,Foreman,Contract,Part-Time,Zone B,MA,Male,Black,35-44,2,2-3 years,2,2.71,Fully Meets,3,2019-10-23,2022-07-09,Left,Active,Contradicts dates,Involuntary,Involuntary,No
1648,Sales Manager,M1216,MSC,Sales,Aerial,Driver,Part-Time,Part-Time,Zone C,MA,Male,White,45-54,3,2-3 years,2,2.229,Fully Meets,3,2021-05-14,,Employed,Active,Agrees with dates,,,No
1649,CIO,M1217,WBL,IT/IS,Wireline Construction,Groundman,Full-Time,Part-Time,Zone A,TX,Male,White,55+,4,3-5 years,3,4.383,Fully Meets,3,2019-03-19,,Employed,Active,Agrees with dates,,,No
1650,BI Director,M1218,NEL,IT/IS,Engineers,Technician,Part-Time,Temporary,Zone C,MA,Male,Asian,55+,4,1-2 years,1,1.402,Fully Meets,3,2019-05-08,2020-10-01,Left,Terminated for Cause,Agrees with dates,Resignation,Voluntary,No
1651,BI Developer,M1219,PL,IT/IS,Aerial,Laborer,Part-Time,Temporary,Zone A,MA,Female,Black,25-34,1,3-5 years,3,3.625,Fully Meets,3,2019-10-05,2023-05-21,Left,Terminated for Cause,Agrees with dates,Involuntary,Involuntary,No
1652,BI Developer,M1220,BPC,IT/IS,Field Operations,Driver,Full-Time,Full-Time,Zone C,MA,Female,White,35-44,2,Under 1 year,0,0.501,Fully Meets,3,2021-11-29,2022-05-31,Left,Terminated for Cause,Agrees with dates,Resignation,Voluntary,Yes
1653,Area Sales Manager,M1221,EW,IT/IS,Field Operations,Foreman,Part-Time,Temporary,Zone B,MA,Male,Hispanic,55+,4,1-2 years,1,1.136,Fully Meets,3,2018-11-06,2019-12-26,Left,Active,Contradicts dates,Involuntary,Involuntary,No
1654,Area Sales Manager,M1222,MSC,IT/IS,Engineers,Administrative,Full-Time,Temporary,Zone B,MA,Male,Black,Under 25,0,Under 1 year,0,0.326,Fully Meets,3,2021-07-27,2021-11-23,Left,Active,Contradicts dates,Resignation,Voluntary,Yes
1655,Area Sales Manager,M1223,TNS,IT/IS,Wireline Construction,Project Manager,Part-Time,Temporary,Zone A,MA,Male,Black,55+,4,Under 1 year,0,0.052,Fully Meets,3,2023-07-18,,Employed,Active,Agrees with dates,,,No
1656,Senior BI Developer,M1224,CCDR,Admin Offices,Field Operations,Tower Hand,Part-Time,Temporary,Zone C,MA,Male,Black,35-44,2,Under 1 year,0,0.92,Fully Meets,3,2022-09-04,,Employed,Active,Agrees with dates,,,No
1657,Sales Manager,M1225,SVG,IT/IS,Engineers,Engineer,Contract,Part-Time,Zone B,MA,Male,Other,45-54,3,3-5 years,3,4.203,Fully Meets,3,2019-05-24,,Employed,Active,Agrees with dates,,,No
1658,Sales Manager,M1226,EW,IT/IS,Field Operations,Laborer,Contract,Part-Time,Zone B,MA,Male,Other,45-54,3,3-5 years,3,3.756,Fully Meets,3,2019-11-03,,Employed,Active,Agrees with dates,,,No
1659,Sales Manager,M1227,MSC,Sales,Field Operations,Laborer,Full-Time,Part-Time,Zone C,MA,Female,White,45-54,3,1-2 years,1,1.311,Fully Meets,3,2019-11-26,2021-03-19,Left,Active,Contradicts dates,Involuntary,Involuntary,No
1660,CIO,M1228,WBL,IT/IS,General - Con,Technician,Contract,Full-Time,Zone B,MA,Male,Other,45-54,3,Under 1 year,0,0.063,Fully Meets,3,2022-08-09,2022-09-01,Left,Terminated for Cause,Agrees with dates,Retirement,Retirement,Yes
1661,BI Director,M1229,NEL,IT/IS,Finance & Accounting,Clerk,Contract,Full-Time,Zone C,MA,Male,Hispanic,35-44,2,3-5 years,3,4.383,Fully Meets,3,2019-03-19,,Employed,Active,Agrees with dates,,,No
1662,BI Developer,M1230,PL,IT/IS,Engineers,Engineer,Contract,Full-Time,Zone C,MA,Female,Hispanic,55+,4,3-5 years,3,4.695,Fully Meets,3,2018-11-25,,Employed,Active,Agrees with dates,,,No
1663,BI Developer,M1231,BPC,IT/IS,Aerial,Lineman,Full-Time,Full-Time,Zone C,MA,Female,Asian,55+,4,Under 1 year,0,0.98,Fully Meets,3,2022-04-10,2023-04-03,Left,Terminated for Cause,Agrees with dates,Retirement,Retirement,Yes
1664,Area Sales Manager,M1232,EW,IT/IS,Splicing,Laborer,Full-Time,Full-Time,Zone C,MA,Male,White,25-34,1,2-3 years,2,2.344,Fully Meets,3,2021-04-02,,Employed,Active,Agrees with dates,,,No
1665,Area Sales Manager,M1233,MSC,IT/IS,Project Management - Con,Coordinator,Contract,Part-Time,Zone A,MA,Male,Black,55+,4,3-5 years,3,3.622,Fully Meets,3,2019-12-22,,Employed,Active,Agrees with dates,,,No
1666,Area Sales Manager,M1234,TNS,IT/IS,General - Con,Locator,Full-Time,Part-Time,Zone A,OR,Male,Black,45-54,3,1-2 years,1,1.977,Fully Meets,3,2021-08-14,,Employed,Active,Agrees with dates,,,No
1667,Senior BI Developer,M1235,BPC,Admin Offices,Splicing,Splicer,Full-Time,Full-Time,Zone A,MA,Male,Black,45-54,3,3-5 years,3,4.939,Fully Meets,3,2018-08-28,,Employed,Active,Agrees with dates,,,No
1668,Senior BI Developer,M1236,CCDR,Admin Offices,Aerial,Laborer,Part-Time,Part-Time,Zone C,MA,Male,Black,55+,4,Under 1 year,0,0.074,Fully Meets,3,2023-07-10,,Employed,Active,Agrees with dates,,,No
1669,Sales Manager,M1237,SVG,IT/IS,Field Operations,Executive Assistant,Part-Time,Temporary,Zone A,MA,Male,Asian,55+,4,2-3 years,2,2.88,Fully Meets,3,2020-09-18,,Employed,Active,Agrees with dates,,,No
1670,Sales Manager,M1238,EW,IT/IS,Splicing,Laborer,Contract,Full-Time,Zone A,MA,Female,Other,55+,4,3-5 years,3,4.052,Fully Meets,3,2019-07-18,,Employed,Active,Agrees with dates,,,No
1671,Sales Manager,M1239,MSC,Sales,Project Management - Con,Coordinator,Contract,Full-Time,Zone A,MA,Female,White,55+,4,Under 1 year,0,0.057,Fully Meets,3,2021-11-21,2021-12-12,Left,Active,Contradicts dates,Involuntary,Involuntary,Yes
1672,CIO,M1240,CCDR,IT/IS,Field Operations,Tester,Full-Time,Part-Time,Zone B,MA,Male,Asian,55+,4,2-3 years,2,2.412,Fully Meets,3,2021-03-08,,Employed,Active,Agrees with dates,,,No
1673,BI Director,M1241,EW,IT/IS,General - Con,Laborer,Part-Time,Full-Time,Zone C,MA,Female,Other,55+,4,3-5 years,3,3.959,Fully Meets,3,2019-08-21,,Employed,Active,Agrees with dates,,,No
1674,BI Developer,M1242,MSC,IT/IS,Wireline Construction,Laborer,Part-Time,Full-Time,Zone B,MA,Female,Other,55+,4,1-2 years,1,1.109,Fully Meets,3,2022-04-30,2023-06-09,Left,Terminated for Cause,Agrees with dates,Involuntary,Involuntary,No
1675,Area Sales Manager,M1243,SVG,IT/IS,Field Operations,Technician,Full-Time,Part-Time,Zone A,MA,Male,Hispanic,55+,4,Under 1 year,0,0.197,Fully Meets,3,2023-02-03,2023-04-16,Left,Active,Contradicts dates,Resignation,Voluntary,Yes
1676,Area Sales Manager,M1244,TNS,IT/IS,Catv,Foreman,Part-Time,Full-Time,Zone B,MA,Male,Other,55+,4,Under 1 year,0,0.246,Fully Meets,3,2023-05-08,,Employed,Active,Agrees with dates,,,No
1677,Area Sales Manager,M1245,WBL,IT/IS,General - Con,Foreman,Part-Time,Part-Time,Zone B,OR,Female,Other,55+,4,1-2 years,1,1.021,Fully Meets,3,2022-07-29,,Employed,Active,Agrees with dates,,,No
1678,Senior BI Developer,M1246,PL,Admin Offices,Field Operations,Technician,Part-Time,Part-Time,Zone A,MA,Female,Black,55+,4,Under 1 year,0,0.507,Fully Meets,3,2020-11-18,2021-05-22,Left,Active,Contradicts dates,Resignation,Voluntary,Yes
1679,Senior BI Developer,M1247,BPC,Admin Offices,Engineers,Project Manager,Part-Time,Part-Time,Zone C,MA,Male,Black,55+,4,Under 1 year,0,0.912,Fully Meets,3,2021-05-16,2022-04-14,Left,Active,Contradicts dates,Voluntary,Voluntary,Yes
1680,Senior BI Developer,M1248,CCDR,IT/IS,General - Con,Laborer,Full-Time,Temporary,Zone C,MA,Male,Other,45-54,3,Under 1 year,0,0.977,Fully Meets,3,2019-10-25,2020-10-16,Left,Active,Contradicts dates,Involuntary,Involuntary,Yes
1681,Sales Manager,M1249,SVG,IT/IS,Engineers,Engineer,Contract,Temporary,Zone B,MA,Female,White,45-54,3,Under 1 year,0,0.164,Fully Meets,3,2023-03-05,2023-05-04,Left,Active,Contradicts dates,Retirement,Retirement,Yes
1682,Sales Manager,M1250,EW,IT/IS,Aerial,Foreman,Part-Time,Part-Time,Zone B,MA,Female,Black,45-54,3,2-3 years,2,2.179,Fully Meets,3,2021-06-01,,Employed,Active,Agrees with dates,,,No
1683,Sales Manager,M1251,MSC,Sales,Aerial,Lineman,Full-Time,Part-Time,Zone B,MA,Female,Other,35-44,2,Under 1 year,0,0.504,Fully Meets,3,2022-01-22,2022-07-25,Left,Voluntarily Terminated,Agrees with dates,Voluntary,Voluntary,Yes
1684,CIO,M1252,WBL,IT/IS,Engineers,Engineer,Contract,Part-Time,Zone A,MA,Male,Hispanic,55+,4,Under 1 year,0,0.06,Fully Meets,3,2023-07-09,2023-07-31,Left,Terminated for Cause,Agrees with dates,Involuntary,Involuntary,Yes
1685,BI Director,M1253,NEL,IT/IS,Aerial,Foreman,Full-Time,Full-Time,Zone A,MA,Female,Black,55+,4,Under 1 year,0,0.539,Fully Meets,3,2018-11-11,2019-05-27,Left,Terminated for Cause,Agrees with dates,Retirement,Retirement,Yes
1686,BI Developer,M617,SVG,IT/IS,Finance & Accounting,Intern,Contract,Full-Time,Zone C,MA,Male,Black,55+,4,Under 1 year,0,0.449,Fully Meets,3,2021-01-05,2021-06-18,Left,Active,Contradicts dates,Retirement,Retirement,Yes
1687,Area Sales Manager,M1254,EW,IT/IS,Engineers,Drafter,Part-Time,Full-Time,Zone C,MA,Male,White,55+,4,Under 1 year,0,0.695,Fully Meets,3,2022-11-25,,Employed,Active,Agrees with dates,,,No
1688,Area Sales Manager,M1255,MSC,IT/IS,Shop (Fleet),Mechanic,Full-Time,Full-Time,Zone A,OR,Male,Other,55+,4,3-5 years,3,3.307,Fully Meets,3,2020-03-30,2023-07-21,Left,Active,Contradicts dates,Voluntary,Voluntary,No
1689,Senior BI Developer,M1256,MSC,Admin Offices,Field Operations,Technician,Part-Time,Temporary,Zone C,MA,Male,Other,35-44,2,1-2 years,1,1.719,Fully Meets,3,2021-01-02,2022-09-22,Left,Active,Contradicts dates,Retirement,Retirement,No
1690,Senior BI Developer,M1257,NEL,Admin Offices,Yard (Material Handling),Administrative,Contract,Temporary,Zone A,MA,Male,Black,55+,4,Under 1 year,0,0.411,Fully Meets,3,2019-02-26,2019-07-26,Left,Active,Contradicts dates,Voluntary,Voluntary,Yes
1691,Senior BI Developer,M1258,PL,IT/IS,Project Management - Con,Technician,Contract,Part-Time,Zone A,MA,Male,Black,55+,4,3-5 years,3,3.833,Fully Meets,3,2019-10-06,,Employed,Active,Agrees with dates,,,No
1692,Sales Manager,M1259,PYZ,IT/IS,Engineers,Engineer,Part-Time,Part-Time,Zone C,MA,Female,Other,55+,4,2-3 years,2,2.278,Fully Meets,3,2020-04-19,2022-07-30,Left,Active,Contradicts dates,Voluntary,Voluntary,No
1693,Sales Manager,M1260,SVG,IT/IS,Field Operations,Tower Hand,Contract,Part-Time,Zone C,MA,Female,Other,35-44,2,Under 1 year,0,0.616,Fully Meets,3,2022-12-24,,Employed,Active,Agrees with dates,,,No
1694,CIO,M1261,TNS,IT/IS,Aerial,Foreman,Part-Time,Temporary,Zone A,MA,Male,Asian,55+,4,Under 1 year,0,0.137,Fully Meets,3,2021-04-09,2021-05-29,Left,Terminated for Cause,Agrees with dates,Resignation,Voluntary,Yes
1695,BI Director,M1262,SVG,IT/IS,Isp,Specialist,Contract,Full-Time,Zone C,MA,Female,Other,35-44,2,3-5 years,3,4.282,Fully Meets,3,2018-09-04,2022-12-16,Left,Terminated for Cause,Agrees with dates,Voluntary,Voluntary,No
1696,BI Developer,M1263,NEL,IT/IS,General - Eng,Coordinator,Full-Time,Temporary,Zone C,MA,Male,Hispanic,55+,4,1-2 years,1,1.744,Fully Meets,3,2021-11-07,,Employed,Active,Agrees with dates,,,No
1697,BI Developer,M1264,MSC,IT/IS,General - Con,Foreman,Full-Time,Part-Time,Zone B,MA,Male,Asian,35-44,2,Under 1 year,0,0.159,Fully Meets,3,2023-05-24,2023-07-21,Left,Active,Contradicts dates,Retirement,Retirement,Yes
1698,Area Sales Manager,M1265,EW,IT/IS,Billable Consultants,Engineer,Full-Time,Part-Time,Zone A,MA,Male,White,25-34,1,Under 1 year,0,0.301,Fully Meets,3,2021-02-15,2021-06-05,Left,Active,Contradicts dates,Resignation,Voluntary,Yes
1699,Senior BI Developer,M1266,PL,Admin Offices,Executive,Manager,Contract,Part-Time,Zone C,MA,Male,Hispanic,25-34,1,Under 1 year,0,0.791,Fully Meets,3,2021-11-03,2022-08-19,Left,Active,Contradicts dates,Voluntary,Voluntary,Yes
1700,Senior BI Developer,M1267,BPC,IT/IS,Engineers,Engineer,Contract,Temporary,Zone C,MA,Male,Asian,55+,4,3-5 years,3,4.876,Fully Meets,3,2018-09-20,,Employed,Active,Agrees with dates,,,No
1701,Senior BI Developer,M1268,CCDR,IT/IS,Project Management - Con,Flagger,Contract,Full-Time,Zone A,MA,Male,Other,55+,4,3-5 years,3,3.461,Fully Meets,3,2019-07-23,2023-01-07,Left,Active,Contradicts dates,Involuntary,Involuntary,No
1702,Sales Manager,M1269,SVG,IT/IS,Project Management - Con,Contracts,Contract,Part-Time,Zone A,MA,Female,Other,25-34,1,1-2 years,1,1.235,Fully Meets,3,2022-05-12,,Employed,Active,Agrees with dates,,,No
1703,Sales Manager,M1270,EW,Sales,Aerial,Lineman,Full-Time,Part-Time,Zone B,MA,Female,Other,45-54,3,3-5 years,3,4.841,Fully Meets,3,2018-10-03,,Employed,Active,Agrees with dates,,,No
1704,CIO,M1271,CCDR,IT/IS,Project Management - Con,Project Manager,Part-Time,Part-Time,Zone C,MA,Female,Hispanic,25-34,1,2-3 years,2,2.691,Fully Meets,3,2020-11-26,,Employed,Active,Agrees with dates,,,No
1705,BI Director,M1272,EW,IT/IS,Project Management - Con,Intern,Part-Time,Full-Time,Zone B,MA,Female,Hispanic,55+,4,3-5 years,3,4.838,Fully Meets,3,2018-10-04,,Employed,Active,Agrees with dates,,,No
1706,BI Developer,M1273,NEL,IT/IS,Aerial,Supervisor,Contract,Full-Time,Zone A,MA,Female,Hispanic,25-34,1,2-3 years,2,2.231,Fully Meets,3,2020-12-02,2023-02-25,Left,Active,Contradicts dates,Involuntary,Involuntary,No
1707,BI Developer,M1274,PL,IT/IS,Wireline Construction,Clerk,Part-Time,Full-Time,Zone C,MA,Male,Asian,25-34,1,1-2 years,1,1.818,Fully Meets,3,2021-09-24,2023-07-20,Left,Active,Contradicts dates,Voluntary,Voluntary,No
1708,BI Developer,M1275,PYZ,IT/IS,Splicing,Associate,Full-Time,Temporary,Zone A,MA,Male,Asian,25-34,1,Under 1 year,0,0.695,Fully Meets,3,2020-09-10,2021-05-22,Left,Active,Contradicts dates,Involuntary,Involuntary,Yes
1709,Area Sales Manager,M1276,SVG,IT/IS,General - Sga,Manager,Full-Time,Temporary,Zone C,OR,Male,Black,55+,4,Under 1 year,0,0.482,Fully Meets,3,2022-05-25,2022-11-17,Left,Active,Contradicts dates,Involuntary,Involuntary,Yes
1710,Senior BI Developer,M1277,PL,Admin Offices,Field Operations,Technician,Part-Time,Part-Time,Zone A,MA,Male,Black,45-54,3,Under 1 year,0,0.813,Fully Meets,3,2019-02-15,2019-12-09,Left,Active,Contradicts dates,Resignation,Voluntary,Yes
1711,Senior BI Developer,M1278,BPC,IT/IS,General - Con,Laborer,Full-Time,Temporary,Zone A,MA,Male,Other,35-44,2,3-5 years,3,4.345,Fully Meets,3,2018-09-28,2023-02-01,Left,Active,Contradicts dates,Voluntary,Voluntary,No
1712,Senior BI Developer,M1279,CCDR,IT/IS,Engineers,Engineer,Full-Time,Temporary,Zone A,MA,Female,Black,45-54,3,3-5 years,3,4.649,Fully Meets,3,2018-12-12,,Employed,Active,Agrees with dates,,,No
1713,Sales Manager,M1280,SVG,IT/IS,General - Con,Flagger,Contract,Full-Time,Zone B,MA,Female,Asian,25-34,1,1-2 years,1,1.678,Fully Meets,3,2021-12-01,,Employed,Active,Agrees with dates,,,No
1714,Sales Manager,M1281,EW,Sales,Field Operations,Laborer,Full-Time,Temporary,Zone B,MA,Female,White,Under 25,0,1-2 years,1,1.563,Fully Meets,3,2022-01-12,,Employed,Active,Agrees with dates,,,No
1715,CIO,M1282,WBL,IT/IS,Aerial,Foreman,Full-Time,Part-Time,Zone B,MA,Female,White,55+,4,1-2 years,1,1.919,Fully Meets,3,2020-10-27,2022-09-28,Left,Active,Contradicts dates,Involuntary,Involuntary,No
1716,BI Director,M1283,NEL,IT/IS,General - Con,Flagger,Contract,Part-Time,Zone C,MA,Female,Asian,55+,4,1-2 years,1,1.632,Fully Meets,3,2020-11-02,2022-06-21,Left,Active,Contradicts dates,Involuntary,Involuntary,No
1717,BI Developer,M1284,BPC,IT/IS,General - Con,Model Assistant,Part-Time,Part-Time,Zone B,MA,Male,Asian,55+,4,1-2 years,1,1.848,Fully Meets,3,2021-04-24,2023-02-28,Left,Active,Contradicts dates,Retirement,Retirement,No
1718,BI Developer,M1285,CCDR,IT/IS,Field Operations,Driller,Full-Time,Temporary,Zone B,MA,Male,Other,Under 25,0,3-5 years,3,3.094,Fully Meets,3,2020-06-29,2023-08-03,Left,Active,Contradicts dates,Involuntary,Involuntary,No
1719,BI Developer,M1286,SVG,IT/IS,Field Operations,Laborer,Contract,Temporary,Zone B,MA,Male,Hispanic,25-34,1,2-3 years,2,2.059,Fully Meets,3,2021-07-15,,Employed,Active,Agrees with dates,,,No
1720,Senior BI Developer,M1287,MSC,IT/IS,Field Operations,Laborer,Part-Time,Part-Time,Zone C,MA,Male,Other,55+,4,Under 1 year,0,0.129,Fully Meets,3,2023-06-20,,Employed,Active,Agrees with dates,,,No
1721,Senior BI Developer,M1288,NEL,IT/IS,Finance & Accounting,Assistant,Full-Time,Full-Time,Zone B,MA,Male,White,Under 25,0,3-5 years,3,3.135,Fully Meets,3,2019-09-22,2022-11-10,Left,Active,Contradicts dates,Retirement,Retirement,No
1722,Senior BI Developer,M686,PL,IT/IS,Wireless,Groundman,Full-Time,Full-Time,Zone B,MA,Female,Hispanic,55+,4,1-2 years,1,1.451,Fully Meets,3,2022-02-22,,Employed,Active,Agrees with dates,,,No
1723,Sales Manager,M1289,PYZ,Sales,General - Eng,Coordinator,Full-Time,Full-Time,Zone B,MA,Female,Black,45-54,3,1-2 years,1,1.985,Fully Meets,3,2020-07-01,2022-06-26,Left,Active,Contradicts dates,Retirement,Retirement,No
1724,CIO,M1290,TNS,IT/IS,Yard (Material Handling),Coordinator,Part-Time,Part-Time,Zone C,MA,Female,Other,55+,4,Under 1 year,0,0.58,Fully Meets,3,2021-05-13,2021-12-11,Left,Active,Contradicts dates,Retirement,Retirement,Yes
1725,BI Developer,M1291,PL,IT/IS,Field Operations,Technician,Contract,Part-Time,Zone A,MA,Male,Black,55+,4,2-3 years,2,2.185,Fully Meets,3,2021-05-30,,Employed,Active,Agrees with dates,,,No
1726,BI Developer,M1292,NEL,IT/IS,Wireline Construction,Clerk,Contract,Full-Time,Zone B,MA,Male,Asian,35-44,2,3-5 years,3,4.09,Fully Meets,3,2019-07-04,,Employed,Active,Agrees with dates,,,No
1727,BI Developer,M1293,MSC,IT/IS,General - Con,Foreman,Full-Time,Full-Time,Zone B,MA,Male,Hispanic,25-34,1,3-5 years,3,3.001,Fully Meets,3,2019-05-31,2022-05-31,Left,Active,Contradicts dates,Involuntary,Involuntary,No
1728,Production Technician I,M1294,WBL,Production,General - Con,Foreman,Full-Time,Temporary,Zone C,MA,Male,White,45-54,3,3-5 years,3,3.398,Fully Meets,3,2020-03-13,,Employed,Active,Agrees with dates,,,No
1729,Production Technician I,M1295,EW,Production,General - Con,Foreman,Contract,Part-Time,Zone A,MA,Female,Other,55+,4,Under 1 year,0,0.966,Fully Meets,3,2020-01-06,2020-12-24,Left,Voluntarily Terminated,Agrees with dates,Voluntary,Voluntary,Yes
1730,Production Technician I,M1296,EW,Production,General - Eng,Technician,Full-Time,Part-Time,Zone B,MA,Female,White,45-54,3,Under 1 year,0,0.268,Fully Meets,3,2023-04-30,,Employed,Active,Agrees with dates,,,No
1731,Production Technician II,M1297,WBL,Production,Engineers,Engineer,Contract,Temporary,Zone B,MA,Male,Black,55+,4,Under 1 year,0,0.58,Fully Meets,3,2021-07-11,2022-02-08,Left,Active,Contradicts dates,Retirement,Retirement,Yes
1732,Production Technician II,M1298,WBL,Production,Fielders,Engineer,Contract,Temporary,Zone B,MA,Female,Hispanic,55+,4,Under 1 year,0,0.449,Fully Meets,3,2021-07-02,2021-12-13,Left,Voluntarily Terminated,Agrees with dates,Voluntary,Voluntary,Yes
1733,Production Technician I,M1299,EW,Production,Field Operations,Laborer,Full-Time,Temporary,Zone A,MA,Female,Black,55+,4,1-2 years,1,1.114,Fully Meets,3,2019-10-23,2020-12-03,Left,Active,Contradicts dates,Resignation,Voluntary,No
1734,Production Technician I,M1300,NEL,Production,Field Operations,Driver,Contract,Full-Time,Zone C,MA,Male,White,55+,4,3-5 years,3,4.545,Fully Meets,3,2019-01-19,,Employed,Active,Agrees with dates,,,No
1735,Production Technician I,M1301,NEL,Production,Shop (Fleet),Mechanic,Full-Time,Full-Time,Zone A,MA,Female,White,55+,4,2-3 years,2,2.015,Fully Meets,3,2021-01-08,2023-01-14,Left,Voluntarily Terminated,Agrees with dates,Resignation,Voluntary,No
1736,Production Technician I,M1302,TNS,Production,Field Operations,Technician,Contract,Part-Time,Zone A,MA,Male,Other,55+,4,3-5 years,3,3.439,Fully Meets,3,2019-01-29,2022-07-08,Left,Active,Contradicts dates,Involuntary,Involuntary,No
1737,Production Technician I,M1303,TNS,Production,General - Eng,Engineer,Contract,Full-Time,Zone C,MA,Female,Hispanic,35-44,2,3-5 years,3,4.775,Fully Meets,3,2018-10-27,,Employed,Active,Agrees with dates,,,No
1738,Production Technician II,M1304,CCDR,Production,General - Eng,Coordinator,Contract,Part-Time,Zone A,MA,Male,White,35-44,2,Under 1 year,0,0.099,Fully Meets,3,2023-05-30,2023-07-05,Left,Voluntarily Terminated,Agrees with dates,Involuntary,Involuntary,Yes
1739,Production Technician II,M1305,CCDR,Production,Aerial,Laborer,Contract,Full-Time,Zone B,MA,Female,Hispanic,35-44,2,3-5 years,3,3.795,Fully Meets,3,2019-07-15,2023-05-01,Left,Active,Contradicts dates,Involuntary,Involuntary,No
1740,Production Technician I,M1306,NEL,Production,General - Con,Laborer,Contract,Part-Time,Zone B,MA,Female,Other,55+,4,1-2 years,1,1.377,Fully Meets,3,2020-03-17,2021-08-02,Left,Active,Contradicts dates,Voluntary,Voluntary,No
1741,Production Technician I,M1307,MSC,Production,General - Eng,Drafter,Contract,Temporary,Zone A,MA,Female,Asian,35-44,2,Under 1 year,0,0.887,Fully Meets,3,2022-09-16,,Employed,Active,Agrees with dates,,,No
1742,Production Technician I,M1308,TNS,Production,Wireline Construction,Laborer,Part-Time,Part-Time,Zone B,MA,Female,Asian,45-54,3,2-3 years,2,2.585,Fully Meets,3,2021-01-04,,Employed,Active,Agrees with dates,,,No
1743,Production Technician I,M1309,SVG,Production,Splicing,Supervisor,Full-Time,Temporary,Zone C,MA,Male,Black,Under 25,0,3-5 years,3,4.682,Fully Meets,3,2018-11-30,,Employed,Active,Agrees with dates,,,No
1744,Production Technician I,M1310,PL,Production,Field Operations,Driller,Full-Time,Full-Time,Zone C,MA,Female,Hispanic,55+,4,1-2 years,1,1.035,Fully Meets,3,2022-07-24,,Employed,Active,Agrees with dates,,,No
1745,Production Technician II,M1311,EW,Production,Aerial,Foreman,Contract,Part-Time,Zone C,MA,Female,Other,25-34,1,1-2 years,1,1.498,Fully Meets,3,2022-02-05,,Employed,Active,Agrees with dates,,,No
1746,Production Technician I,M590,WBL,Production,General - Sga,Vp,Full-Time,Full-Time,Zone A,MA,Male,Hispanic,55+,4,1-2 years,1,1.708,Fully Meets,3,2020-04-23,2022-01-07,Left,Active,Contradicts dates,Voluntary,Voluntary,No
1747,Production Technician II,M1312,PL,Production,Field Operations,Splicer,Full-Time,Temporary,Zone A,MA,Female,White,25-34,1,Under 1 year,0,0.047,Fully Meets,3,2023-06-23,2023-07-10,Left,Leave of Absence,Contradicts dates,Resignation,Voluntary,Yes
1748,Production Technician I,M1313,PYZ,Production,Underground,Laborer,Part-Time,Temporary,Zone A,MA,Female,White,45-54,3,Under 1 year,0,0.474,Fully Meets,3,2022-01-13,2022-07-05,Left,Active,Contradicts dates,Retirement,Retirement,Yes
1749,Production Technician I,M1314,PYZ,Production,Field Operations,Project Manager,Contract,Temporary,Zone B,MA,Female,Hispanic,55+,4,2-3 years,2,2.691,Fully Meets,3,2020-11-26,,Employed,Active,Agrees with dates,,,No
1750,Production Technician I,M1315,WBL,Production,Field Operations,Tower Hand,Full-Time,Full-Time,Zone C,MA,Female,Other,45-54,3,3-5 years,3,4.663,Fully Meets,3,2018-12-07,,Employed,Active,Agrees with dates,,,No
1751,Production Technician I,M1316,NEL,Production,General - Con,Lineman,Contract,Temporary,Zone C,MA,Female,Hispanic,Under 25,0,Under 1 year,0,0.298,Fully Meets,3,2023-04-19,,Employed,Active,Agrees with dates,,,No
1752,Production Technician I,M1317,PL,Production,General - Con,Mechanic,Part-Time,Temporary,Zone B,MA,Male,White,35-44,2,Under 1 year,0,0.093,Fully Meets,3,2022-03-05,2022-04-08,Left,Active,Contradicts dates,Resignation,Voluntary,Yes
1753,Production Technician I,M1318,BPC,Production,Field Operations,Assistant,Contract,Full-Time,Zone C,MA,Male,Black,55+,4,Under 1 year,0,0.318,Fully Meets,3,2019-06-20,2019-10-14,Left,Active,Contradicts dates,Resignation,Voluntary,Yes
1754,Production Technician I,M1319,CCDR,Production,Project Management - Con,Manager,Part-Time,Temporary,Zone C,MA,Male,Asian,25-34,1,Under 1 year,0,0.895,Fully Meets,3,2022-09-13,,Employed,Active,Agrees with dates,,,No
1755,Production Technician I,M1320,SVG,Production,General - Con,Foreman,Part-Time,Full-Time,Zone B,MA,Male,Other,25-34,1,3-5 years,3,4.591,Fully Meets,3,2019-01-02,,Employed,Active,Agrees with dates,,,No
1756,Production Technician I,M1321,EW,Production,Splicing,Operator,Part-Time,Part-Time,Zone A,MA,Male,Black,55+,4,1-2 years,1,1.166,Fully Meets,3,2022-06-06,,Employed,Active,Agrees with dates,,,No
1757,Production Technician I,M1322,MSC,Production,Finance & Accounting,Director,Full-Time,Temporary,Zone A,MA,Female,White,35-44,2,3-5 years,3,3.573,Fully Meets,3,2020-01-09,,Employed,Active,Agrees with dates,,,No
1758,Production Technician I,M1323,TNS,Production,Splicing,Administrator,Part-Time,Part-Time,Zone B,MA,Male,White,55+,4,3-5 years,3,4.589,Fully Meets,3,2019-01-03,,Employed,Active,Agrees with dates,,,No
1759,Production Technician I,M1324,PYZ,Production,General - Con,Coordinator,Contract,Part-Time,Zone B,MA,Male,White,55+,4,1-2 years,1,1.747,Fully Meets,3,2021-01-23,2022-10-23,Left,Active,Contradicts dates,Retirement,Retirement,No
1760,Production Technician I,M1325,WBL,Production,General - Con,Foreman,Part-Time,Part-Time,Zone C,MA,Male,Hispanic,25-34,1,Under 1 year,0,0.235,Fully Meets,3,2020-02-08,2020-05-04,Left,Active,Contradicts dates,Voluntary,Voluntary,Yes
1761,Production Technician I,M1326,NEL,Production,Field Operations,Technician,Contract,Temporary,Zone C,MA,Female,Other,55+,4,Under 1 year,0,0.758,Fully Meets,3,2021-10-29,2022-08-02,Left,Voluntarily Terminated,Agrees with dates,Voluntary,Voluntary,Yes
1762,Production Technician I,M1327,PL,Production,Wireless,Foreman,Contract,Part-Time,Zone B,MA,Female,White,Under 25,0,Under 1 year,0,0.022,Fully Meets,3,2023-07-04,2023-07-12,Left,Voluntarily Terminated,Agrees with dates,Voluntary,Voluntary,Yes
1763,Production Technician I,M1328,BPC,Production,Engineers,Model Assistant,Part-Time,Full-Time,Zone B,MA,Female,Asian,55+,4,Under 1 year,0,0.334,Fully Meets,3,2023-04-06,,Employed,Active,Agrees with dates,,,No
1764,Production Technician I,M1329,CCDR,Production,Engineers,Engineer,Full-Time,Temporary,Zone A,MA,Female,Black,55+,4,Under 1 year,0,0.55,Fully Meets,3,2023-01-17,,Employed,Active,Agrees with dates,,,No
1765,Production Technician II,M1330,BPC,Production,Project Management - Con,Field Project Manager,Contract,Part-Time,Zone C,MA,Female,Asian,25-34,1,3-5 years,3,3.803,Fully Meets,3,2019-10-17,,Employed,Active,Agrees with dates,,,No
1766,Production Technician I,M1331,PYZ,Production,Field Operations,Laborer,Contract,Temporary,Zone B,MA,Female,Asian,55+,4,1-2 years,1,1.859,Fully Meets,3,2019-06-22,2021-05-01,Left,Active,Contradicts dates,Resignation,Voluntary,No
1767,Production Technician I,M1332,WBL,Production,General - Con,Supervisor,Contract,Full-Time,Zone A,MA,Female,White,25-34,1,Under 1 year,0,0.219,Fully Meets,3,2023-02-10,2023-05-01,Left,Active,Contradicts dates,Retirement,Retirement,Yes
1768,Production Technician I,M1333,NEL,Production,Aerial,Lineman,Contract,Temporary,Zone C,MA,Female,Black,45-54,3,Under 1 year,0,0.55,Fully Meets,3,2022-10-13,2023-05-02,Left,Active,Contradicts dates,Voluntary,Voluntary,Yes
1769,Production Technician I,M1334,PL,Production,Engineers,Technician,Contract,Temporary,Zone B,MA,Male,Hispanic,45-54,3,Under 1 year,0,0.14,Fully Meets,3,2023-03-07,2023-04-27,Left,Active,Contradicts dates,Resignation,Voluntary,Yes
1770,Production Technician I,M1335,BPC,Production,General - Sga,Director,Part-Time,Full-Time,Zone A,MA,Male,Hispanic,45-54,3,3-5 years,3,4.898,Fully Meets,3,2018-09-12,,Employed,Active,Agrees with dates,,,No
1771,Production Technician I,M1336,CCDR,Production,Shop (Fleet),Mechanic,Part-Time,Part-Time,Zone C,MA,Male,Hispanic,55+,4,3-5 years,3,3.107,Fully Meets,3,2020-06-27,,Employed,Active,Agrees with dates,,,No
1772,Production Technician I,M1337,SVG,Production,General - Con,Laborer,Contract,Part-Time,Zone A,MA,Male,Asian,55+,4,3-5 years,3,3.086,Fully Meets,3,2018-12-28,2022-01-28,Left,Active,Contradicts dates,Resignation,Voluntary,No
1773,Production Technician I,M1338,EW,Production,General - Eng,Administrative,Part-Time,Temporary,Zone B,MA,Male,Black,55+,4,2-3 years,2,2.127,Fully Meets,3,2021-01-20,2023-03-08,Left,Active,Contradicts dates,Retirement,Retirement,No
1774,Production Technician I,M1339,MSC,Production,Field Operations,Technician,Full-Time,Part-Time,Zone B,MA,Female,Asian,25-34,1,3-5 years,3,3.398,Fully Meets,3,2019-09-14,2023-02-06,Left,Active,Contradicts dates,Involuntary,Involuntary,No
1775,Production Technician I,M1340,TNS,Production,Engineers,Engineer,Contract,Full-Time,Zone A,MA,Male,Black,25-34,1,1-2 years,1,1.183,Fully Meets,3,2018-10-06,2019-12-12,Left,Active,Contradicts dates,Involuntary,Involuntary,No
1776,Production Technician I,M1341,PYZ,Production,Project Management - Con,Engineer,Full-Time,Temporary,Zone C,MA,Male,Asian,55+,4,1-2 years,1,1.246,Fully Meets,3,2021-08-03,2022-11-01,Left,Active,Contradicts dates,Retirement,Retirement,No
1777,Production Technician I,M1342,WBL,Production,Splicing,Splicer,Full-Time,Temporary,Zone B,MA,Female,Hispanic,55+,4,1-2 years,1,1.892,Fully Meets,3,2019-07-05,2021-05-26,Left,Active,Contradicts dates,Involuntary,Involuntary,No
1778,Production Technician I,M1343,NEL,Production,General - Con,Foreman,Full-Time,Full-Time,Zone B,MA,Female,Other,55+,4,3-5 years,3,4.282,Fully Meets,3,2019-04-25,,Employed,Active,Agrees with dates,,,No
1779,Production Technician I,M1344,PL,Production,Project Management - Con,Director,Full-Time,Temporary,Zone A,MA,Female,Other,55+,4,Under 1 year,0,0.06,Fully Meets,3,2023-07-15,,Employed,Active,Agrees with dates,,,No
1780,Production Technician I,M1345,BPC,Production,Field Operations,Engineer,Contract,Temporary,Zone C,MA,Female,Hispanic,25-34,1,Under 1 year,0,0.172,Fully Meets,3,2022-12-10,2023-02-11,Left,Active,Contradicts dates,Retirement,Retirement,Yes
1781,Production Technician I,M1346,CCDR,Production,General - Sga,Supervisor,Contract,Part-Time,Zone A,MA,Female,White,35-44,2,3-5 years,3,4.263,Fully Meets,3,2019-05-02,,Employed,Active,Agrees with dates,,,No
1782,Production Technician II,M1347,NEL,Production,Field Operations,Groundman,Contract,Temporary,Zone A,MA,Female,Other,55+,4,3-5 years,3,4.465,Fully Meets,3,2019-01-13,2023-07-02,Left,Voluntarily Terminated,Agrees with dates,Retirement,Retirement,No
1783,Production Technician I,M1348,PYZ,Production,General - Con,Laborer,Part-Time,Part-Time,Zone C,MA,Female,White,35-44,2,2-3 years,2,2.157,Fully Meets,3,2021-06-09,,Employed,Active,Agrees with dates,,,No
1784,Production Technician I,M1349,WBL,Production,General - Con,Technician,Part-Time,Temporary,Zone A,MA,Female,Other,45-54,3,Under 1 year,0,0.0,Fully Meets,3,2023-08-02,2023-08-02,Left,Active,Contradicts dates,Retirement,Retirement,Yes
1785,Production Technician I,M1350,NEL,Production,Technology / It,Director,Full-Time,Full-Time,Zone C,MA,Female,White,55+,4,Under 1 year,0,0.137,Fully Meets,3,2023-06-17,,Employed,Active,Agrees with dates,,,No
1786,Production Technician I,M1351,PL,Production,Field Operations,Laborer,Full-Time,Temporary,Zone A,MA,Male,Hispanic,35-44,2,Under 1 year,0,0.205,Fully Meets,3,2022-03-31,2022-06-14,Left,Active,Contradicts dates,Resignation,Voluntary,Yes
1787,Production Technician I,M1352,BPC,Production,Engineers,Engineer,Contract,Temporary,Zone B,MA,Male,Hispanic,55+,4,1-2 years,1,1.361,Fully Meets,3,2019-04-06,2020-08-15,Left,Active,Contradicts dates,Voluntary,Voluntary,No
1788,Production Technician I,M1353,CCDR,Production,Field Operations,Engineer,Contract,Full-Time,Zone C,MA,Male,Other,45-54,3,3-5 years,3,3.069,Fully Meets,3,2020-07-11,,Employed,Active,Agrees with dates,,,No
1789,Production Technician I,M1354,SVG,Production,Engineers,Engineer,Contract,Part-Time,Zone C,MA,Male,Other,55+,4,Under 1 year,0,0.29,Fully Meets,3,2023-04-22,,Employed,Active,Agrees with dates,,,No
1790,Production Technician I,M1355,EW,Production,Aerial,Lineman,Part-Time,Part-Time,Zone B,MA,Female,Asian,55+,4,Under 1 year,0,0.348,Fully Meets,3,2022-12-02,2023-04-08,Left,Active,Contradicts dates,Resignation,Voluntary,Yes
1791,Production Technician I,M1356,MSC,Production,Wireline Construction,Clerk,Contract,Temporary,Zone A,MA,Female,Hispanic,35-44,2,2-3 years,2,2.138,Fully Meets,3,2021-03-06,2023-04-26,Left,Active,Contradicts dates,Resignation,Voluntary,No
1792,Production Technician I,M1357,TNS,Production,Project Management - Eng,Planner,Full-Time,Temporary,Zone C,MA,Male,Black,55+,4,3-5 years,3,4.211,Fully Meets,3,2019-05-21,,Employed,Active,Agrees with dates,,,No
1793,Production Technician I,M1358,BPC,Production,Executive,Director,Full-Time,Temporary,Zone B,MA,Female,Hispanic,55+,4,3-5 years,3,4.11,Fully Meets,3,2018-10-23,2022-12-02,Left,Active,Contradicts dates,Resignation,Voluntary,No
1794,Production Technician I,M1359,CCDR,Production,General - Sga,Administrator,Contract,Temporary,Zone A,MA,Female,White,55+,4,2-3 years,2,2.196,Fully Meets,3,2021-05-26,,Employed,Active,Agrees with dates,,,No
1795,Production Technician I,M1360,EW,Production,Yard (Material Handling),Manager,Full-Time,Part-Time,Zone B,MA,Female,Asian,55+,4,Under 1 year,0,0.52,Fully Meets,3,2019-12-01,2020-06-08,Left,Voluntarily Terminated,Agrees with dates,Involuntary,Involuntary,Yes
1796,Production Technician I,M1361,MSC,Production,Wireless,Driver,Contract,Full-Time,Zone A,MA,Female,Hispanic,45-54,3,1-2 years,1,1.517,Fully Meets,3,2021-06-07,2022-12-13,Left,Voluntarily Terminated,Agrees with dates,Involuntary,Involuntary,No
1797,Production Technician I,M1362,NEL,Production,General - Con,Laborer,Full-Time,Full-Time,Zone A,MA,Female,Hispanic,35-44,2,2-3 years,2,2.073,Fully Meets,3,2020-10-13,2022-11-09,Left,Active,Contradicts dates,Voluntary,Voluntary,No
1798,Production Technician II,M1363,PL,Production,Splicing,Splicer,Part-Time,Full-Time,Zone A,MA,Female,Black,35-44,2,Under 1 year,0,0.767,Fully Meets,3,2022-10-30,,Employed,Active,Agrees with dates,,,No
1799,Production Technician II,M1364,BPC,Production,Field Operations,Technician,Part-Time,Temporary,Zone C,MA,Male,Black,25-34,1,Under 1 year,0,0.734,Fully Meets,3,2022-09-04,2023-05-30,Left,Voluntarily Terminated,Agrees with dates,Involuntary,Involuntary,Yes
1800,Production Technician I,M1365,TNS,Production,Wireline Construction,Lineman,Part-Time,Full-Time,Zone C,MA,Female,Black,45-54,3,1-2 years,1,1.503,Fully Meets,3,2019-10-18,2021-04-19,Left,Active,Contradicts dates,Resignation,Voluntary,No
1801,Production Technician I,M1366,PYZ,Production,General - Con,Technician,Full-Time,Temporary,Zone C,MA,Female,Hispanic,25-34,1,1-2 years,1,1.498,Fully Meets,3,2021-07-25,2023-01-23,Left,Active,Contradicts dates,Involuntary,Involuntary,No
1802,Production Technician I,M1367,WBL,Production,Field Operations,Driller,Part-Time,Temporary,Zone B,MA,Female,Other,35-44,2,3-5 years,3,3.348,Fully Meets,3,2020-03-31,,Employed,Active,Agrees with dates,,,No
1803,Production Technician I,M1368,NEL,Production,General - Eng,Billing,Full-Time,Full-Time,Zone C,MA,Female,Other,35-44,2,3-5 years,3,3.723,Fully Meets,3,2019-11-11,2023-08-02,Left,Active,Contradicts dates,Resignation,Voluntary,No
1804,Production Technician I,M1369,PL,Production,Field Operations,Laborer,Part-Time,Temporary,Zone A,MA,Male,Hispanic,55+,4,Under 1 year,0,0.238,Fully Meets,3,2021-12-05,2022-03-02,Left,Active,Contradicts dates,Voluntary,Voluntary,Yes
1805,Production Technician I,M1370,BPC,Production,Aerial,Laborer,Contract,Temporary,Zone A,MA,Male,Black,45-54,3,3-5 years,3,3.713,Fully Meets,3,2018-12-17,2022-09-03,Left,Active,Contradicts dates,Voluntary,Voluntary,No
1806,Production Technician I,M1371,CCDR,Production,General - Con,Laborer,Part-Time,Full-Time,Zone A,MA,Male,Asian,55+,4,1-2 years,1,1.418,Fully Meets,3,2022-03-06,,Employed,Active,Agrees with dates,,,No
1807,Production Technician I,M1372,SVG,Production,Yard (Material Handling),Lineman,Contract,Full-Time,Zone C,MA,Female,White,35-44,2,3-5 years,3,3.921,Fully Meets,3,2019-09-04,,Employed,Active,Agrees with dates,,,No
1808,Production Technician I,M1373,EW,Production,Splicing,Coordinator,Part-Time,Part-Time,Zone A,MA,Female,Black,35-44,2,Under 1 year,0,0.03,Fully Meets,3,2023-07-26,,Employed,Active,Agrees with dates,,,No
1809,Production Technician I,M1374,MSC,Production,Yard (Material Handling),Supervisor,Contract,Part-Time,Zone C,MA,Female,Other,55+,4,Under 1 year,0,0.413,Fully Meets,3,2022-12-19,2023-05-19,Left,Active,Contradicts dates,Involuntary,Involuntary,Yes
1810,Production Technician I,M1375,TNS,Production,General - Con,Engineer,Full-Time,Part-Time,Zone A,MA,Male,Black,25-34,1,1-2 years,1,1.969,Fully Meets,3,2021-08-17,,Employed,Active,Agrees with dates,,,No
1811,Production Technician I,M1376,PYZ,Production,Technology / It,Project Manager,Contract,Full-Time,Zone A,MA,Female,Black,45-54,3,1-2 years,1,1.153,Fully Meets,3,2022-06-11,,Employed,Active,Agrees with dates,,,No
1812,Production Technician I,M1377,WBL,Production,General - Con,Manager,Contract,Full-Time,Zone A,MA,Female,Black,45-54,3,1-2 years,1,1.711,Fully Meets,3,2021-10-01,2023-06-18,Left,Voluntarily Terminated,Agrees with dates,Involuntary,Involuntary,No
1813,Production Technician I,M1378,NEL,Production,Aerial,Lineman,Contract,Temporary,Zone C,MA,Female,Other,35-44,2,3-5 years,3,3.003,Fully Meets,3,2020-08-04,,Employed,Active,Agrees with dates,,,No
1814,Production Technician I,M1379,PL,Production,Wireline Construction,Laborer,Full-Time,Part-Time,Zone A,MA,Female,Black,35-44,2,1-2 years,1,1.481,Fully Meets,3,2022-02-11,,Employed,Active,Agrees with dates,,,No
1815,Production Technician I,M1380,BPC,Production,Project Management - Con,Manager,Contract,Part-Time,Zone A,MA,Female,Asian,55+,4,3-5 years,3,3.121,Fully Meets,3,2020-06-22,,Employed,Active,Agrees with dates,,,No
1816,Production Technician II,M1381,NEL,Production,General - Con,Supervisor,Contract,Temporary,Zone A,MA,Female,Other,55+,4,2-3 years,2,2.938,Fully Meets,3,2020-08-28,,Employed,Active,Agrees with dates,,,No
1817,Production Technician II,M1382,PL,Production,Aerial,Lineman,Contract,Temporary,Zone A,MA,Female,Other,35-44,2,2-3 years,2,2.927,Fully Meets,3,2019-05-06,2022-04-09,Left,Active,Contradicts dates,Resignation,Voluntary,No
1818,Production Technician II,M1383,BPC,Production,Yard (Material Handling),Laborer,Contract,Part-Time,Zone C,MA,Male,Hispanic,55+,4,2-3 years,2,2.078,Fully Meets,3,2021-07-08,,Employed,Active,Agrees with dates,,,No
1819,Production Technician I,M1384,WBL,Production,General - Con,Technician,Full-Time,Temporary,Zone B,MA,Female,Black,55+,4,1-2 years,1,1.095,Fully Meets,3,2022-07-02,,Employed,Active,Agrees with dates,,,No
1820,Production Technician I,M1385,PYZ,Production,Shop (Fleet),Shop,Full-Time,Part-Time,Zone C,MA,Female,Black,35-44,2,Under 1 year,0,0.257,Fully Meets,3,2023-05-04,,Employed,Active,Agrees with dates,,,No
1821,Production Technician I,M1386,WBL,Production,General - Sga,Accountant,Full-Time,Full-Time,Zone B,MA,Female,Hispanic,35-44,2,Under 1 year,0,0.63,Fully Meets,3,2022-12-19,,Employed,Active,Agrees with dates,,,No
1822,Production Technician I,M1387,NEL,Production,Wireline Construction,Groundman,Contract,Part-Time,Zone C,MA,Female,Black,55+,4,1-2 years,1,1.363,Fully Meets,3,2022-03-26,,Employed,Active,Agrees with dates,,,No
1823,Production Technician I,M1388,PL,Production,Finance & Accounting,Assistant,Contract,Full-Time,Zone A,MA,Male,Black,55+,4,1-2 years,1,1.511,Fully Meets,3,2021-05-09,2022-11-12,Left,Active,Contradicts dates,Voluntary,Voluntary,No
1824,Production Technician I,M1389,BPC,Production,Yard (Material Handling),Vp,Contract,Temporary,Zone B,MA,Male,Other,55+,4,2-3 years,2,2.166,Fully Meets,3,2020-01-09,2022-03-10,Left,Active,Contradicts dates,Voluntary,Voluntary,No
1825,Production Technician I,M1390,CCDR,Production,Splicing,Laborer,Contract,Part-Time,Zone A,MA,Male,White,25-34,1,1-2 years,1,1.993,Fully Meets,3,2021-05-16,2023-05-14,Left,Active,Contradicts dates,Voluntary,Voluntary,No
1826,Production Technician I,M1391,SVG,Production,Aerial,Foreman,Part-Time,Temporary,Zone B,MA,Female,Other,55+,4,1-2 years,1,1.336,Exceeds,3,2021-01-31,2022-06-03,Left,Active,Contradicts dates,Resignation,Voluntary,No
1827,Production Technician I,M1392,EW,Production,Field Operations,Operator,Contract,Full-Time,Zone C,MA,Female,Other,35-44,2,Under 1 year,0,0.986,Needs Improvement,3,2021-09-19,2022-09-14,Left,Active,Contradicts dates,Involuntary,Involuntary,Yes
1828,Production Technician I,M1393,MSC,Production,Wireline Construction,Foreman,Part-Time,Temporary,Zone B,MA,Male,Black,35-44,2,2-3 years,2,2.067,Exceeds,3,2020-03-01,2022-03-26,Left,Active,Contradicts dates,Resignation,Voluntary,No
1829,Production Technician I,M1394,TNS,Production,Engineers,Project Manager,Part-Time,Temporary,Zone B,MA,Male,White,35-44,2,3-5 years,3,3.433,Exceeds,3,2020-02-29,,Employed,Active,Agrees with dates,,,No
1830,Production Technician I,M1395,PYZ,Production,Finance & Accounting,Administrative,Full-Time,Temporary,Zone A,MA,Female,Black,55+,4,3-5 years,3,4.66,Needs Improvement,3,2018-12-08,,Employed,Active,Agrees with dates,,,No
1831,Production Technician I,M1396,WBL,Production,Isp,Technician,Part-Time,Temporary,Zone B,MA,Female,Asian,45-54,3,Under 1 year,0,0.969,Needs Improvement,3,2022-06-26,2023-06-15,Left,Voluntarily Terminated,Agrees with dates,Retirement,Retirement,Yes
1832,Production Technician I,M1397,NEL,Production,Engineers,Engineer,Contract,Part-Time,Zone A,MA,Female,White,55+,4,3-5 years,3,3.756,Needs Improvement,3,2019-11-03,,Employed,Active,Agrees with dates,,,No
1833,Production Technician I,M1398,PL,Production,Field Operations,Technician,Part-Time,Full-Time,Zone B,MA,Female,White,35-44,2,Under 1 year,0,0.594,Needs Improvement,3,2023-01-01,,Employed,Active,Agrees with dates,,,No
1834,Production Technician II,M1399,CCDR,Production,Project Management - Con,Coordinator,Contract,Full-Time,Zone C,MA,Female,White,35-44,2,Under 1 year,0,0.679,Needs Improvement,3,2020-07-31,2021-04-05,Left,Active,Contradicts dates,Resignation,Voluntary,Yes
1835,Production Technician II,M1400,EW,Production,Field Operations,Laborer,Part-Time,Temporary,Zone B,MA,Female,Asian,35-44,2,Under 1 year,0,0.854,Needs Improvement,3,2021-09-10,2022-07-19,Left,Active,Contradicts dates,Resignation,Voluntary,Yes
1836,Production Technician II,M1401,MSC,Production,Field Operations,Laborer,Part-Time,Temporary,Zone B,MA,Male,Hispanic,45-54,3,3-5 years,3,4.131,Needs Improvement,3,2019-06-19,,Employed,Active,Agrees with dates,,,No
1837,Production Technician II,M1402,NEL,Production,Project Management - Con,Technician,Part-Time,Full-Time,Zone B,MA,Female,Asian,45-54,3,1-2 years,1,1.971,Needs Improvement,3,2021-08-16,,Employed,Active,Agrees with dates,,,No
1838,Production Technician I,M1403,TNS,Production,Aerial,Laborer,Part-Time,Temporary,Zone A,MA,Female,White,55+,4,3-5 years,3,4.079,Exceeds,3,2019-07-08,,Employed,Active,Agrees with dates,,,No
1839,Production Technician I,M1404,PYZ,Production,People Services,Assistant,Full-Time,Part-Time,Zone A,MA,Female,Other,55+,4,1-2 years,1,1.038,Exceeds,3,2021-08-17,2022-08-31,Left,Active,Contradicts dates,Voluntary,Voluntary,No
1840,Production Technician I,M1405,WBL,Production,General - Eng,Drafter,Full-Time,Part-Time,Zone B,MA,Female,Hispanic,45-54,3,2-3 years,2,2.574,Exceeds,3,2021-01-08,,Employed,Active,Agrees with dates,,,No
1841,Production Technician I,M1406,NEL,Production,Field Operations,Operator,Contract,Part-Time,Zone B,MA,Female,Hispanic,55+,4,3-5 years,3,4.977,Exceeds,3,2018-08-14,,Employed,Active,Agrees with dates,,,No
1842,Production Technician I,M1407,PL,Production,General - Con,Coordinator,Part-Time,Temporary,Zone B,MA,Male,Asian,25-34,1,2-3 years,2,2.018,Exceeds,3,2021-07-30,,Employed,Active,Agrees with dates,,,No
1843,Production Technician I,M1408,BPC,Production,Engineers,Engineer,Full-Time,Temporary,Zone C,MA,Male,Hispanic,55+,4,Under 1 year,0,0.329,Needs Improvement,3,2023-04-08,,Employed,Active,Agrees with dates,,,No
1844,Production Technician I,M1409,CCDR,Production,General - Con,Model Assistant,Part-Time,Part-Time,Zone A,MA,Female,Other,55+,4,3-5 years,3,3.901,Exceeds,3,2019-09-11,,Employed,Active,Agrees with dates,,,No
1845,Production Technician I,M1410,SVG,Production,Aerial,Laborer,Part-Time,Temporary,Zone A,MA,Female,Black,55+,4,1-2 years,1,1.465,Needs Improvement,3,2020-03-05,2021-08-22,Left,Active,Contradicts dates,Voluntary,Voluntary,No
1846,Production Technician I,M1411,EW,Production,Aerial,Foreman,Full-Time,Temporary,Zone C,MA,Male,Black,55+,4,3-5 years,3,3.677,Needs Improvement,3,2019-12-02,,Employed,Active,Agrees with dates,,,No
1847,Production Technician I,M1412,MSC,Production,Project Management - Con,Project Manager,Full-Time,Part-Time,Zone C,MA,Male,Other,Under 25,0,Under 1 year,0,0.057,Needs Improvement,3,2022-12-03,2022-12-24,Left,Active,Contradicts dates,Resignation,Voluntary,Yes
1848,Production Technician I,M1413,TNS,Production,Engineers,Engineer,Contract,Part-Time,Zone C,MA,Male,Black,Under 25,0,1-2 years,1,1.618,PIP,3,2021-12-23,,Employed,Active,Agrees with dates,,,No
1849,Production Technician I,M1414,PYZ,Production,Project Management - Con,Project Manager,Part-Time,Full-Time,Zone B,MA,Female,Hispanic,55+,4,1-2 years,1,1.52,PIP,3,2022-01-28,,Employed,Active,Agrees with dates,,,No
1850,Production Technician I,M1415,WBL,Production,Aerial,Lineman,Contract,Full-Time,Zone A,MA,Female,White,25-34,1,1-2 years,1,1.528,PIP,3,2019-12-15,2021-06-25,Left,Voluntarily Terminated,Agrees with dates,Voluntary,Voluntary,No
1851,Production Technician I,M1416,NEL,Production,General - Con,Laborer,Full-Time,Temporary,Zone B,MA,Female,Hispanic,55+,4,Under 1 year,0,0.72,PIP,3,2021-11-11,2022-08-01,Left,Voluntarily Terminated,Agrees with dates,Retirement,Retirement,Yes
1852,Production Technician I,M1417,PL,Production,General - Con,Technician,Full-Time,Part-Time,Zone A,MA,Female,Black,35-44,2,3-5 years,3,4.446,PIP,3,2019-02-15,2023-07-28,Left,Voluntarily Terminated,Agrees with dates,Voluntary,Voluntary,No
1853,Production Technician II,M1418,PYZ,Production,Wireline Construction,Lineman,Contract,Temporary,Zone B,MA,Female,Other,55+,4,1-2 years,1,1.35,PIP,3,2022-03-31,,Employed,Active,Agrees with dates,,,No
1854,Production Technician II,M1419,WBL,Production,Shop (Fleet),Mechanic,Contract,Full-Time,Zone A,MA,Female,Asian,55+,4,1-2 years,1,1.478,PIP,3,2020-10-25,2022-04-18,Left,Active,Contradicts dates,Involuntary,Involuntary,No
1855,Production Technician II,M1387,NEL,Production,General - Con,Locator,Part-Time,Part-Time,Zone B,MA,Male,Other,55+,4,Under 1 year,0,0.753,Exceeds,3,2022-07-25,2023-04-26,Left,Voluntarily Terminated,Agrees with dates,Retirement,Retirement,Yes
1856,Production Technician II,M1420,PL,Production,Field Operations,Technician,Full-Time,Full-Time,Zone A,MA,Female,Black,45-54,3,2-3 years,2,2.01,Exceeds,3,2021-08-02,,Employed,Active,Agrees with dates,,,No
1857,Production Technician II,M342,BPC,Production,Billable Consultants,Engineer,Contract,Temporary,Zone C,MA,Male,Other,55+,4,1-2 years,1,1.339,Exceeds,3,2021-11-13,2023-03-17,Left,Voluntarily Terminated,Agrees with dates,Involuntary,Involuntary,No
1858,Production Technician I,M1421,TNS,Production,Wireline Construction,Lineman,Contract,Full-Time,Zone A,MA,Female,Asian,35-44,2,Under 1 year,0,0.559,Exceeds,3,2019-05-07,2019-11-27,Left,Active,Contradicts dates,Resignation,Voluntary,Yes
1859,Production Technician I,M1422,PYZ,Production,Field Operations,Field Technician,Contract,Part-Time,Zone A,MA,Female,Hispanic,35-44,2,Under 1 year,0,0.172,Exceeds,3,2020-12-31,2021-03-04,Left,Active,Contradicts dates,Voluntary,Voluntary,Yes
1860,Production Technician I,M1423,WBL,Production,Project Management - Con,Coordinator,Part-Time,Full-Time,Zone B,MA,Female,Asian,Under 25,0,Under 1 year,0,0.241,Exceeds,3,2019-12-10,2020-03-07,Left,Voluntarily Terminated,Agrees with dates,Involuntary,Involuntary,Yes
1861,Production Technician I,M1424,NEL,Production,Wireline Construction,Apprentice,Contract,Full-Time,Zone A,MA,Male,Black,55+,4,3-5 years,3,3.151,Exceeds,3,2020-06-11,,Employed,Active,Agrees with dates,,,No
1862,Production Technician I,M1425,PL,Production,Aerial,Laborer,Full-Time,Temporary,Zone C,MA,Male,Other,35-44,2,1-2 years,1,1.933,Exceeds,3,2021-08-30,,Employed,Active,Agrees with dates,,,No
1863,Production Technician I,M1426,BPC,Production,Engineers,Engineer,Part-Time,Full-Time,Zone C,MA,Female,Other,35-44,2,2-3 years,2,2.152,Exceeds,3,2019-11-04,2021-12-29,Left,Active,Contradicts dates,Involuntary,Involuntary,No
1864,Production Technician I,M1427,CCDR,Production,Field Operations,Splicer,Full-Time,Temporary,Zone A,MA,Female,Hispanic,45-54,3,Under 1 year,0,0.123,Exceeds,3,2023-06-03,2023-07-18,Left,Active,Contradicts dates,Resignation,Voluntary,Yes
1865,Production Technician I,M1428,SVG,Production,Field Operations,Lineman,Part-Time,Part-Time,Zone C,MA,Female,Asian,45-54,3,2-3 years,2,2.472,Exceeds,3,2021-02-14,,Employed,Active,Agrees with dates,,,No
1866,Production Technician I,M1429,EW,Production,Field Operations,Operator,Contract,Temporary,Zone A,MA,Male,Asian,35-44,2,Under 1 year,0,0.435,Exceeds,3,2023-02-28,,Employed,Active,Agrees with dates,,,No
1867,Production Technician I,M1430,MSC,Production,Engineers,Technician,Full-Time,Temporary,Zone B,MA,Male,Asian,55+,4,Under 1 year,0,0.602,Needs Improvement,3,2021-01-09,2021-08-17,Left,Active,Contradicts dates,Involuntary,Involuntary,Yes
1868,Production Technician I,M1431,TNS,Production,Field Operations,Laborer,Part-Time,Full-Time,Zone A,MA,Male,Black,Under 25,0,1-2 years,1,1.147,Needs Improvement,3,2022-03-22,2023-05-15,Left,Active,Contradicts dates,Resignation,Voluntary,No
1869,Production Technician I,M1432,PYZ,Production,Catv,Foreman,Part-Time,Temporary,Zone C,MA,Female,Asian,35-44,2,3-5 years,3,3.734,Exceeds,3,2019-11-11,,Employed,Active,Agrees with dates,,,No
1870,Production Technician I,M1433,WBL,Production,Engineers,Engineer,Contract,Full-Time,Zone B,MA,Female,Hispanic,25-34,1,Under 1 year,0,0.838,Fully Meets,3,2022-10-04,,Employed,Active,Agrees with dates,,,No
1871,Production Technician I,M1434,NEL,Production,Wireline Construction,Laborer,Contract,Full-Time,Zone C,MA,Female,White,25-34,1,1-2 years,1,1.952,Fully Meets,3,2021-08-23,,Employed,Active,Agrees with dates,,,No
1872,Production Technician I,M1435,PL,Production,Field Operations,Laborer,Full-Time,Temporary,Zone B,MA,Female,Hispanic,45-54,3,Under 1 year,0,0.534,Fully Meets,3,2022-12-05,2023-06-18,Left,Active,Contradicts dates,Retirement,Retirement,Yes
1873,Production Technician II,M1436,BPC,Production,Engineers,Technician,Contract,Temporary,Zone C,MA,Female,Black,55+,4,Under 1 year,0,0.107,Fully Meets,3,2019-07-20,2019-08-28,Left,Active,Contradicts dates,Involuntary,Involuntary,Yes
1874,Production Technician II,M1437,CCDR,Production,Technology / It,Technician,Full-Time,Part-Time,Zone B,MA,Male,Asian,55+,4,1-2 years,1,1.749,Fully Meets,3,2021-11-05,,Employed,Active,Agrees with dates,,,No
1875,Production Technician II,M1438,EW,Production,General - Con,Foreman,Full-Time,Full-Time,Zone C,MA,Male,Other,55+,4,2-3 years,2,2.16,Fully Meets,3,2021-01-04,2023-03-04,Left,Voluntarily Terminated,Agrees with dates,Involuntary,Involuntary,No
1876,Production Technician II,M1439,MSC,Production,Field Operations,Operator,Full-Time,Part-Time,Zone A,MA,Female,Hispanic,55+,4,Under 1 year,0,0.381,Fully Meets,3,2022-10-14,2023-03-02,Left,Leave of Absence,Contradicts dates,Resignation,Voluntary,Yes
1877,Production Technician II,M1440,NEL,Production,General - Con,Foreman,Part-Time,Full-Time,Zone A,MA,Male,Asian,55+,4,1-2 years,1,1.766,Fully Meets,3,2021-10-30,,Employed,Active,Agrees with dates,,,No
1878,Production Technician I,M1441,WBL,Production,Splicing,Manager,Part-Time,Part-Time,Zone B,MA,Female,White,Under 25,0,Under 1 year,0,0.736,Fully Meets,3,2022-10-02,2023-06-28,Left,Active,Contradicts dates,Voluntary,Voluntary,Yes
1879,Production Technician I,M1442,BPC,Production,Engineers,Engineer,Part-Time,Temporary,Zone B,MA,Female,Black,55+,4,1-2 years,1,1.552,Fully Meets,3,2018-11-25,2020-06-14,Left,Voluntarily Terminated,Agrees with dates,Involuntary,Involuntary,No
1880,Production Technician I,M1443,CCDR,Production,Project Management - Con,Foreman,Full-Time,Full-Time,Zone A,MA,Female,Black,55+,4,1-2 years,1,1.555,Fully Meets,3,2021-07-09,2023-01-28,Left,Voluntarily Terminated,Agrees with dates,Voluntary,Voluntary,No
1881,Production Technician I,M1444,EW,Production,Field Operations,Technician,Full-Time,Part-Time,Zone B,MA,Male,Asian,Under 25,0,3-5 years,3,4.266,Fully Meets,3,2019-05-01,,Employed,Active,Agrees with dates,,,No
1882,Production Technician I,M1445,MSC,Production,Fielders,Engineer,Full-Time,Part-Time,Zone A,MA,Female,Asian,55+,4,1-2 years,1,1.177,Fully Meets,3,2021-11-09,2023-01-13,Left,Active,Contradicts dates,Retirement,Retirement,No
1883,Production Technician I,M1446,NEL,Production,Project Management - Con,Project Manager,Full-Time,Temporary,Zone B,MA,Female,Black,55+,4,Under 1 year,0,0.569,Fully Meets,3,2018-08-27,2019-03-23,Left,Active,Contradicts dates,Voluntary,Voluntary,Yes
1884,Production Technician I,M1447,PL,Production,General - Eng,Engineer,Part-Time,Part-Time,Zone C,MA,Female,Other,Under 25,0,3-5 years,3,4.392,Fully Meets,3,2019-03-16,,Employed,Active,Agrees with dates,,,No
1885,Production Technician I,M1448,PYZ,Production,General - Con,Technician,Contract,Full-Time,Zone B,MA,Male,Other,35-44,2,1-2 years,1,1.577,Fully Meets,3,2022-01-07,,Employed,Active,Agrees with dates,,,No
1886,Production Technician I,M1449,SVG,Production,Executive,Administrator,Contract,Temporary,Zone A,MA,Male,White,35-44,2,Under 1 year,0,0.416,Fully Meets,3,2022-10-04,2023-03-05,Left,Active,Contradicts dates,Involuntary,Involuntary,Yes
1887,Production Technician I,M1450,TNS,Production,Field Operations,Tower Hand,Full-Time,Full-Time,Zone C,MA,Male,White,25-34,1,1-2 years,1,1.372,Fully Meets,3,2022-03-23,,Employed,Active,Agrees with dates,,,No
1888,Production Technician I,M1451,WBL,Production,Engineers,Engineer,Full-Time,Temporary,Zone B,MA,Female,White,55+,4,3-5 years,3,3.22,Fully Meets,3,2020-05-05,2023-07-25,Left,Active,Contradicts dates,Voluntary,Voluntary,No
1889,Production Technician I,M1452,PYZ,Production,General - Con,Laborer,Contract,Temporary,Zone B,MA,Female,Other,55+,4,2-3 years,2,2.7,Fully Meets,3,2020-11-23,,Employed,Active,Agrees with dates,,,No
1890,Production Technician I,M1453,WBL,Production,Splicing,Laborer,Contract,Full-Time,Zone B,MA,Female,White,55+,4,1-2 years,1,1.358,Fully Meets,3,2022-03-28,,Employed,Active,Agrees with dates,,,No
1891,Production Technician I,M1454,NEL,Production,Aerial,Labor,Full-Time,Full-Time,Zone C,MA,Female,Hispanic,55+,4,3-5 years,3,3.365,Fully Meets,3,2020-03-25,,Employed,Active,Agrees with dates,,,No
1892,Production Technician II,M1455,TNS,Production,Aerial,Technician,Contract,Temporary,Zone A,MA,Female,Asian,35-44,2,3-5 years,3,4.997,Fully Meets,3,2018-08-07,,Employed,Active,Agrees with dates,,,No
1893,Production Technician II,M1456,BPC,Production,General - Con,Clerk,Contract,Full-Time,Zone A,MA,Male,White,45-54,3,3-5 years,3,3.483,Fully Meets,3,2020-02-11,,Employed,Active,Agrees with dates,,,No
1894,Production Technician II,M1457,CCDR,Production,Field Operations,Laborer,Full-Time,Full-Time,Zone A,MA,Male,Other,55+,4,Under 1 year,0,0.594,Fully Meets,3,2023-01-01,,Employed,Active,Agrees with dates,,,No
1895,Production Technician II,M1458,EW,Production,Wireline Construction,Lineman,Part-Time,Part-Time,Zone A,MA,Female,White,25-34,1,Under 1 year,0,0.663,Fully Meets,3,2022-12-07,,Employed,Active,Agrees with dates,,,No
1896,Production Technician II,M1459,MSC,Production,Engineers,Engineer,Full-Time,Part-Time,Zone A,MA,Female,Hispanic,55+,4,Under 1 year,0,0.4,Fully Meets,3,2023-03-13,,Employed,Active,Agrees with dates,,,No
1897,Production Technician II,M1460,NEL,Production,Field Operations,Laborer,Full-Time,Temporary,Zone C,MA,Male,Asian,55+,4,1-2 years,1,1.725,Fully Meets,3,2021-11-14,,Employed,Active,Agrees with dates,,,No
1898,Production Technician I,M1461,MSC,Production,Field Operations,Laborer,Full-Time,Temporary,Zone C,MA,Female,White,25-34,1,1-2 years,1,1.377,Fully Meets,3,2019-06-05,2020-10-20,Left,Active,Contradicts dates,Voluntary,Voluntary,No
1899,Production Technician I,M1462,TNS,Production,Field Operations,Laborer,Contract,Full-Time,Zone C,MA,Female,Asian,35-44,2,2-3 years,2,2.456,Fully Meets,3,2020-12-12,2023-05-28,Left,Active,Contradicts dates,Retirement,Retirement,No
1900,Production Technician I,M1463,PYZ,Production,General - Con,Clerk,Full-Time,Full-Time,Zone B,MA,Female,Hispanic,55+,4,3-5 years,3,3.332,Fully Meets,3,2020-04-06,,Employed,Active,Agrees with dates,,,No
1901,Production Technician I,M1464,WBL,Production,Engineers,Engineer,Full-Time,Full-Time,Zone B,MA,Female,White,55+,4,Under 1 year,0,0.515,Fully Meets,3,2023-01-30,,Employed,Active,Agrees with dates,,,No
1902,Production Technician I,M1465,NEL,Production,Engineers,Project Manager,Full-Time,Temporary,Zone A,MA,Male,Other,55+,4,2-3 years,2,2.029,Fully Meets,3,2020-09-08,2022-09-19,Left,Active,Contradicts dates,Retirement,Retirement,No
1903,Production Technician I,M1466,PL,Production,Field Operations,Foreman,Part-Time,Part-Time,Zone C,MA,Female,Black,55+,4,Under 1 year,0,0.98,Fully Meets,3,2020-12-14,2021-12-07,Left,Active,Contradicts dates,Resignation,Voluntary,Yes
1904,Production Technician I,M1467,BPC,Production,General - Con,Laborer,Contract,Part-Time,Zone C,MA,Female,Asian,35-44,2,Under 1 year,0,0.745,Fully Meets,3,2022-11-07,,Employed,Active,Agrees with dates,,,No
1905,Production Technician I,M1468,CCDR,Production,Wireline Construction,Vp,Part-Time,Temporary,Zone B,MA,Female,Asian,45-54,3,1-2 years,1,1.333,Fully Meets,3,2022-04-06,,Employed,Active,Agrees with dates,,,No
1906,Production Technician I,M1469,SVG,Production,Field Operations,Laborer,Part-Time,Full-Time,Zone B,MA,Male,Hispanic,55+,4,2-3 years,2,2.45,Fully Meets,3,2021-02-22,,Employed,Active,Agrees with dates,,,No
1907,Production Technician I,M1470,EW,Production,Field Operations,Operator,Full-Time,Part-Time,Zone C,MA,Male,Asian,25-34,1,1-2 years,1,1.224,Fully Meets,3,2022-05-16,,Employed,Active,Agrees with dates,,,No
1908,Production Technician I,M1471,MSC,Production,Field Operations,Technician,Contract,Part-Time,Zone B,MA,Female,White,55+,4,3-5 years,3,3.548,Fully Meets,3,2020-01-18,,Employed,Active,Agrees with dates,,,No
1909,Production Technician I,M1472,TNS,Production,General - Con,Groundman,Full-Time,Part-Time,Zone A,MA,Female,White,55+,4,1-2 years,1,1.791,Fully Meets,3,2021-10-21,,Employed,Active,Agrees with dates,,,No
1910,Production Technician I,M1473,PYZ,Production,General - Eng,Drafter,Full-Time,Full-Time,Zone C,MA,Female,Hispanic,55+,4,3-5 years,3,4.583,Fully Meets,3,2019-01-05,,Employed,Active,Agrees with dates,,,No
1911,Production Technician I,M1474,WBL,Production,Wireline Construction,Laborer,Part-Time,Temporary,Zone B,MA,Female,White,25-34,1,1-2 years,1,1.008,Fully Meets,3,2021-01-24,2022-01-27,Left,Voluntarily Terminated,Agrees with dates,Resignation,Voluntary,No
1912,Production Technician II,M1475,TNS,Production,Engineers,Engineer,Part-Time,Temporary,Zone B,MA,Female,Asian,35-44,2,Under 1 year,0,0.999,Fully Meets,3,2020-03-06,2021-03-06,Left,Active,Contradicts dates,Retirement,Retirement,Yes
1913,Production Technician II,M1476,PYZ,Production,General - Con,Lineman,Full-Time,Full-Time,Zone B,MA,Male,White,45-54,3,Under 1 year,0,0.241,Fully Meets,3,2022-11-19,2023-02-15,Left,Voluntarily Terminated,Agrees with dates,Involuntary,Involuntary,Yes
1914,Production Technician II,M1477,WBL,Production,Engineers,Project Manager,Part-Time,Full-Time,Zone B,MA,Female,Other,35-44,2,Under 1 year,0,0.55,Fully Meets,3,2019-03-15,2019-10-02,Left,Voluntarily Terminated,Agrees with dates,Resignation,Voluntary,Yes
1915,Production Technician II,M1478,NEL,Production,General - Con,Laborer,Part-Time,Temporary,Zone B,MA,Female,Asian,55+,4,Under 1 year,0,0.151,Fully Meets,3,2023-05-11,2023-07-05,Left,Leave of Absence,Contradicts dates,Voluntary,Voluntary,Yes
1916,Production Technician II,M1479,PL,Production,General - Con,Technician,Full-Time,Full-Time,Zone A,MA,Male,Other,55+,4,1-2 years,1,1.005,Fully Meets,3,2022-02-05,2023-02-07,Left,Leave of Absence,Contradicts dates,Involuntary,Involuntary,No
1917,Production Technician I,M1480,EW,Production,General - Eng,Engineer,Contract,Full-Time,Zone B,MA,Female,Black,55+,4,3-5 years,3,4.189,Fully Meets,3,2019-05-29,,Employed,Active,Agrees with dates,,,No
1918,Production Technician I,M1481,MSC,Production,Field Operations,Supervisor,Contract,Temporary,Zone B,MA,Female,Black,25-34,1,Under 1 year,0,0.175,Fully Meets,3,2023-01-09,2023-03-14,Left,Active,Contradicts dates,Involuntary,Involuntary,Yes
1919,Production Technician I,M1482,TNS,Production,Shop (Fleet),Shop,Contract,Full-Time,Zone A,MA,Female,Other,25-34,1,Under 1 year,0,0.559,Fully Meets,3,2022-05-01,2022-11-21,Left,Voluntarily Terminated,Agrees with dates,Involuntary,Involuntary,Yes
1920,Production Technician I,M1483,PYZ,Production,Field Operations,Tower Hand,Full-Time,Full-Time,Zone B,MA,Female,Hispanic,55+,4,Under 1 year,0,0.526,Fully Meets,3,2021-01-26,2021-08-06,Left,Voluntarily Terminated,Agrees with dates,Retirement,Retirement,Yes
1921,Production Technician I,M1484,WBL,Production,Engineers,Engineer,Contract,Full-Time,Zone C,MA,Male,Other,25-34,1,1-2 years,1,1.818,Fully Meets,3,2021-09-06,2023-07-02,Left,Active,Contradicts dates,Voluntary,Voluntary,No
1922,Production Technician I,M1485,NEL,Production,General - Con,Technician,Full-Time,Part-Time,Zone A,MA,Male,Asian,55+,4,3-5 years,3,3.02,Fully Meets,3,2020-07-29,,Employed,Active,Agrees with dates,,,No
1923,Production Technician I,M1486,PL,Production,People Services,Director,Full-Time,Full-Time,Zone B,MA,Female,Other,55+,4,Under 1 year,0,0.082,Fully Meets,3,2023-03-31,2023-04-30,Left,Active,Contradicts dates,Involuntary,Involuntary,Yes
1924,Production Technician I,M1487,BPC,Production,Field Operations,Foreman,Part-Time,Full-Time,Zone B,MA,Female,Hispanic,25-34,1,Under 1 year,0,0.036,Fully Meets,3,2023-05-16,2023-05-29,Left,Active,Contradicts dates,Voluntary,Voluntary,Yes
1925,Production Technician I,M1488,CCDR,Production,Splicing,Laborer,Contract,Full-Time,Zone B,MA,Male,Other,35-44,2,Under 1 year,0,0.189,Fully Meets,3,2023-04-29,2023-07-07,Left,Active,Contradicts dates,Voluntary,Voluntary,Yes
1926,Production Technician I,M1489,SVG,Production,Field Operations,Director,Contract,Temporary,Zone A,MA,Male,Black,Under 25,0,3-5 years,3,3.691,Fully Meets,3,2019-11-27,,Employed,Active,Agrees with dates,,,No
1927,Production Technician I,M1490,EW,Production,Field Operations,Technician,Full-Time,Full-Time,Zone C,MA,Male,Hispanic,45-54,3,Under 1 year,0,0.411,Fully Meets,3,2022-11-03,2023-04-02,Left,Active,Contradicts dates,Involuntary,Involuntary,Yes
1928,Production Technician I,M1491,MSC,Production,General - Con,Laborer,Full-Time,Part-Time,Zone A,MA,Female,Hispanic,35-44,2,Under 1 year,0,0.994,Fully Meets,3,2022-08-08,,Employed,Active,Agrees with dates,,,No
1929,Production Technician I,M1492,TNS,Production,Field Operations,Coordinator,Contract,Full-Time,Zone A,MA,Female,Asian,35-44,2,Under 1 year,0,0.027,Fully Meets,3,2023-07-27,,Employed,Active,Agrees with dates,,,No
1930,Production Technician I,M1493,PYZ,Production,General - Con,Technician,Full-Time,Temporary,Zone C,MA,Female,Asian,35-44,2,Under 1 year,0,0.06,Fully Meets,3,2023-07-15,,Employed,Active,Agrees with dates,,,No
1931,Production Technician I,M1494,WBL,Production,Fielders,Engineer,Full-Time,Temporary,Zone B,MA,Female,White,Under 25,0,Under 1 year,0,0.739,Fully Meets,3,2022-11-09,,Employed,Active,Agrees with dates,,,No
1932,Sales Manager,M1495,BPC,Sales,General - Sga,Project Manager,Full-Time,Temporary,Zone A,MA,Male,Other,45-54,3,2-3 years,2,2.467,Fully Meets,3,2019-12-24,2022-06-12,Left,Active,Contradicts dates,Voluntary,Voluntary,No
1933,Sales Manager,M1496,NEL,Sales,Aerial,Lineman,Contract,Part-Time,Zone C,VT,Female,Black,25-34,1,3-5 years,3,4.413,Fully Meets,3,2019-03-08,,Employed,Active,Agrees with dates,,,No
1934,Sales Manager,M1497,WBL,Sales,General - Eng,Supervisor,Contract,Full-Time,Zone B,PA,Female,Other,25-34,1,1-2 years,1,1.279,Fully Meets,3,2019-06-25,2020-10-04,Left,Voluntarily Terminated,Agrees with dates,Voluntary,Voluntary,No
1935,Production Technician II,M1498,TNS,Sales,Yard (Material Handling),Coordinator,Part-Time,Temporary,Zone A,MA,Male,Hispanic,45-54,3,3-5 years,3,4.589,Fully Meets,3,2019-01-03,,Employed,Active,Agrees with dates,,,No
1936,Production Technician II,M1499,BPC,Sales,Field Operations,Technician,Full-Time,Part-Time,Zone B,PA,Female,Hispanic,25-34,1,Under 1 year,0,0.507,Fully Meets,3,2023-02-02,,Employed,Active,Agrees with dates,,,No
1937,Production Technician II,M1500,CCDR,Sales,Engineers,Technician,Full-Time,Temporary,Zone A,PA,Female,Asian,55+,4,Under 1 year,0,0.838,Fully Meets,3,2022-03-30,2023-01-30,Left,Voluntarily Terminated,Agrees with dates,Involuntary,Involuntary,Yes
1938,Production Technician II,M1501,TNS,Sales,Splicing,Technician,Part-Time,Full-Time,Zone A,MA,Female,Other,55+,4,3-5 years,3,3.37,Fully Meets,3,2020-03-23,,Employed,Active,Agrees with dates,,,No
1939,Production Technician II,M1502,PYZ,Sales,Field Operations,Engineer,Contract,Temporary,Zone C,PA,Female,Asian,55+,4,3-5 years,3,4.167,Fully Meets,3,2019-06-06,,Employed,Active,Agrees with dates,,,No
1940,Production Technician II,M1503,TNS,Sales,Engineers,Project Manager,Contract,Temporary,Zone A,MA,Female,Asian,55+,4,Under 1 year,0,0.192,Fully Meets,3,2023-05-28,,Employed,Active,Agrees with dates,,,No
1941,Production Technician II,M1504,PYZ,Sales,Engineers,Engineer,Contract,Part-Time,Zone A,PA,Female,Hispanic,55+,4,2-3 years,2,2.502,Fully Meets,3,2021-02-03,,Employed,Active,Agrees with dates,,,No
1942,Production Technician II,M1505,TNS,Sales,Wireline Construction,Laborer,Part-Time,Part-Time,Zone A,MA,Female,Other,55+,4,3-5 years,3,3.28,Fully Meets,3,2019-07-30,2022-11-09,Left,Voluntarily Terminated,Agrees with dates,Retirement,Retirement,No
1943,Production Technician II,M1506,PYZ,Sales,Shop (Fleet),Mechanic,Contract,Part-Time,Zone A,PA,Female,White,55+,4,Under 1 year,0,0.528,Fully Meets,3,2022-05-08,2022-11-17,Left,Voluntarily Terminated,Agrees with dates,Retirement,Retirement,Yes
1944,Production Technician II,M1507,TNS,Sales,Field Operations,Technician,Part-Time,Full-Time,Zone A,PA,Female,Asian,55+,4,3-5 years,3,3.233,Fully Meets,3,2020-05-12,,Employed,Active,Agrees with dates,,,No
1945,Sales Manager,M1508,TNS,Sales,Engineers,Engineer,Full-Time,Temporary,Zone A,MA,Female,White,45-54,3,3-5 years,3,3.704,Fully Meets,3,2019-03-28,2022-12-10,Left,Voluntarily Terminated,Agrees with dates,Resignation,Voluntary,No
1946,Production Technician II,M1509,WBL,Sales,Aerial,Lineman,Full-Time,Full-Time,Zone A,PA,Female,Other,55+,4,3-5 years,3,4.041,Fully Meets,3,2019-07-22,,Employed,Active,Agrees with dates,,,No
1947,Sales Manager,M1510,MSC,Sales,General - Sga,Manager,Part-Time,Temporary,Zone C,PA,Female,White,35-44,2,2-3 years,2,2.883,Fully Meets,3,2020-09-17,,Employed,Active,Agrees with dates,,,No
1948,Production Technician II,M1511,TNS,Sales,Splicing,Splicer,Part-Time,Temporary,Zone B,PA,Female,Black,55+,4,Under 1 year,0,0.104,Fully Meets,3,2022-07-02,2022-08-09,Left,Voluntarily Terminated,Agrees with dates,Retirement,Retirement,Yes
1949,Sales Manager,M1512,MSC,Sales,Field Operations,Technician,Contract,Part-Time,Zone A,PA,Female,Hispanic,55+,4,3-5 years,3,3.682,Fully Meets,3,2019-11-30,,Employed,Active,Agrees with dates,,,No
1950,Production Technician II,M1513,TNS,Production,Splicing,Splicer,Contract,Temporary,Zone C,PA,Female,Asian,55+,4,Under 1 year,0,0.0,Fully Meets,3,2023-07-21,2023-07-21,Left,Voluntarily Terminated,Agrees with dates,Involuntary,Involuntary,Yes
1951,Sales Manager,M1514,SVG,Sales,Aerial,Foreman,Full-Time,Temporary,Zone A,MA,Female,Asian,55+,4,Under 1 year,0,0.758,Fully Meets,3,2020-08-26,2021-05-30,Left,Voluntarily Terminated,Agrees with dates,Voluntary,Voluntary,Yes
1952,Sales Manager,M1515,TNS,Sales,Underground,Laborer,Full-Time,Full-Time,Zone A,PA,Female,Other,25-34,1,3-5 years,3,3.222,Fully Meets,3,2020-05-16,,Employed,Active,Agrees with dates,,,No
1953,Production Technician I,M1516,PL,Production,Finance & Accounting,Cfo,Full-Time,Full-Time,Zone B,MA,Female,Asian,45-54,3,Under 1 year,0,0.131,Fully Meets,3,2023-04-06,2023-05-24,Left,Active,Contradicts dates,Retirement,Retirement,Yes
1954,Production Technician II,M1517,SVG,Production,Finance & Accounting,Administration,Part-Time,Temporary,Zone C,MA,Female,Other,55+,4,3-5 years,3,3.699,Fully Meets,3,2019-02-18,2022-10-31,Left,Voluntarily Terminated,Agrees with dates,Voluntary,Voluntary,No
1955,Production Technician I,M1518,MSC,Production,Field Operations,Engineer,Full-Time,Temporary,Zone A,MA,Male,White,25-34,1,2-3 years,2,2.82,Fully Meets,3,2020-10-10,,Employed,Active,Agrees with dates,,,No
1956,Production Technician I,M1519,PL,Production,Billable Consultants,Engineer,Part-Time,Full-Time,Zone A,MA,Female,Black,55+,4,2-3 years,2,2.226,Fully Meets,3,2021-05-15,,Employed,Active,Agrees with dates,,,No
1957,Production Technician I,M1520,TNS,Production,Field Operations,Manager,Part-Time,Full-Time,Zone C,MA,Female,Asian,45-54,3,3-5 years,3,3.047,Fully Meets,3,2019-05-13,2022-05-30,Left,Voluntarily Terminated,Agrees with dates,Retirement,Retirement,No
1958,Production Technician I,M1521,PYZ,Production,Sales & Marketing,Assistant,Contract,Full-Time,Zone B,MA,Female,Other,25-34,1,3-5 years,3,4.09,Fully Meets,3,2019-07-04,,Employed,Active,Agrees with dates,,,No
1959,Production Technician I,M1522,CCDR,Production,Project Management - Con,Coordinator,Part-Time,Temporary,Zone B,MA,Female,Asian,25-34,1,Under 1 year,0,0.074,Fully Meets,3,2022-04-01,2022-04-28,Left,Active,Contradicts dates,Voluntary,Voluntary,Yes
1960,Production Technician I,M1523,PYZ,Production,Aerial,Administrator,Full-Time,Part-Time,Zone A,MA,Male,White,55+,4,3-5 years,3,4.756,Fully Meets,3,2018-11-03,,Employed,Active,Agrees with dates,,,No
1961,Production Technician I,M1524,TNS,Production,General - Eng,Drafter,Part-Time,Full-Time,Zone A,MA,Female,Black,55+,4,3-5 years,3,3.562,Fully Meets,3,2018-10-11,2022-05-04,Left,Voluntarily Terminated,Agrees with dates,Voluntary,Voluntary,No
1962,Production Technician II,M1525,CCDR,Production,General - Con,Clerk,Contract,Part-Time,Zone C,MA,Female,Other,55+,4,Under 1 year,0,0.082,Fully Meets,3,2023-06-25,2023-07-25,Left,Active,Contradicts dates,Involuntary,Involuntary,Yes
1963,Production Technician I,M1526,CCDR,Production,General - Con,Technician,Contract,Full-Time,Zone B,MA,Female,Other,45-54,3,Under 1 year,0,0.961,Fully Meets,3,2020-09-14,2021-08-31,Left,Voluntarily Terminated,Agrees with dates,Resignation,Voluntary,Yes
1964,Production Technician I,M1527,EW,Production,Executive,Manager,Part-Time,Part-Time,Zone B,MA,Female,Other,45-54,3,Under 1 year,0,0.222,Fully Meets,3,2022-12-20,2023-03-11,Left,Terminated for Cause,Agrees with dates,Voluntary,Voluntary,Yes
1965,Production Technician II,M1528,CCDR,Production,General - Con,Specialist,Full-Time,Temporary,Zone A,MA,Female,White,55+,4,1-2 years,1,1.448,Fully Meets,3,2022-02-23,,Employed,Active,Agrees with dates,,,No
1966,Production Technician II,M1529,TNS,Production,General - Con,Technician,Full-Time,Part-Time,Zone C,MA,Female,Other,45-54,3,3-5 years,3,4.183,Fully Meets,3,2019-05-31,,Employed,Active,Agrees with dates,,,No
1967,Production Technician I,M1530,PL,Production,General - Con,Flagger,Part-Time,Part-Time,Zone A,MA,Female,Other,25-34,1,3-5 years,3,4.517,Fully Meets,3,2019-01-29,,Employed,Active,Agrees with dates,,,No
1968,Production Technician I,M1531,NEL,Production,General - Con,Laborer,Full-Time,Temporary,Zone B,MA,Female,Asian,55+,4,3-5 years,3,3.929,Fully Meets,3,2019-09-01,,Employed,Active,Agrees with dates,,,No
1969,Production Technician I,M1532,MSC,Production,General - Con,Foreman,Full-Time,Part-Time,Zone A,MA,Female,White,45-54,3,Under 1 year,0,0.389,Fully Meets,3,2021-01-17,2021-06-08,Left,Leave of Absence,Contradicts dates,Retirement,Retirement,Yes
1970,Production Technician I,M1533,PYZ,Production,Field Operations,Foreman,Part-Time,Temporary,Zone C,MA,Female,Other,55+,4,Under 1 year,0,0.0,Fully Meets,3,2022-04-21,2022-04-21,Left,Active,Contradicts dates,Retirement,Retirement,Yes
1971,Production Technician II,M1534,MSC,Production,General - Con,Lineman,Part-Time,Full-Time,Zone C,MA,Female,Other,25-34,1,3-5 years,3,4.827,Fully Meets,3,2018-09-15,2023-07-14,Left,Voluntarily Terminated,Agrees with dates,Voluntary,Voluntary,No
1972,Production Technician II,M1535,EW,Production,Field Operations,Laborer,Contract,Temporary,Zone A,MA,Male,Asian,25-34,1,Under 1 year,0,0.093,Fully Meets,3,2021-12-04,2022-01-07,Left,Active,Contradicts dates,Involuntary,Involuntary,Yes
1973,Production Technician II,M1536,BPC,Production,General - Con,Laborer,Full-Time,Full-Time,Zone B,MA,Female,Black,25-34,1,3-5 years,3,3.726,Fully Meets,3,2019-11-14,,Employed,Active,Agrees with dates,,,No
1974,Production Technician I,M1537,NEL,Production,Aerial,Supervisor,Part-Time,Temporary,Zone A,MA,Female,White,45-54,3,2-3 years,2,2.311,Fully Meets,3,2021-04-14,,Employed,Active,Agrees with dates,,,No
1975,Production Technician I,M1538,SVG,Production,Project Management - Con,Manager,Contract,Temporary,Zone A,MA,Female,Other,55+,4,3-5 years,3,4.312,Fully Meets,3,2019-04-14,,Employed,Active,Agrees with dates,,,No
1976,Production Technician I,M1539,EW,Production,Finance & Accounting,Administration,Full-Time,Full-Time,Zone C,MA,Female,White,55+,4,2-3 years,2,2.571,Fully Meets,3,2021-01-09,,Employed,Active,Agrees with dates,,,No
1977,Production Technician I,M1540,MSC,Production,Field Operations,Technician,Contract,Full-Time,Zone B,MA,Female,White,55+,4,Under 1 year,0,0.52,Fully Meets,3,2022-12-26,2023-07-04,Left,Voluntarily Terminated,Agrees with dates,Voluntary,Voluntary,Yes
1978,Production Technician I,M1541,TNS,Production,Finance & Accounting,Administration,Full-Time,Part-Time,Zone B,MA,Female,Other,45-54,3,1-2 years,1,1.739,Fully Meets,3,2021-10-05,2023-07-02,Left,Voluntarily Terminated,Agrees with dates,Voluntary,Voluntary,No
1979,Production Technician I,M1542,PYZ,Production,Engineers,Engineer,Part-Time,Temporary,Zone B,MA,Female,Asian,45-54,3,Under 1 year,0,0.501,Fully Meets,3,2022-09-25,2023-03-27,Left,Active,Contradicts dates,Voluntary,Voluntary,Yes
1980,Production Technician I,M1543,WBL,Production,General - Con,Manager,Part-Time,Full-Time,Zone C,MA,Female,Hispanic,25-34,1,1-2 years,1,1.736,Fully Meets,3,2021-11-10,,Employed,Active,Agrees with dates,,,No
1981,Production Technician I,M1544,NEL,Production,General - Con,Foreman,Contract,Temporary,Zone A,MA,Male,Black,25-34,1,2-3 years,2,2.27,Fully Meets,3,2021-04-08,2023-07-16,Left,Active,Contradicts dates,Involuntary,Involuntary,No
1982,Production Technician I,M1545,PL,Production,General - Sga,Manager,Full-Time,Temporary,Zone C,MA,Female,Hispanic,35-44,2,3-5 years,3,4.726,Fully Meets,3,2018-11-14,,Employed,Active,Agrees with dates,,,No
1983,Production Technician I,M1546,BPC,Production,General - Con,Laborer,Part-Time,Full-Time,Zone C,MA,Female,Asian,55+,4,2-3 years,2,2.606,Fully Meets,3,2020-03-14,2022-10-22,Left,Active,Contradicts dates,Resignation,Voluntary,No
1984,Production Technician I,M1547,CCDR,Production,Catv,Splicer,Full-Time,Temporary,Zone B,MA,Female,Black,55+,4,3-5 years,3,3.116,Fully Meets,3,2020-06-24,,Employed,Active,Agrees with dates,,,No
1985,Production Technician I,M1548,SVG,Production,General - Con,Lineman,Contract,Temporary,Zone B,MA,Female,White,55+,4,Under 1 year,0,0.044,Fully Meets,3,2023-03-19,2023-04-04,Left,Active,Contradicts dates,Resignation,Voluntary,Yes
1986,Production Technician I,M1549,EW,Production,Executive,Director,Contract,Full-Time,Zone C,MA,Female,Black,55+,4,Under 1 year,0,0.975,Fully Meets,3,2022-08-15,,Employed,Active,Agrees with dates,,,No
1987,Production Technician I,M1550,MSC,Production,General - Sga,Administrator,Full-Time,Part-Time,Zone C,MA,Female,White,55+,4,3-5 years,3,4.739,Fully Meets,3,2018-11-09,,Employed,Active,Agrees with dates,,,No
1988,Production Technician I,M1551,TNS,Production,Field Operations,Laborer,Contract,Temporary,Zone A,MA,Female,Black,25-34,1,Under 1 year,0,0.736,Fully Meets,3,2018-11-23,2019-08-19,Left,Active,Contradicts dates,Retirement,Retirement,Yes
1989,Production Technician II,M1552,PL,Production,Field Operations,Groundman,Full-Time,Temporary,Zone A,MA,Female,Other,Under 25,0,3-5 years,3,3.444,Fully Meets,3,2020-02-25,,Employed,Active,Agrees with dates,,,No
1990,Production Technician II,M1553,BPC,Production,Field Operations,Laborer,Full-Time,Temporary,Zone C,MA,Female,Black,55+,4,2-3 years,2,2.004,Fully Meets,3,2020-05-16,2022-05-18,Left,Active,Contradicts dates,Resignation,Voluntary,No
1991,Production Technician II,M1554,CCDR,Production,General - Con,Technician,Contract,Temporary,Zone B,MA,Female,Other,55+,4,3-5 years,3,4.047,Fully Meets,3,2019-06-18,2023-07-05,Left,Active,Contradicts dates,Involuntary,Involuntary,No
1992,Production Technician II,M1555,SVG,Production,General - Con,Laborer,Contract,Part-Time,Zone A,MA,Female,White,55+,4,1-2 years,1,1.862,Fully Meets,3,2019-05-20,2021-03-30,Left,Active,Contradicts dates,Involuntary,Involuntary,No
1993,Production Technician II,M1556,EW,Production,Field Operations,Technician,Full-Time,Full-Time,Zone A,MA,Female,Hispanic,45-54,3,Under 1 year,0,0.326,Fully Meets,3,2020-10-16,2021-02-12,Left,Active,Contradicts dates,Voluntary,Voluntary,Yes
1994,Production Technician II,M1557,MSC,Production,General - Con,Lineman,Full-Time,Full-Time,Zone A,MA,Female,Other,25-34,1,Under 1 year,0,0.342,Fully Meets,3,2022-07-01,2022-11-03,Left,Active,Contradicts dates,Voluntary,Voluntary,Yes
1995,Production Technician II,M1558,TNS,Production,Field Operations,Driller,Contract,Full-Time,Zone A,MA,Female,Other,35-44,2,Under 1 year,0,0.635,Fully Meets,3,2022-12-17,,Employed,Active,Agrees with dates,,,No
1996,Production Technician II,M1559,PYZ,Production,Aerial,Lineman,Part-Time,Temporary,Zone A,MA,Female,White,25-34,1,Under 1 year,0,0.077,Fully Meets,3,2021-10-24,2021-11-21,Left,Active,Contradicts dates,Resignation,Voluntary,Yes
1997,Production Technician II,M1560,WBL,Production,Wireline Construction,Project Manager,Part-Time,Full-Time,Zone B,MA,Female,Asian,25-34,1,Under 1 year,0,0.616,Fully Meets,3,2019-02-28,2019-10-11,Left,Active,Contradicts dates,Retirement,Retirement,Yes
1998,Production Technician II,M1561,NEL,Production,General - Con,Laborer,Full-Time,Part-Time,Zone C,MA,Female,Black,Under 25,0,1-2 years,1,1.369,Fully Meets,3,2022-03-24,,Employed,Active,Agrees with dates,,,No
1999,Production Technician II,M1562,PL,Production,Field Operations,Locator,Contract,Temporary,Zone A,MA,Female,Other,55+,4,1-2 years,1,1.07,Fully Meets,3,2021-10-17,2022-11-12,Left,Active,Contradicts dates,Involuntary,Involuntary,No
2000,Production Technician I,M1563,PYZ,Production,General - Con,Flagger,Full-Time,Part-Time,Zone A,MA,Female,Black,55+,4,Under 1 year,0,0.334,Fully Meets,3,2022-05-13,2022-09-12,Left,Active,Contradicts dates,Involuntary,Involuntary,Yes
2001,Production Technician I,M1008,SVG,Production,Yard (Material Handling),Coordinator,Contract,Full-Time,Zone B,MA,Female,White,45-54,3,3-5 years,3,3.244,Fully Meets,3,2019-10-09,2023-01-06,Left,Voluntarily Terminated,Agrees with dates,Resignation,Voluntary,No
2002,Production Technician I,M1564,TNS,Production,General - Con,Laborer,Contract,Temporary,Zone B,MA,Female,White,25-34,1,3-5 years,3,4.772,Fully Meets,3,2018-10-12,2023-07-21,Left,Voluntarily Terminated,Agrees with dates,Involuntary,Involuntary,No
2003,Production Technician I,M1565,WBL,Production,Shop (Fleet),Welder,Contract,Part-Time,Zone B,MA,Female,Other,35-44,2,2-3 years,2,2.626,Fully Meets,3,2020-04-13,2022-11-28,Left,Voluntarily Terminated,Agrees with dates,Voluntary,Voluntary,No
2004,Production Technician I,M1566,PYZ,Production,Engineers,Engineer,Contract,Full-Time,Zone B,MA,Female,Other,Under 25,0,2-3 years,2,2.281,Fully Meets,3,2021-04-25,,Employed,Active,Agrees with dates,,,No
2005,Production Technician I,M1567,WBL,Production,Splicing,Laborer,Part-Time,Part-Time,Zone B,MA,Female,Asian,55+,4,3-5 years,3,3.904,Fully Meets,3,2018-12-21,2022-11-16,Left,Active,Contradicts dates,Retirement,Retirement,No
2006,Production Technician I,M1568,NEL,Production,Executive,Chief Operating Officer,Contract,Temporary,Zone C,MA,Male,Other,45-54,3,1-2 years,1,1.878,Fully Meets,3,2021-09-19,,Employed,Active,Agrees with dates,,,No
2007,Production Technician I,M1569,PL,Production,Splicing,Splicer,Full-Time,Temporary,Zone C,MA,Female,Black,35-44,2,2-3 years,2,2.639,Fully Meets,3,2020-12-15,,Employed,Active,Agrees with dates,,,No
2008,Production Technician I,M1570,BPC,Production,Field Operations,Lineman,Part-Time,Temporary,Zone A,MA,Female,Asian,55+,4,Under 1 year,0,0.498,Fully Meets,3,2019-07-15,2020-01-13,Left,Active,Contradicts dates,Voluntary,Voluntary,Yes
2009,Production Technician I,M1571,CCDR,Production,Project Management - Con,Engineer,Contract,Temporary,Zone C,MA,Female,White,25-34,1,1-2 years,1,1.717,Fully Meets,3,2021-11-17,,Employed,Active,Agrees with dates,,,No
2010,Production Technician I,M1572,SVG,Production,Catv,Laborer,Part-Time,Part-Time,Zone B,MA,Female,Hispanic,55+,4,Under 1 year,0,0.383,Fully Meets,3,2023-02-04,2023-06-24,Left,Active,Contradicts dates,Resignation,Voluntary,Yes
2011,Production Technician I,M1573,EW,Production,Finance & Accounting,Clerk,Contract,Temporary,Zone B,MA,Female,Asian,25-34,1,Under 1 year,0,0.025,Fully Meets,3,2022-07-03,2022-07-12,Left,Active,Contradicts dates,Retirement,Retirement,Yes
2012,Production Technician I,M1574,MSC,Production,General - Sga,Vp,Contract,Full-Time,Zone B,MA,Female,White,35-44,2,2-3 years,2,2.639,Fully Meets,3,2020-01-24,2022-09-14,Left,Active,Contradicts dates,Voluntary,Voluntary,No
2013,Production Technician I,M1575,TNS,Production,General - Con,Foreman,Contract,Temporary,Zone A,MA,Female,Black,55+,4,1-2 years,1,1.722,Fully Meets,3,2019-07-07,2021-03-27,Left,Active,Contradicts dates,Voluntary,Voluntary,No
2014,Production Technician II,M1576,EW,Production,Splicing,Technician,Part-Time,Temporary,Zone B,MA,Female,Asian,35-44,2,1-2 years,1,1.399,Fully Meets,3,2022-03-13,,Employed,Active,Agrees with dates,,,No
2015,Production Technician II,M1577,MSC,Production,Engineers,Engineer,Part-Time,Part-Time,Zone B,MA,Female,White,25-34,1,Under 1 year,0,0.178,Fully Meets,3,2023-06-02,,Employed,Active,Agrees with dates,,,No
2016,Production Technician II,M1578,NEL,Production,Field Operations,Lineman,Contract,Full-Time,Zone C,MA,Female,White,55+,4,2-3 years,2,2.327,Fully Meets,3,2021-04-08,,Employed,Active,Agrees with dates,,,No
2017,Production Technician II,M1579,PL,Production,Aerial,Laborer,Full-Time,Part-Time,Zone B,MA,Female,Black,45-54,3,3-5 years,3,3.677,Fully Meets,3,2019-12-02,,Employed,Active,Agrees with dates,,,No
2018,Production Technician II,M1580,PYZ,Production,Yard (Material Handling),Runner,Contract,Temporary,Zone C,MA,Female,Asian,35-44,2,1-2 years,1,1.191,Fully Meets,3,2022-03-09,2023-05-18,Left,Active,Contradicts dates,Retirement,Retirement,No
2019,Production Technician II,M1581,SVG,Production,Field Operations,Laborer,Full-Time,Temporary,Zone C,MA,Female,White,45-54,3,1-2 years,1,1.363,Fully Meets,3,2022-03-26,,Employed,Active,Agrees with dates,,,No
2020,Production Technician II,M1582,TNS,Production,Wireline Construction,Billing,Part-Time,Full-Time,Zone A,MA,Female,Black,55+,4,1-2 years,1,1.243,Fully Meets,3,2021-05-08,2022-08-05,Left,Active,Contradicts dates,Involuntary,Involuntary,No
2021,Production Technician II,M1583,WBL,Production,Field Operations,Foreman,Part-Time,Temporary,Zone A,MA,Female,Asian,55+,4,Under 1 year,0,0.684,Fully Meets,3,2022-11-29,,Employed,Active,Agrees with dates,,,No
2022,Production Technician II,M1584,BPC,Production,Wireless,Operator,Contract,Part-Time,Zone B,MA,Female,White,55+,4,3-5 years,3,4.203,Fully Meets,3,2019-05-24,,Employed,Active,Agrees with dates,,,No
2023,Production Technician II,M1585,CCDR,Production,General - Con,Foreman,Part-Time,Part-Time,Zone C,MA,Female,Hispanic,55+,4,Under 1 year,0,0.23,Fully Meets,3,2022-01-29,2022-04-23,Left,Active,Contradicts dates,Retirement,Retirement,Yes
2024,Production Technician II,M1586,EW,Production,Field Operations,Coordinator,Full-Time,Full-Time,Zone C,MA,Female,Asian,25-34,1,Under 1 year,0,0.687,Fully Meets,3,2021-07-06,2022-03-14,Left,Active,Contradicts dates,Retirement,Retirement,Yes
2025,Production Technician II,M1587,MSC,Production,Field Operations,Laborer,Part-Time,Temporary,Zone C,MA,Female,Asian,45-54,3,2-3 years,2,2.037,Fully Meets,3,2021-01-29,2023-02-12,Left,Active,Contradicts dates,Resignation,Voluntary,No
2026,Production Technician I,M1588,SVG,Production,Field Operations,Locator,Contract,Full-Time,Zone A,MA,Female,Hispanic,45-54,3,Under 1 year,0,0.077,Fully Meets,3,2023-05-13,2023-06-10,Left,Active,Contradicts dates,Resignation,Voluntary,Yes
2027,Production Technician I,M1589,EW,Production,Fielders,Engineer,Part-Time,Full-Time,Zone A,MA,Female,Black,45-54,3,3-5 years,3,4.208,Fully Meets,3,2019-05-22,,Employed,Active,Agrees with dates,,,No
2028,Production Technician I,M1590,MSC,Production,Field Operations,Tower Hand,Full-Time,Temporary,Zone C,MA,Female,Hispanic,35-44,2,Under 1 year,0,0.123,Fully Meets,3,2021-09-30,2021-11-14,Left,Voluntarily Terminated,Agrees with dates,Retirement,Retirement,Yes
2029,Production Technician I,M1591,TNS,Production,General - Eng,Billing,Contract,Full-Time,Zone C,MA,Female,Black,55+,4,3-5 years,3,3.907,Fully Meets,3,2019-09-09,,Employed,Active,Agrees with dates,,,No
2030,Production Technician I,M1592,PYZ,Production,Wireline Construction,Operator,Full-Time,Full-Time,Zone B,MA,Female,Asian,35-44,2,Under 1 year,0,0.047,Fully Meets,3,2019-04-26,2019-05-13,Left,Active,Contradicts dates,Resignation,Voluntary,Yes
2031,Production Technician I,M1593,WBL,Production,Project Management - Con,Manager,Full-Time,Full-Time,Zone C,MA,Male,Asian,45-54,3,1-2 years,1,1.123,Fully Meets,3,2022-02-19,2023-04-05,Left,Active,Contradicts dates,Involuntary,Involuntary,No
2032,Production Technician I,M1594,NEL,Production,Field Operations,Technician,Contract,Part-Time,Zone C,MA,Male,Asian,25-34,1,Under 1 year,0,0.693,Fully Meets,3,2022-04-16,2022-12-25,Left,Active,Contradicts dates,Retirement,Retirement,Yes
2033,Production Technician I,M1595,PL,Production,General - Con,Laborer,Full-Time,Full-Time,Zone A,MA,Female,White,25-34,1,1-2 years,1,1.235,Fully Meets,3,2022-05-12,,Employed,Active,Agrees with dates,,,No
2034,Production Technician I,M1596,BPC,Production,Field Operations,Driver,Full-Time,Part-Time,Zone C,MA,Female,Asian,55+,4,1-2 years,1,1.936,Fully Meets,3,2021-08-26,2023-08-03,Left,Active,Contradicts dates,Voluntary,Voluntary,No
2035,Production Technician I,M1597,CCDR,Production,Aerial,Lineman,Full-Time,Full-Time,Zone C,MA,Female,Asian,Under 25,0,1-2 years,1,1.465,Fully Meets,3,2020-06-06,2021-11-23,Left,Active,Contradicts dates,Retirement,Retirement,No
2036,Production Technician I,M1598,SVG,Production,Aerial,Laborer,Contract,Part-Time,Zone A,MA,Female,Asian,55+,4,1-2 years,1,1.112,Fully Meets,3,2022-06-26,,Employed,Active,Agrees with dates,,,No
2037,Production Technician I,M1599,EW,Production,General - Con,Clerk,Contract,Full-Time,Zone C,MA,Female,White,55+,4,1-2 years,1,1.342,Fully Meets,3,2021-01-09,2022-05-14,Left,Active,Contradicts dates,Involuntary,Involuntary,No
2038,Production Technician I,M1600,MSC,Production,Splicing,Foreman,Part-Time,Temporary,Zone A,MA,Female,Black,Under 25,0,3-5 years,3,4.925,Fully Meets,3,2018-09-02,,Employed,Active,Agrees with dates,,,No
2039,Production Technician I,M1601,TNS,Production,Field Operations,Operator,Full-Time,Full-Time,Zone B,MA,Female,White,55+,4,1-2 years,1,1.29,Fully Meets,3,2022-04-22,,Employed,Active,Agrees with dates,,,No
2040,Production Technician II,M1602,NEL,Production,General - Con,Lineman,Contract,Temporary,Zone B,MA,Female,Other,55+,4,1-2 years,1,1.555,Fully Meets,3,2021-12-05,2023-06-26,Left,Future Start,Contradicts dates,Involuntary,Involuntary,No
2041,Production Technician II,M1603,PL,Production,General - Con,Laborer,Part-Time,Part-Time,Zone C,MA,Female,Black,25-34,1,Under 1 year,0,0.895,Fully Meets,3,2022-09-13,,Employed,Active,Agrees with dates,,,No
2042,Production Technician II,M1604,BPC,Production,General - Con,Technician,Part-Time,Part-Time,Zone C,MA,Female,White,25-34,1,3-5 years,3,3.699,Fully Meets,3,2019-11-24,,Employed,Active,Agrees with dates,,,No
2043,Production Technician II,M1605,CCDR,Production,Isp,Technician,Contract,Part-Time,Zone C,MA,Female,White,55+,4,3-5 years,3,3.381,Fully Meets,3,2020-03-19,,Employed,Active,Agrees with dates,,,No
2044,Production Technician II,M1606,SVG,Production,Wireline Construction,Operator,Contract,Full-Time,Zone C,MA,Female,Black,25-34,1,Under 1 year,0,0.893,Fully Meets,3,2022-09-14,,Employed,Active,Agrees with dates,,,No
2045,Production Technician II,M1607,EW,Production,Fielders,Engineer,Part-Time,Part-Time,Zone A,MA,Female,Other,45-54,3,1-2 years,1,1.873,Fully Meets,3,2021-09-21,,Employed,Active,Agrees with dates,,,No
2046,Production Technician II,M1608,MSC,Production,Project Management - Con,Manager,Part-Time,Part-Time,Zone C,MA,Female,Asian,55+,4,3-5 years,3,3.206,Fully Meets,3,2020-05-22,,Employed,Active,Agrees with dates,,,No
2047,Production Technician II,M1055,TNS,Production,Aerial,Laborer,Contract,Part-Time,Zone A,MA,Female,White,55+,4,Under 1 year,0,0.646,Fully Meets,3,2022-12-13,,Employed,Active,Agrees with dates,,,No
2048,Production Technician II,M1609,PYZ,Production,Aerial,Laborer,Contract,Part-Time,Zone B,MA,Female,Asian,25-34,1,1-2 years,1,1.492,Fully Meets,3,2022-02-07,,Employed,Active,Agrees with dates,,,No
2049,Production Technician II,M1610,WBL,Production,Field Operations,Laborer,Contract,Full-Time,Zone A,MA,Female,Asian,55+,4,2-3 years,2,2.831,Fully Meets,3,2020-10-06,,Employed,Active,Agrees with dates,,,No
2050,Production Technician II,M1611,NEL,Production,Wireless,Safety,Full-Time,Full-Time,Zone C,MA,Female,White,55+,4,Under 1 year,0,0.928,Fully Meets,3,2022-01-11,2022-12-16,Left,Active,Contradicts dates,Retirement,Retirement,Yes
2051,Production Technician I,M1612,CCDR,Production,Field Operations,Laborer,Part-Time,Temporary,Zone C,MA,Female,Black,Under 25,0,1-2 years,1,1.44,Fully Meets,3,2022-02-26,,Employed,Active,Agrees with dates,,,No
2052,Production Technician I,M1613,SVG,Production,Field Operations,Laborer,Part-Time,Part-Time,Zone B,MA,Female,Hispanic,55+,4,2-3 years,2,2.426,Fully Meets,3,2020-06-10,2022-11-13,Left,Active,Contradicts dates,Involuntary,Involuntary,No
2053,Production Technician I,M1614,EW,Production,Engineers,Engineer,Part-Time,Temporary,Zone B,MA,Female,White,25-34,1,1-2 years,1,1.856,Fully Meets,3,2021-09-27,,Employed,Active,Agrees with dates,,,No
2054,Production Technician I,M1615,MSC,Production,Project Management - Con,Coordinator,Contract,Temporary,Zone C,MA,Female,Black,25-34,1,2-3 years,2,2.973,Fully Meets,3,2018-10-25,2021-10-15,Left,Active,Contradicts dates,Voluntary,Voluntary,No
2055,Production Technician I,M1616,TNS,Production,Engineers,Executive,Contract,Full-Time,Zone A,MA,Female,White,25-34,1,2-3 years,2,2.694,Fully Meets,3,2020-11-25,,Employed,Active,Agrees with dates,,,No
2056,Production Technician I,M1617,PYZ,Production,Field Operations,Laborer,Contract,Full-Time,Zone A,MA,Female,White,55+,4,1-2 years,1,1.862,Fully Meets,3,2020-04-17,2022-02-26,Left,Active,Contradicts dates,Voluntary,Voluntary,No
2057,Production Technician I,M1618,WBL,Production,Field Operations,Laborer,Contract,Part-Time,Zone C,MA,Male,Hispanic,55+,4,2-3 years,2,2.308,Fully Meets,3,2021-04-15,,Employed,Active,Agrees with dates,,,No
2058,Production Technician I,M1619,NEL,Production,Field Operations,Laborer,Full-Time,Temporary,Zone A,MA,Male,White,35-44,2,Under 1 year,0,0.129,Fully Meets,3,2022-04-17,2022-06-03,Left,Active,Contradicts dates,Resignation,Voluntary,Yes
2059,Production Technician I,M1620,PL,Production,General - Con,Laborer,Full-Time,Temporary,Zone C,MA,Female,White,35-44,2,Under 1 year,0,0.022,Fully Meets,3,2023-07-29,2023-08-06,Left,Voluntarily Terminated,Agrees with dates,Retirement,Retirement,Yes
2060,Production Technician I,M1621,BPC,Production,Field Operations,Tower Hand,Part-Time,Part-Time,Zone C,MA,Female,Asian,55+,4,Under 1 year,0,0.526,Fully Meets,3,2023-01-26,,Employed,Active,Agrees with dates,,,No
2061,Production Technician I,M1622,CCDR,Production,Engineers,Field Project Manager,Full-Time,Full-Time,Zone A,MA,Female,Other,55+,4,3-5 years,3,4.649,Fully Meets,3,2018-12-12,,Employed,Active,Agrees with dates,,,No
2062,Production Technician I,M1623,SVG,Production,Project Management - Con,Laborer,Contract,Temporary,Zone C,MA,Female,Hispanic,55+,4,3-5 years,3,4.78,Fully Meets,3,2018-10-25,,Employed,Active,Agrees with dates,,,No
2063,Production Technician I,M1624,EW,Production,Aerial,Groundman,Contract,Full-Time,Zone B,MA,Female,Hispanic,55+,4,2-3 years,2,2.212,Fully Meets,3,2021-05-20,,Employed,Active,Agrees with dates,,,No
2064,Production Technician I,M1625,MSC,Production,Finance & Accounting,Executive,Part-Time,Full-Time,Zone C,MA,Female,White,55+,4,Under 1 year,0,0.329,Fully Meets,3,2020-08-28,2020-12-26,Left,Active,Contradicts dates,Resignation,Voluntary,Yes
2065,Production Technician II,M1626,EW,Production,Field Operations,Laborer,Contract,Full-Time,Zone C,MA,Female,Other,45-54,3,3-5 years,3,3.239,Fully Meets,3,2020-05-10,,Employed,Active,Agrees with dates,,,No
2066,Production Technician II,M1627,MSC,Production,Project Management - Con,Manager,Contract,Full-Time,Zone A,MA,Female,Asian,25-34,1,Under 1 year,0,0.0,Fully Meets,3,2023-08-04,2023-08-04,Left,Active,Contradicts dates,Voluntary,Voluntary,Yes
2067,Production Technician II,M1628,NEL,Production,Engineers,Project Manager,Full-Time,Part-Time,Zone C,MA,Female,White,55+,4,1-2 years,1,1.29,Fully Meets,3,2022-04-22,,Employed,Active,Agrees with dates,,,No
2068,Production Technician II,M1629,PL,Production,Field Operations,Laborer,Contract,Part-Time,Zone C,MA,Female,White,55+,4,2-3 years,2,2.168,Fully Meets,3,2021-06-05,,Employed,Active,Agrees with dates,,,No
2069,Production Technician II,M1630,PYZ,Production,Wireline Construction,Manager,Full-Time,Temporary,Zone C,MA,Female,Other,25-34,1,1-2 years,1,1.103,Fully Meets,3,2022-06-29,,Employed,Active,Agrees with dates,,,No
2070,Production Technician II,M1631,SVG,Production,Field Operations,Operator,Contract,Full-Time,Zone A,MA,Female,White,45-54,3,1-2 years,1,1.095,Fully Meets,3,2022-07-02,,Employed,Active,Agrees with dates,,,No
2071,Production Technician II,M1632,TNS,Production,Wireline Construction,Laborer,Contract,Full-Time,Zone A,MA,Female,White,45-54,3,Under 1 year,0,0.586,Fully Meets,3,2023-01-04,,Employed,Active,Agrees with dates,,,No
2072,Production Technician II,M1633,WBL,Production,Project Management - Con,Engineer,Contract,Temporary,Zone A,MA,Female,White,35-44,2,Under 1 year,0,0.079,Fully Meets,3,2023-07-08,,Employed,Active,Agrees with dates,,,No
2073,Production Technician II,M1634,PYZ,Production,Field Operations,Manager,Part-Time,Full-Time,Zone B,MA,Female,Hispanic,55+,4,Under 1 year,0,0.427,Fully Meets,3,2023-03-03,2023-08-06,Left,Active,Contradicts dates,Involuntary,Involuntary,Yes
2074,Production Technician II,M1635,WBL,Production,Field Operations,Supervisor,Part-Time,Full-Time,Zone B,MA,Female,Hispanic,55+,4,3-5 years,3,3.964,Fully Meets,3,2019-08-19,,Employed,Active,Agrees with dates,,,No
2075,Production Technician I,M1636,NEL,Production,Project Management - Con,Manager,Contract,Full-Time,Zone A,MA,Female,Other,45-54,3,3-5 years,3,4.767,Fully Meets,3,2018-10-30,,Employed,Active,Agrees with dates,,,No
2076,Production Technician I,M1637,PL,Production,Field Operations,Project Manager,Full-Time,Full-Time,Zone A,MA,Female,Black,55+,4,1-2 years,1,1.07,Fully Meets,3,2021-12-07,2023-01-02,Left,Active,Contradicts dates,Voluntary,Voluntary,No
2077,Production Technician I,M1638,PYZ,Production,General - Con,Foreman,Full-Time,Temporary,Zone A,MA,Female,Asian,55+,4,Under 1 year,0,0.238,Fully Meets,3,2020-11-18,2021-02-13,Left,Active,Contradicts dates,Resignation,Voluntary,Yes
2078,Production Technician I,M1639,SVG,Production,Field Operations,Laborer,Full-Time,Temporary,Zone B,MA,Female,White,35-44,2,1-2 years,1,1.051,Fully Meets,3,2018-09-26,2019-10-15,Left,Voluntarily Terminated,Agrees with dates,Voluntary,Voluntary,No
2079,Production Technician I,M1640,TNS,Production,General - Con,Flagger,Part-Time,Part-Time,Zone B,MA,Female,White,55+,4,1-2 years,1,1.131,Fully Meets,3,2022-06-19,,Employed,Active,Agrees with dates,,,No
2080,Production Technician I,M1641,WBL,Production,Catv,Supervisor,Contract,Temporary,Zone B,MA,Female,Other,55+,4,Under 1 year,0,0.416,Fully Meets,3,2022-09-15,2023-02-14,Left,Active,Contradicts dates,Involuntary,Involuntary,Yes
2081,Production Technician I,M1642,BPC,Production,Engineers,Supervisor,Part-Time,Temporary,Zone A,MA,Female,Asian,35-44,2,3-5 years,3,3.242,Fully Meets,3,2020-05-09,,Employed,Active,Agrees with dates,,,No
2082,Production Technician I,M1643,CCDR,Production,Field Operations,Laborer,Contract,Temporary,Zone C,MA,Male,Black,55+,4,2-3 years,2,2.464,Fully Meets,3,2021-02-17,,Employed,Active,Agrees with dates,,,No
2083,Production Technician I,M1644,EW,Production,Engineers,Technician,Contract,Temporary,Zone C,MA,Female,Hispanic,35-44,2,3-5 years,3,3.316,Fully Meets,3,2020-04-12,,Employed,Active,Agrees with dates,,,No
2084,Production Technician I,M1645,MSC,Production,Sales & Marketing,Assistant,Contract,Full-Time,Zone B,MA,Female,Hispanic,45-54,3,2-3 years,2,2.352,Fully Meets,3,2021-03-30,,Employed,Active,Agrees with dates,,,No
2085,Production Technician I,M1646,NEL,Production,Engineers,Engineer,Contract,Full-Time,Zone C,MA,Female,Asian,Under 25,0,2-3 years,2,2.689,Fully Meets,3,2019-05-05,2022-01-11,Left,Active,Contradicts dates,Voluntary,Voluntary,No
2086,Production Technician I,M1647,PL,Production,General - Con,Laborer,Contract,Part-Time,Zone A,MA,Female,Asian,35-44,2,Under 1 year,0,0.452,Fully Meets,3,2021-05-31,2021-11-12,Left,Active,Contradicts dates,Retirement,Retirement,Yes
2087,Production Technician I,M1648,PYZ,Production,Field Operations,Laborer,Part-Time,Full-Time,Zone A,MA,Female,Black,55+,4,Under 1 year,0,0.591,Fully Meets,3,2019-11-21,2020-06-24,Left,Active,Contradicts dates,Involuntary,Involuntary,Yes
2088,Production Technician I,M1649,SVG,Production,Yard (Material Handling),Coordinator,Contract,Full-Time,Zone B,MA,Female,White,55+,4,3-5 years,3,4.049,Fully Meets,3,2019-07-19,,Employed,Active,Agrees with dates,,,No
2089,Production Technician I,M1650,TNS,Production,Technology / It,Director,Contract,Part-Time,Zone C,MA,Female,White,55+,4,1-2 years,1,1.514,Fully Meets,3,2018-12-29,2020-07-04,Left,Active,Contradicts dates,Voluntary,Voluntary,No
2090,Production Technician II,M1651,EW,Production,General - Sga,Assistant,Part-Time,Full-Time,Zone B,MA,Female,Asian,55+,4,Under 1 year,0,0.564,Fully Meets,3,2023-01-12,,Employed,Active,Agrees with dates,,,No
2091,Production Technician II,M1652,MSC,Production,Field Operations,Locator,Contract,Part-Time,Zone C,MA,Female,Black,Under 25,0,Under 1 year,0,0.695,Fully Meets,3,2022-11-25,,Employed,Active,Agrees with dates,,,No
2092,Production Technician II,M1653,NEL,Production,Field Operations,Laborer,Part-Time,Full-Time,Zone C,MA,Female,Asian,35-44,2,3-5 years,3,3.729,Fully Meets,3,2019-11-13,,Employed,Active,Agrees with dates,,,No
2093,Production Technician II,M1654,PL,Production,General - Con,Technician,Contract,Temporary,Zone A,MA,Female,Hispanic,55+,4,1-2 years,1,1.958,Fully Meets,3,2020-09-08,2022-08-24,Left,Active,Contradicts dates,Resignation,Voluntary,No
2094,Production Technician II,M1655,PYZ,Production,Field Operations,Groundman,Part-Time,Part-Time,Zone C,MA,Female,Black,55+,4,2-3 years,2,2.229,Fully Meets,3,2019-06-16,2021-09-07,Left,Active,Contradicts dates,Involuntary,Involuntary,No
2095,Production Technician II,M1656,SVG,Production,Project Management - Con,Manager,Full-Time,Full-Time,Zone A,MA,Female,Other,25-34,1,Under 1 year,0,0.005,Fully Meets,3,2023-07-14,2023-07-16,Left,Active,Contradicts dates,Retirement,Retirement,Yes
2096,Production Technician II,M1657,TNS,Production,Field Operations,Construction Manager,Contract,Full-Time,Zone C,MA,Female,Black,35-44,2,Under 1 year,0,0.052,Fully Meets,3,2023-07-18,,Employed,Active,Agrees with dates,,,No
2097,Production Technician II,M1658,WBL,Production,Aerial,Lineman,Part-Time,Full-Time,Zone C,MA,Female,Black,55+,4,Under 1 year,0,0.339,PIP,2,2018-12-06,2019-04-09,Left,Active,Contradicts dates,Retirement,Retirement,Yes
2098,Production Technician II,M1659,BPC,Production,Catv,Laborer,Part-Time,Temporary,Zone B,MA,Female,Other,55+,4,3-5 years,3,3.058,PIP,5,2020-07-15,,Employed,Active,Agrees with dates,,,No
2099,Production Technician I,M1660,BPC,Production,General - Sga,Vp,Full-Time,Part-Time,Zone B,MA,Female,Hispanic,45-54,3,3-5 years,3,4.767,PIP,4,2018-10-30,,Employed,Active,Agrees with dates,,,No
2100,Production Technician I,M1661,CCDR,Production,Aerial,Coordinator,Contract,Temporary,Zone A,MA,Female,Other,55+,4,Under 1 year,0,0.895,Exceeds,4,2022-09-13,,Employed,Active,Agrees with dates,,,No
2101,Production Technician I,M1662,SVG,Production,Fielders,Engineer,Full-Time,Temporary,Zone B,MA,Female,Hispanic,55+,4,Under 1 year,0,0.372,PIP,5,2022-12-28,2023-05-13,Left,Voluntarily Terminated,Agrees with dates,Involuntary,Involuntary,Yes
2102,Production Technician I,M1663,EW,Production,Field Operations,Driller,Part-Time,Part-Time,Zone B,MA,Female,Asian,55+,4,Under 1 year,0,0.37,Exceeds,2,2023-03-24,,Employed,Active,Agrees with dates,,,No
2103,Production Technician I,M1664,MSC,Production,Field Operations,Construction Manager,Contract,Full-Time,Zone A,MA,Female,Asian,35-44,2,2-3 years,2,2.842,Exceeds,5,2020-10-02,,Employed,Active,Agrees with dates,,,No
2104,Production Technician I,M1665,TNS,Production,Field Operations,Laborer,Contract,Temporary,Zone A,MA,Female,Hispanic,55+,4,2-3 years,2,2.891,Exceeds,2,2020-09-14,,Employed,Active,Agrees with dates,,,No
2105,Production Technician I,M1666,PYZ,Production,General - Sga,Supervisor,Part-Time,Part-Time,Zone C,MA,Female,Hispanic,55+,4,3-5 years,3,3.546,Needs Improvement,4,2020-01-19,,Employed,Active,Agrees with dates,,,No
2106,Production Technician I,M1667,WBL,Production,Wireline Construction,Foreman,Contract,Temporary,Zone C,MA,Male,White,55+,4,3-5 years,3,3.77,Exceeds,2,2019-04-14,2023-01-20,Left,Active,Contradicts dates,Resignation,Voluntary,No
2107,Production Technician I,M1668,NEL,Production,Field Operations,Project Manager,Contract,Temporary,Zone B,MA,Female,Hispanic,55+,4,Under 1 year,0,0.142,Exceeds,1,2023-06-02,2023-07-24,Left,Active,Contradicts dates,Retirement,Retirement,Yes
2108,Production Technician I,M1669,PL,Production,Field Operations,Driller,Part-Time,Temporary,Zone A,MA,Female,White,35-44,2,Under 1 year,0,0.654,Needs Improvement,2,2022-05-09,2023-01-03,Left,Voluntarily Terminated,Agrees with dates,Retirement,Retirement,Yes
2109,Production Technician I,M1670,BPC,Production,Field Operations,Tower Hand,Part-Time,Part-Time,Zone C,MA,Female,Other,25-34,1,2-3 years,2,2.448,Exceeds,5,2021-02-23,,Employed,Active,Agrees with dates,,,No
2110,Production Technician I,M1671,CCDR,Production,General - Sga,Vp,Contract,Temporary,Zone C,MA,Female,Black,55+,4,2-3 years,2,2.171,Exceeds,4,2021-06-04,,Employed,Active,Agrees with dates,,,No
2111,Production Technician I,M1672,SVG,Production,General - Con,Lineman,Full-Time,Temporary,Zone A,MA,Female,Asian,55+,4,Under 1 year,0,0.337,Needs Improvement,5,2022-03-29,2022-07-30,Left,Active,Contradicts dates,Involuntary,Involuntary,Yes
2112,Production Technician I,M1673,EW,Production,Engineers,Technician,Part-Time,Temporary,Zone B,MA,Female,Other,55+,4,Under 1 year,0,0.479,Exceeds,4,2019-07-30,2020-01-21,Left,Active,Contradicts dates,Voluntary,Voluntary,Yes
2113,Production Technician I,M1674,MSC,Production,General - Con,Clerk,Part-Time,Full-Time,Zone B,MA,Female,White,55+,4,2-3 years,2,2.42,Exceeds,2,2020-07-09,2022-12-10,Left,Active,Contradicts dates,Involuntary,Involuntary,No
2114,Production Technician II,M1675,NEL,Production,Engineers,Project Manager,Contract,Part-Time,Zone C,MA,Female,White,25-34,1,3-5 years,3,3.951,Exceeds,4,2019-08-24,,Employed,Active,Agrees with dates,,,No
2115,Production Technician II,M1676,PL,Production,Billable Consultants,Engineer,Contract,Part-Time,Zone A,MA,Female,Asian,45-54,3,3-5 years,3,4.068,Exceeds,2,2019-04-15,2023-05-10,Left,Active,Contradicts dates,Voluntary,Voluntary,No
2116,Production Technician II,M1677,BPC,Production,Engineers,Engineer,Part-Time,Full-Time,Zone C,MA,Female,Black,55+,4,1-2 years,1,1.958,Needs Improvement,4,2021-08-21,,Employed,Active,Agrees with dates,,,No
2117,Production Technician II,M1678,CCDR,Production,Field Operations,Laborer,Full-Time,Full-Time,Zone B,MA,Female,Hispanic,25-34,1,3-5 years,3,3.121,Exceeds,2,2020-06-22,,Employed,Active,Agrees with dates,,,No
2118,Production Technician II,M1679,SVG,Production,Project Management - Eng,Coordinator,Part-Time,Temporary,Zone C,MA,Female,White,Under 25,0,3-5 years,3,3.521,Exceeds,5,2020-01-28,,Employed,Active,Agrees with dates,,,No
2119,Production Technician II,M541,EW,Production,General - Con,Foreman,Part-Time,Temporary,Zone A,MA,Female,White,55+,4,3-5 years,3,4.356,Exceeds,5,2019-03-29,,Employed,Active,Agrees with dates,,,No
2120,Production Technician II,M1680,MSC,Production,Wireline Construction,Lineman,Contract,Full-Time,Zone C,MA,Female,Asian,55+,4,3-5 years,3,4.835,Needs Improvement,2,2018-10-05,,Employed,Active,Agrees with dates,,,No
2121,Production Technician II,M1681,TNS,Production,Splicing,Splicer,Part-Time,Full-Time,Zone A,MA,Female,Asian,Under 25,0,2-3 years,2,2.96,Exceeds,5,2020-08-20,,Employed,Active,Agrees with dates,,,No
2122,Production Technician I,M1682,BPC,Production,General - Con,Locator,Full-Time,Temporary,Zone C,MA,Female,Asian,45-54,3,1-2 years,1,1.426,Needs Improvement,5,2021-06-11,2022-11-14,Left,Active,Contradicts dates,Resignation,Voluntary,No
2123,Production Technician I,M1683,CCDR,Production,Catv,Project Manager,Contract,Temporary,Zone B,MA,Female,White,35-44,2,1-2 years,1,1.903,Exceeds,2,2021-09-10,,Employed,Active,Agrees with dates,,,No
2124,Production Technician I,M1684,SVG,Production,Wireline Construction,Laborer,Contract,Temporary,Zone B,MA,Female,White,55+,4,Under 1 year,0,0.378,Exceeds,2,2023-02-21,2023-07-09,Left,Voluntarily Terminated,Agrees with dates,Voluntary,Voluntary,Yes
2125,Production Technician I,M1685,EW,Production,Engineers,Project Manager,Full-Time,Part-Time,Zone B,MA,Female,White,Under 25,0,3-5 years,3,3.992,Exceeds,4,2019-08-09,,Employed,Active,Agrees with dates,,,No
2126,Production Technician I,M1686,MSC,Production,Technology / It,Helpdesk,Part-Time,Temporary,Zone C,MA,Female,Black,45-54,3,1-2 years,1,1.582,PIP,1,2021-03-08,2022-10-07,Left,Active,Contradicts dates,Involuntary,Involuntary,No
2127,Production Technician I,M1687,TNS,Production,Field Operations,Foreman,Contract,Part-Time,Zone A,MA,Female,Black,55+,4,3-5 years,3,4.047,Needs Improvement,4,2019-07-20,,Employed,Active,Agrees with dates,,,No
2128,Production Technician I,M1688,PYZ,Production,Field Operations,Foreman,Full-Time,Temporary,Zone A,MA,Female,Black,55+,4,Under 1 year,0,0.361,Needs Improvement,2,2023-03-27,,Employed,Active,Agrees with dates,,,No
2129,Production Technician I,M1689,WBL,Production,Field Operations,Technician,Part-Time,Temporary,Zone B,MA,Male,Other,35-44,2,3-5 years,3,3.83,Needs Improvement,2,2019-10-07,,Employed,Active,Agrees with dates,,,No
2130,Production Technician I,M1690,NEL,Production,Field Operations,Tower Hand,Contract,Part-Time,Zone C,MA,Female,Other,45-54,3,Under 1 year,0,0.646,Needs Improvement,1,2022-12-13,,Employed,Active,Agrees with dates,,,No
2131,Production Technician I,M1691,PL,Production,Field Operations,Laborer,Part-Time,Part-Time,Zone C,MA,Female,Black,55+,4,1-2 years,1,1.763,Needs Improvement,4,2020-06-06,2022-03-12,Left,Voluntarily Terminated,Agrees with dates,Resignation,Voluntary,No
2132,Production Technician I,M1692,BPC,Production,Fielders,Technician,Full-Time,Full-Time,Zone A,MA,Female,Other,55+,4,1-2 years,1,1.281,Needs Improvement,2,2022-04-25,,Employed,Active,Agrees with dates,,,No
2133,Production Technician I,M1693,CCDR,Production,Field Operations,Tower Hand,Contract,Full-Time,Zone A,MA,Female,Black,45-54,3,3-5 years,3,3.023,PIP,1,2020-07-28,,Employed,Active,Agrees with dates,,,No
2134,Production Technician I,M1694,SVG,Production,Aerial,Foreman,Part-Time,Temporary,Zone B,MA,Female,Hispanic,Under 25,0,1-2 years,1,1.251,Exceeds,2,2022-02-28,2023-05-31,Left,Active,Contradicts dates,Resignation,Voluntary,No
2135,Production Technician I,M1695,EW,Production,Engineers,Technician,Contract,Part-Time,Zone A,MA,Female,Asian,55+,4,1-2 years,1,1.317,Exceeds,2,2021-10-25,2023-02-18,Left,Active,Contradicts dates,Voluntary,Voluntary,No
2136,Production Technician I,M1696,MSC,Production,Underground,Labor,Part-Time,Part-Time,Zone A,MA,Female,Other,25-34,1,1-2 years,1,1.829,Exceeds,1,2018-09-12,2020-07-11,Left,Active,Contradicts dates,Involuntary,Involuntary,No
2137,Production Technician II,M1697,CCDR,Production,General - Con,Laborer,Contract,Full-Time,Zone B,MA,Female,Black,55+,4,Under 1 year,0,0.041,Exceeds,5,2022-12-31,2023-01-15,Left,Future Start,Contradicts dates,Involuntary,Involuntary,Yes
2138,Production Technician II,M1698,EW,Production,Project Management - Con,Evp,Contract,Temporary,Zone C,MA,Female,Hispanic,55+,4,1-2 years,1,1.596,Exceeds,2,2021-11-04,2023-06-10,Left,Active,Contradicts dates,Involuntary,Involuntary,No
2139,Production Technician II,M1699,MSC,Production,Aerial,Laborer,Part-Time,Full-Time,Zone B,MA,Female,White,55+,4,3-5 years,3,3.253,Exceeds,2,2020-05-05,,Employed,Active,Agrees with dates,,,No
2140,Production Technician II,M1700,NEL,Production,Engineers,Supervisor,Contract,Part-Time,Zone A,MA,Female,Black,45-54,3,2-3 years,2,2.658,Exceeds,2,2020-12-08,,Employed,Active,Agrees with dates,,,No
2141,Production Technician II,M1701,PL,Production,Aerial,Foreman,Contract,Full-Time,Zone C,MA,Female,Hispanic,55+,4,3-5 years,3,4.638,Exceeds,2,2018-09-29,2023-05-20,Left,Active,Contradicts dates,Resignation,Voluntary,No
2142,Production Technician II,M1702,PYZ,Production,Engineers,Engineer,Contract,Temporary,Zone A,MA,Female,Other,55+,4,Under 1 year,0,0.816,Exceeds,2,2020-01-09,2020-11-02,Left,Active,Contradicts dates,Involuntary,Involuntary,Yes
2143,Production Technician II,M1703,SVG,Production,Yard (Material Handling),Coordinator,Contract,Temporary,Zone A,MA,Female,Asian,25-34,1,2-3 years,2,2.333,Exceeds,1,2020-07-01,2022-10-31,Left,Future Start,Contradicts dates,Involuntary,Involuntary,No
2144,Production Technician II,M1704,TNS,Production,Field Operations,Laborer,Full-Time,Temporary,Zone B,MA,Female,Hispanic,25-34,1,Under 1 year,0,0.947,Exceeds,2,2022-08-25,,Employed,Active,Agrees with dates,,,No
2145,Production Technician II,M1705,WBL,Production,General - Sga,Coordinator,Full-Time,Full-Time,Zone A,MA,Female,Other,25-34,1,3-5 years,3,4.438,Exceeds,1,2019-02-27,,Employed,Active,Agrees with dates,,,No
2146,Production Technician I,M1706,MSC,Production,Splicing,Model Assistant,Full-Time,Temporary,Zone A,MA,Female,Other,55+,4,3-5 years,3,3.441,Exceeds,2,2019-12-25,2023-06-04,Left,Voluntarily Terminated,Agrees with dates,Resignation,Voluntary,No
2147,Production Technician I,M1707,NEL,Production,Aerial,Lineman,Contract,Temporary,Zone B,MA,Female,Hispanic,35-44,2,1-2 years,1,1.202,Exceeds,4,2020-08-14,2021-10-27,Left,Active,Contradicts dates,Involuntary,Involuntary,No
2148,Production Technician I,M1708,PL,Production,Splicing,Splicer,Full-Time,Full-Time,Zone A,MA,Female,Black,55+,4,2-3 years,2,2.018,Exceeds,5,2021-07-30,,Employed,Active,Agrees with dates,,,No
2149,Production Technician I,M1709,PYZ,Production,Project Management - Con,Coordinator,Full-Time,Temporary,Zone A,MA,Female,White,25-34,1,2-3 years,2,2.152,Exceeds,5,2021-05-02,2023-06-27,Left,Voluntarily Terminated,Agrees with dates,Involuntary,Involuntary,No
2150,Production Technician I,M1710,SVG,Production,Splicing,Splicer,Full-Time,Full-Time,Zone B,MA,Female,Asian,45-54,3,Under 1 year,0,0.183,Exceeds,5,2023-01-21,2023-03-29,Left,Active,Contradicts dates,Voluntary,Voluntary,Yes
2151,Production Technician I,M1711,TNS,Production,Fielders,Engineer,Contract,Temporary,Zone B,MA,Female,Hispanic,55+,4,2-3 years,2,2.431,Exceeds,1,2021-01-20,2023-06-27,Left,Active,Contradicts dates,Involuntary,Involuntary,No
2152,Production Technician I,M1712,WBL,Production,Engineers,Project Manager,Part-Time,Temporary,Zone C,MA,Female,White,55+,4,2-3 years,2,2.828,Exceeds,2,2020-10-07,,Employed,Active,Agrees with dates,,,No
2153,Production Technician I,M1713,BPC,Production,Project Management - Con,Model Assistant,Contract,Part-Time,Zone C,MA,Female,Other,55+,4,3-5 years,3,4.142,Exceeds,4,2019-06-15,,Employed,Active,Agrees with dates,,,No
2154,Production Technician I,M1714,CCDR,Production,Field Operations,Driller,Part-Time,Temporary,Zone A,MA,Male,Other,45-54,3,1-2 years,1,1.273,Exceeds,4,2022-04-28,,Employed,Active,Agrees with dates,,,No
2155,Production Technician I,M1715,EW,Production,Finance & Accounting,Coordinator,Part-Time,Full-Time,Zone B,MA,Female,Other,55+,4,3-5 years,3,3.644,Exceeds,4,2019-06-29,2023-02-19,Left,Voluntarily Terminated,Agrees with dates,Resignation,Voluntary,No
2156,Production Technician I,M1716,MSC,Production,Executive,Manager,Part-Time,Temporary,Zone B,MA,Female,Black,25-34,1,1-2 years,1,1.506,Exceeds,3,2018-09-11,2020-03-14,Left,Active,Contradicts dates,Voluntary,Voluntary,No
2157,Production Technician I,M1717,NEL,Production,General - Sga,Assistant,Contract,Full-Time,Zone A,MA,Female,Asian,55+,4,1-2 years,1,1.604,Exceeds,4,2020-05-15,2021-12-22,Left,Active,Contradicts dates,Retirement,Retirement,No
2158,Production Technician I,M1718,PL,Production,Field Operations,Foreman,Full-Time,Full-Time,Zone B,MA,Female,White,55+,4,Under 1 year,0,0.449,Exceeds,3,2023-02-23,,Employed,Active,Agrees with dates,,,No
2159,Production Technician I,M1719,PYZ,Production,Aerial,Lineman,Full-Time,Temporary,Zone C,MA,Female,White,35-44,2,Under 1 year,0,0.997,Exceeds,5,2021-03-23,2022-03-22,Left,Active,Contradicts dates,Resignation,Voluntary,Yes
2160,Production Technician I,M1720,SVG,Production,General - Con,Laborer,Full-Time,Part-Time,Zone A,MA,Female,Other,35-44,2,Under 1 year,0,0.411,Exceeds,3,2022-11-07,2023-04-06,Left,Active,Contradicts dates,Involuntary,Involuntary,Yes
2161,Production Technician I,M1721,TNS,Production,Project Management - Con,Engineer,Contract,Full-Time,Zone C,MA,Female,Asian,55+,4,2-3 years,2,2.215,Exceeds,3,2021-05-19,,Employed,Active,Agrees with dates,,,No
2162,Production Technician II,M1722,WBL,Production,Project Management - Con,Project Manager,Full-Time,Temporary,Zone B,MA,Female,Asian,45-54,3,2-3 years,2,2.59,Exceeds,3,2021-01-02,,Employed,Active,Agrees with dates,,,No
2163,Production Technician II,M1723,NEL,Production,General - Sga,Lineman,Contract,Full-Time,Zone B,MA,Female,White,55+,4,3-5 years,3,4.364,Exceeds,1,2019-03-26,,Employed,Active,Agrees with dates,,,No
2164,Production Technician II,M1724,PL,Production,General - Eng,Technician,Part-Time,Full-Time,Zone C,MA,Female,Black,55+,4,2-3 years,2,2.853,Exceeds,3,2020-09-28,,Employed,Active,Agrees with dates,,,No
2165,Production Technician II,M1725,BPC,Production,Field Operations,Laborer,Contract,Full-Time,Zone C,MA,Female,Asian,55+,4,1-2 years,1,1.114,Exceeds,3,2019-03-16,2020-04-26,Left,Active,Contradicts dates,Involuntary,Involuntary,No
2166,Production Technician II,M1726,CCDR,Production,Field Operations,Operator,Contract,Part-Time,Zone B,MA,Female,Asian,25-34,1,3-5 years,3,4.381,Exceeds,3,2019-03-20,,Employed,Active,Agrees with dates,,,No
2167,Production Technician II,M1727,SVG,Production,Technology / It,Administrator,Part-Time,Temporary,Zone B,MA,Female,Hispanic,25-34,1,1-2 years,1,1.613,Exceeds,3,2018-12-30,2020-08-10,Left,Future Start,Contradicts dates,Voluntary,Voluntary,No
2168,Production Technician II,M1728,EW,Production,Field Operations,Technician,Part-Time,Full-Time,Zone B,MA,Female,Black,25-34,1,3-5 years,3,4.994,Exceeds,3,2018-08-08,,Employed,Active,Agrees with dates,,,No
2169,Production Technician II,M1729,MSC,Production,General - Con,Flagger,Full-Time,Full-Time,Zone A,MA,Female,Black,25-34,1,1-2 years,1,1.851,Exceeds,3,2020-07-04,2022-05-11,Left,Active,Contradicts dates,Retirement,Retirement,No
2170,Production Technician I,M1730,PL,Production,Wireline Construction,Billing,Full-Time,Part-Time,Zone C,MA,Female,Black,55+,4,Under 1 year,0,0.517,Exceeds,3,2023-01-29,,Employed,Active,Agrees with dates,,,No
2171,Production Technician I,M1731,BPC,Production,Executive,Executive Assistant,Full-Time,Part-Time,Zone A,MA,Female,Hispanic,25-34,1,Under 1 year,0,0.797,Exceeds,3,2021-08-09,2022-05-27,Left,Active,Contradicts dates,Resignation,Voluntary,Yes
2172,Production Technician I,M1732,CCDR,Production,Field Operations,Laborer,Part-Time,Temporary,Zone C,MA,Female,Other,25-34,1,2-3 years,2,2.122,Exceeds,3,2021-05-16,2023-06-30,Left,Voluntarily Terminated,Agrees with dates,Retirement,Retirement,No
2173,Production Technician I,M1733,SVG,Production,Engineers,Engineer,Contract,Part-Time,Zone A,MA,Female,Asian,35-44,2,Under 1 year,0,0.151,Exceeds,3,2021-08-14,2021-10-08,Left,Voluntarily Terminated,Agrees with dates,Retirement,Retirement,Yes
2174,Production Technician I,M1734,EW,Production,General - Eng,Coordinator,Full-Time,Temporary,Zone B,MA,Female,Black,45-54,3,1-2 years,1,1.489,Exceeds,3,2022-02-08,,Employed,Active,Agrees with dates,,,No
2175,Production Technician I,M1735,MSC,Production,Field Operations,Technician,Contract,Temporary,Zone C,MA,Female,Hispanic,35-44,2,Under 1 year,0,0.515,Exceeds,2,2019-12-16,2020-06-21,Left,Active,Contradicts dates,Voluntary,Voluntary,Yes
2176,Production Technician I,M1736,TNS,Production,Field Operations,Foreman,Full-Time,Full-Time,Zone B,MA,Female,Asian,25-34,1,1-2 years,1,1.829,Exceeds,2,2021-10-07,,Employed,Active,Agrees with dates,,,No
2177,Production Technician I,M1737,PYZ,Production,Catv,Supervisor,Full-Time,Full-Time,Zone A,MA,Male,Asian,55+,4,2-3 years,2,2.617,PIP,4,2020-12-23,,Employed,Active,Agrees with dates,,,No
2178,Production Technician I,M1738,WBL,Production,Fielders,Engineer,Contract,Part-Time,Zone B,MA,Female,Hispanic,25-34,1,Under 1 year,0,0.761,PIP,4,2022-11-01,,Employed,Active,Agrees with dates,,,No
2179,Production Technician I,M1739,NEL,Production,Project Management - Con,Supervisor,Contract,Full-Time,Zone B,MA,Female,Black,25-34,1,Under 1 year,0,0.578,PIP,4,2022-10-28,2023-05-27,Left,Voluntarily Terminated,Agrees with dates,Retirement,Retirement,Yes
2180,Production Technician I,M1740,PL,Production,Field Operations,Technician,Full-Time,Full-Time,Zone A,MA,Female,Hispanic,35-44,2,3-5 years,3,4.496,PIP,5,2018-11-03,2023-05-03,Left,Active,Contradicts dates,Resignation,Voluntary,No
2181,Production Technician I,M1741,BPC,Production,Field Operations,Foreman,Contract,Temporary,Zone A,MA,Female,Black,25-34,1,1-2 years,1,1.032,PIP,5,2019-03-05,2020-03-16,Left,Active,Contradicts dates,Resignation,Voluntary,No
2182,Production Technician I,M1742,CCDR,Production,General - Eng,Engineer,Full-Time,Part-Time,Zone A,MA,Female,Black,25-34,1,2-3 years,2,2.396,Exceeds,4,2021-03-14,,Employed,Active,Agrees with dates,,,No
2183,Production Technician I,M1743,SVG,Production,Finance & Accounting,Manager,Contract,Full-Time,Zone C,MA,Female,White,55+,4,3-5 years,3,4.646,Exceeds,5,2018-12-13,,Employed,Active,Agrees with dates,,,No
2184,Production Technician I,M1744,EW,Production,Aerial,Laborer,Full-Time,Part-Time,Zone C,MA,Female,Other,35-44,2,1-2 years,1,1.566,Exceeds,2,2021-09-05,2023-03-31,Left,Active,Contradicts dates,Retirement,Retirement,No
2185,Production Technician II,M1745,WBL,Production,Aerial,Groundman,Contract,Full-Time,Zone A,MA,Female,Asian,55+,4,1-2 years,1,1.758,Exceeds,5,2020-05-17,2022-02-18,Left,Voluntarily Terminated,Agrees with dates,Involuntary,Involuntary,No
2186,Production Technician II,M1746,NEL,Production,Field Operations,Technician,Part-Time,Temporary,Zone A,MA,Male,Hispanic,25-34,1,Under 1 year,0,0.055,Exceeds,1,2023-03-03,2023-03-23,Left,Active,Contradicts dates,Voluntary,Voluntary,Yes
2187,Production Technician II,M1747,PL,Production,Engineers,Program Manager,Part-Time,Full-Time,Zone B,MA,Female,Hispanic,25-34,1,3-5 years,3,3.436,Exceeds,5,2020-02-28,,Employed,Active,Agrees with dates,,,No
2188,Production Technician II,M1748,BPC,Production,Field Operations,Laborer,Part-Time,Part-Time,Zone A,MA,Female,Black,55+,4,2-3 years,2,2.374,Exceeds,2,2021-02-11,2023-06-28,Left,Active,Contradicts dates,Involuntary,Involuntary,No
2189,Production Technician II,M1749,CCDR,Production,Shop (Fleet),Shop,Part-Time,Temporary,Zone B,MA,Female,White,55+,4,3-5 years,3,4.528,Needs Improvement,5,2019-01-25,,Employed,Active,Agrees with dates,,,No
2190,Production Technician II,M1750,SVG,Production,General - Con,Laborer,Part-Time,Full-Time,Zone C,MA,Female,Asian,35-44,2,Under 1 year,0,0.14,Needs Improvement,5,2023-04-25,2023-06-15,Left,Active,Contradicts dates,Voluntary,Voluntary,Yes
2191,Production Technician II,M1751,EW,Production,Engineers,Engineer,Contract,Part-Time,Zone C,MA,Female,Asian,45-54,3,2-3 years,2,2.174,Needs Improvement,5,2021-02-14,2023-04-19,Left,Active,Contradicts dates,Retirement,Retirement,No
2192,Production Technician II,M1752,MSC,Production,General - Con,Administration,Part-Time,Part-Time,Zone C,MA,Female,Black,55+,4,2-3 years,2,2.281,Needs Improvement,1,2020-10-07,2023-01-18,Left,Active,Contradicts dates,Voluntary,Voluntary,No
2193,Production Technician I,M1753,NEL,Production,Field Operations,Laborer,Part-Time,Part-Time,Zone A,MA,Male,White,55+,4,3-5 years,3,4.255,Needs Improvement,4,2019-02-28,2023-06-01,Left,Voluntarily Terminated,Agrees with dates,Involuntary,Involuntary,No
2194,Production Technician I,M1754,PL,Production,Field Operations,Laborer,Full-Time,Temporary,Zone B,MA,Female,Other,25-34,1,3-5 years,3,4.027,Needs Improvement,2,2019-07-27,,Employed,Active,Agrees with dates,,,No
2195,Production Technician I,M1755,BPC,Production,Underground,Laborer,Contract,Part-Time,Zone C,MA,Female,Black,55+,4,Under 1 year,0,0.096,Needs Improvement,2,2023-06-02,2023-07-07,Left,Active,Contradicts dates,Voluntary,Voluntary,Yes
2196,Production Technician I,M1756,CCDR,Production,Underground,Operator,Full-Time,Full-Time,Zone A,MA,Male,White,35-44,2,Under 1 year,0,0.14,Needs Improvement,5,2022-11-14,2023-01-04,Left,Voluntarily Terminated,Agrees with dates,Resignation,Voluntary,Yes
2197,Production Technician I,M1757,SVG,Production,Wireline Construction,Operator,Contract,Full-Time,Zone C,MA,Female,Asian,35-44,2,3-5 years,3,3.22,Needs Improvement,4,2018-08-22,2021-11-10,Left,Voluntarily Terminated,Agrees with dates,Involuntary,Involuntary,No
2198,Production Technician I,M1758,EW,Production,Field Operations,Driver,Contract,Temporary,Zone B,MA,Female,White,55+,4,Under 1 year,0,0.038,Exceeds,1,2022-12-15,2022-12-29,Left,Active,Contradicts dates,Retirement,Retirement,Yes
2199,Production Technician I,M1759,MSC,Production,General - Con,Manager,Full-Time,Full-Time,Zone C,MA,Female,White,45-54,3,3-5 years,3,3.181,Exceeds,4,2020-05-31,,Employed,Active,Agrees with dates,,,No
2200,Production Technician I,M1760,TNS,Production,Field Operations,Laborer,Contract,Full-Time,Zone A,MA,Female,Asian,55+,4,1-2 years,1,1.049,Exceeds,4,2022-07-19,,Employed,Active,Agrees with dates,,,No
2201,Production Technician I,M1761,PYZ,Production,Project Management - Con,Technician,Contract,Part-Time,Zone C,MA,Male,Other,25-34,1,3-5 years,3,3.097,Exceeds,2,2020-07-01,,Employed,Active,Agrees with dates,,,No
2202,Production Technician I,M1762,WBL,Production,Project Management - Con,Project Manager,Contract,Part-Time,Zone A,MA,Female,Asian,45-54,3,2-3 years,2,2.713,Exceeds,4,2020-11-18,,Employed,Active,Agrees with dates,,,No
2203,Production Technician I,M1763,NEL,Production,General - Con,Technician,Contract,Part-Time,Zone A,MA,Female,Asian,35-44,2,1-2 years,1,1.221,Exceeds,1,2020-02-29,2021-05-20,Left,Voluntarily Terminated,Agrees with dates,Involuntary,Involuntary,No
2204,Production Technician I,M1764,PL,Production,Shop (Fleet),Supervisor,Part-Time,Part-Time,Zone B,MA,Female,Other,35-44,2,Under 1 year,0,0.345,Needs Improvement,2,2021-09-24,2022-01-28,Left,Active,Contradicts dates,Retirement,Retirement,Yes
2205,Production Technician I,M1765,BPC,Production,General - Sga,Administrator,Full-Time,Full-Time,Zone B,MA,Female,Black,55+,4,1-2 years,1,1.295,Needs Improvement,4,2022-04-13,2023-07-30,Left,Active,Contradicts dates,Involuntary,Involuntary,No
2206,Production Technician I,M1766,CCDR,Production,Field Operations,Tower Hand,Contract,Temporary,Zone A,MA,Female,Other,55+,4,Under 1 year,0,0.78,Needs Improvement,5,2022-10-25,,Employed,Active,Agrees with dates,,,No
2207,Production Technician I,M1767,SVG,Production,Field Operations,Welder,Full-Time,Full-Time,Zone C,MA,Female,Black,55+,4,2-3 years,2,2.522,Needs Improvement,5,2021-01-27,,Employed,Active,Agrees with dates,,,No
2208,IT Support,M1768,WBL,IT/IS,Fielders,Technician,Full-Time,Full-Time,Zone B,CT,Female,Other,55+,4,3-5 years,3,4.873,Needs Improvement,5,2018-09-21,,Employed,Active,Agrees with dates,,,No
2209,IT Support,M1769,PYZ,IT/IS,Wireline Construction,Groundman,Part-Time,Part-Time,Zone C,MA,Male,Black,Under 25,0,3-5 years,3,3.31,Needs Improvement,5,2020-04-14,,Employed,Active,Agrees with dates,,,No
2210,IT Support,M1770,PL,IT/IS,Wireline Construction,Vp,Part-Time,Temporary,Zone C,MA,Female,Black,55+,4,1-2 years,1,1.418,Exceeds,4,2021-05-31,2022-10-31,Left,Active,Contradicts dates,Resignation,Voluntary,No
2211,IT Support,M1771,WBL,IT/IS,Field Operations,Administrator,Contract,Temporary,Zone C,CT,Female,White,45-54,3,3-5 years,3,3.321,Exceeds,5,2020-04-10,,Employed,Active,Agrees with dates,,,No
2212,IT Support,M1772,MSC,IT/IS,Field Operations,Cfo,Full-Time,Part-Time,Zone C,MA,Female,White,25-34,1,Under 1 year,0,0.717,Exceeds,1,2022-07-03,2023-03-22,Left,Active,Contradicts dates,Involuntary,Involuntary,Yes
2213,IT Support,M1773,EW,IT/IS,Shop (Fleet),Shop,Part-Time,Full-Time,Zone A,MA,Female,Asian,55+,4,Under 1 year,0,0.153,Exceeds,5,2023-03-15,2023-05-10,Left,Active,Contradicts dates,Retirement,Retirement,Yes
2214,IT Support,M1774,CCDR,IT/IS,Field Operations,Tower Hand,Contract,Full-Time,Zone C,MA,Female,Black,55+,4,1-2 years,1,1.038,Exceeds,4,2021-07-29,2022-08-12,Left,Active,Contradicts dates,Resignation,Voluntary,No
2215,IT Support,M1775,BPC,IT/IS,Engineers,Engineer,Contract,Temporary,Zone B,MA,Female,Asian,55+,4,Under 1 year,0,0.936,Exceeds,1,2022-02-05,2023-01-13,Left,Active,Contradicts dates,Resignation,Voluntary,Yes
2216,IT Manager - Support,M1776,WBL,IT/IS,General - Con,Technician,Part-Time,Temporary,Zone B,MA,Female,Hispanic,45-54,3,Under 1 year,0,0.739,Exceeds,1,2022-11-09,,Employed,Active,Agrees with dates,,,No
2217,IT Manager - Infra,M1777,TNS,IT/IS,People Services,Director,Part-Time,Temporary,Zone A,CT,Female,Hispanic,25-34,1,Under 1 year,0,0.057,Exceeds,4,2020-11-23,2020-12-14,Left,Active,Contradicts dates,Voluntary,Voluntary,Yes
2218,IT Manager - DB,M1778,SVG,IT/IS,Field Operations,Foreman,Part-Time,Part-Time,Zone B,MA,Female,Asian,55+,4,3-5 years,3,3.663,Exceeds,4,2019-02-21,2022-10-21,Left,Active,Contradicts dates,Resignation,Voluntary,No
2219,IT Support,M1779,SVG,IT/IS,Wireline Construction,Laborer,Part-Time,Part-Time,Zone C,MA,Female,Hispanic,55+,4,Under 1 year,0,0.611,Exceeds,5,2022-09-25,2023-05-06,Left,Active,Contradicts dates,Retirement,Retirement,Yes
2220,IT Support,M1780,EW,IT/IS,General - Eng,Engineer,Contract,Temporary,Zone B,MA,Female,Asian,55+,4,Under 1 year,0,0.884,Exceeds,4,2022-09-17,,Employed,Active,Agrees with dates,,,No
2221,IT Support,M1781,MSC,IT/IS,Field Operations,Laborer,Contract,Part-Time,Zone C,MA,Female,Hispanic,25-34,1,3-5 years,3,4.183,Exceeds,4,2019-05-31,,Employed,Active,Agrees with dates,,,No
2222,IT Support,M1782,TNS,IT/IS,Wireline Construction,Laborer,Part-Time,Temporary,Zone A,MA,Female,Hispanic,25-34,1,1-2 years,1,1.076,Exceeds,4,2020-07-21,2021-08-18,Left,Active,Contradicts dates,Resignation,Voluntary,No
2223,IT Manager - Support,M1783,BPC,IT/IS,Executive,Vp,Full-Time,Temporary,Zone C,MA,Female,Asian,55+,4,3-5 years,3,3.088,Exceeds,2,2020-07-04,,Employed,Active,Agrees with dates,,,No
2224,IT Manager - Infra,M1784,CCDR,IT/IS,Wireline Construction,Groundman,Full-Time,Temporary,Zone A,CT,Female,Asian,Under 25,0,2-3 years,2,2.812,Exceeds,4,2020-10-13,,Employed,Active,Agrees with dates,,,No
2225,IT Manager - DB,M1785,EW,IT/IS,Engineers,Project Manager,Part-Time,Full-Time,Zone A,MA,Male,Black,45-54,3,Under 1 year,0,0.266,Exceeds,2,2023-05-01,,Employed,Active,Agrees with dates,,,No
2226,IT Support,M1786,SVG,IT/IS,General - Eng,Administrative,Contract,Full-Time,Zone A,MA,Female,White,55+,4,2-3 years,2,2.24,Exceeds,1,2019-03-22,2021-06-17,Left,Active,Contradicts dates,Resignation,Voluntary,No
2227,IT Support,M1787,EW,IT/IS,Aerial,Lineman,Contract,Full-Time,Zone B,MA,Female,Black,25-34,1,1-2 years,1,1.607,Needs Improvement,5,2021-12-27,,Employed,Active,Agrees with dates,,,No
2228,IT Support,M1788,MSC,IT/IS,Wireless,Laborer,Part-Time,Part-Time,Zone B,MA,Female,White,55+,4,3-5 years,3,3.836,PIP,4,2018-08-12,2022-06-13,Left,Active,Contradicts dates,Resignation,Voluntary,No
2229,IT Support,M1789,TNS,IT/IS,Underground,Laborer,Part-Time,Temporary,Zone A,MA,Female,Asian,45-54,3,Under 1 year,0,0.605,PIP,4,2022-12-28,,Employed,Active,Agrees with dates,,,No
2230,IT Manager - Support,M1790,PYZ,IT/IS,General - Con,Supervisor,Part-Time,Full-Time,Zone A,CT,Female,Hispanic,45-54,3,3-5 years,3,4.695,Fully Meets,2,2018-11-25,,Employed,Active,Agrees with dates,,,No
2231,IT Manager - Infra,M1791,WBL,IT/IS,General - Con,Laborer,Full-Time,Part-Time,Zone A,CT,Female,Other,25-34,1,2-3 years,2,2.609,Fully Meets,2,2020-12-26,,Employed,Active,Agrees with dates,,,No
2232,IT Manager - DB,M1792,NEL,IT/IS,Field Operations,Engineer,Part-Time,Full-Time,Zone A,MA,Male,Hispanic,55+,4,Under 1 year,0,0.638,Fully Meets,5,2022-12-16,,Employed,Active,Agrees with dates,,,No
2233,IT Support,M1793,MSC,IT/IS,Splicing,Lineman,Contract,Full-Time,Zone B,MA,Female,Asian,45-54,3,3-5 years,3,3.858,Fully Meets,1,2019-09-27,,Employed,Active,Agrees with dates,,,No
2234,IT Support,M1794,EW,IT/IS,Wireline Construction,Laborer,Part-Time,Full-Time,Zone C,MA,Female,Black,45-54,3,Under 1 year,0,0.884,Fully Meets,2,2021-02-20,2022-01-09,Left,Active,Contradicts dates,Resignation,Voluntary,Yes
2235,IT Support,M1795,CCDR,IT/IS,Shop (Fleet),Model Assistant,Full-Time,Full-Time,Zone B,MA,Female,Other,55+,4,1-2 years,1,1.44,Fully Meets,1,2022-02-26,,Employed,Active,Agrees with dates,,,No
2236,IT Support,M1796,BPC,IT/IS,Engineers,Project Manager,Full-Time,Temporary,Zone A,CT,Female,Hispanic,55+,4,2-3 years,2,2.801,Fully Meets,1,2018-12-23,2021-10-11,Left,Active,Contradicts dates,Involuntary,Involuntary,No
2237,IT Manager - Support,M1797,WBL,IT/IS,Underground,Laborer,Full-Time,Temporary,Zone B,CT,Female,Other,45-54,3,Under 1 year,0,0.983,Fully Meets,2,2022-01-10,2023-01-04,Left,Active,Contradicts dates,Resignation,Voluntary,Yes
2238,IT Manager - Infra,M1798,TNS,IT/IS,Project Management - Con,Purchasing,Part-Time,Temporary,Zone B,CT,Male,Hispanic,45-54,3,Under 1 year,0,0.758,Fully Meets,2,2021-03-04,2021-12-06,Left,Active,Contradicts dates,Resignation,Voluntary,Yes
2239,IT Manager - DB,M1799,SVG,IT/IS,Catv,Manager,Full-Time,Part-Time,Zone C,MA,Male,Asian,55+,4,Under 1 year,0,0.068,Fully Meets,5,2023-03-10,2023-04-04,Left,Active,Contradicts dates,Retirement,Retirement,Yes
2240,IT Support,M1800,SVG,IT/IS,Finance & Accounting,Accounting,Part-Time,Part-Time,Zone B,MA,Female,Hispanic,25-34,1,3-5 years,3,4.668,Fully Meets,2,2018-12-05,,Employed,Active,Agrees with dates,,,No
2241,IT Support,M1801,EW,IT/IS,Technology / It,Engineer,Part-Time,Part-Time,Zone C,MA,Female,Hispanic,35-44,2,2-3 years,2,2.116,Fully Meets,2,2021-06-24,,Employed,Active,Agrees with dates,,,No
2242,IT Support,M1802,MSC,IT/IS,Field Operations,Runner,Full-Time,Temporary,Zone C,MA,Female,Hispanic,25-34,1,Under 1 year,0,0.183,Fully Meets,4,2022-05-10,2022-07-16,Left,Active,Contradicts dates,Resignation,Voluntary,Yes
2243,IT Support,M1006,TNS,IT/IS,Finance & Accounting,Accounting,Full-Time,Part-Time,Zone A,CT,Female,Other,55+,4,Under 1 year,0,0.055,Fully Meets,4,2023-04-13,2023-05-03,Left,Active,Contradicts dates,Involuntary,Involuntary,Yes
2244,IT Manager - Support,M1803,PYZ,IT/IS,Field Operations,Driller,Contract,Temporary,Zone C,CT,Female,Other,55+,4,1-2 years,1,1.005,Fully Meets,4,2022-08-04,,Employed,Active,Agrees with dates,,,No
2245,IT Manager - Infra,M1804,WBL,IT/IS,Engineers,Supervisor,Part-Time,Part-Time,Zone C,MA,Male,Black,55+,4,1-2 years,1,1.369,Fully Meets,5,2021-02-28,2022-07-13,Left,Active,Contradicts dates,Resignation,Voluntary,No
2246,IT Manager - DB,M1805,NEL,IT/IS,Field Operations,Technician,Contract,Part-Time,Zone B,MA,Male,White,45-54,3,1-2 years,1,1.487,Fully Meets,4,2020-10-14,2022-04-10,Left,Active,Contradicts dates,Resignation,Voluntary,No
2247,IT Support,M1806,SVG,IT/IS,Fielders,Engineer,Part-Time,Temporary,Zone B,MA,Female,Hispanic,35-44,2,3-5 years,3,4.742,Fully Meets,2,2018-09-10,2023-06-08,Left,Active,Contradicts dates,Resignation,Voluntary,No
2248,IT Support,M1807,EW,IT/IS,Field Operations,Laborer,Part-Time,Temporary,Zone B,MA,Female,Hispanic,Under 25,0,Under 1 year,0,0.446,Fully Meets,2,2022-12-16,2023-05-28,Left,Active,Contradicts dates,Retirement,Retirement,Yes
2249,IT Support,M1808,MSC,IT/IS,Field Operations,Laborer,Contract,Part-Time,Zone C,MA,Female,Black,25-34,1,Under 1 year,0,0.329,Fully Meets,4,2018-09-28,2019-01-26,Left,Active,Contradicts dates,Voluntary,Voluntary,Yes
2250,IT Support,M1809,TNS,IT/IS,Aerial,Groundman,Contract,Temporary,Zone C,CT,Female,Asian,55+,4,Under 1 year,0,0.134,Fully Meets,5,2022-03-08,2022-04-26,Left,Active,Contradicts dates,Involuntary,Involuntary,Yes
2251,IT Manager - Support,M1810,PYZ,IT/IS,Project Management - Con,Program Manager,Part-Time,Temporary,Zone B,MA,Female,Hispanic,35-44,2,1-2 years,1,1.563,Fully Meets,2,2022-01-12,,Employed,Active,Agrees with dates,,,No
2252,IT Manager - Infra,M1811,WBL,IT/IS,Field Operations,Coordinator,Contract,Part-Time,Zone B,MA,Male,White,45-54,3,2-3 years,2,2.658,Fully Meets,4,2020-12-08,,Employed,Active,Agrees with dates,,,No
2253,IT Support,M1812,PYZ,IT/IS,Field Operations,Technician,Full-Time,Full-Time,Zone A,MA,Female,Other,35-44,2,2-3 years,2,2.716,Fully Meets,1,2020-11-17,,Employed,Active,Agrees with dates,,,No
2254,IT Support,M1813,SVG,IT/IS,General - Sga,Administrator,Full-Time,Part-Time,Zone A,MA,Female,Hispanic,55+,4,2-3 years,2,2.546,Fully Meets,2,2021-01-18,,Employed,Active,Agrees with dates,,,No
2255,IT Support,M1814,TNS,IT/IS,Wireline Construction,Lineman,Full-Time,Part-Time,Zone C,MA,Female,Hispanic,25-34,1,1-2 years,1,1.043,Fully Meets,2,2020-09-15,2021-10-01,Left,Active,Contradicts dates,Involuntary,Involuntary,No
2256,IT Support,M1815,WBL,IT/IS,Field Operations,Driller,Part-Time,Full-Time,Zone C,CT,Female,Asian,35-44,2,3-5 years,3,3.652,Fully Meets,5,2019-12-11,,Employed,Active,Agrees with dates,,,No
2257,IT Manager - Support,M1816,WBL,IT/IS,General - Eng,Administrative,Contract,Full-Time,Zone B,MA,Male,White,25-34,1,1-2 years,1,1.114,Fully Meets,2,2021-04-29,2022-06-10,Left,Active,Contradicts dates,Voluntary,Voluntary,No
2258,IT Manager - Infra,M1817,TNS,IT/IS,Engineers,Engineer,Full-Time,Part-Time,Zone C,MA,Male,White,Under 25,0,2-3 years,2,2.341,Fully Meets,2,2021-04-03,,Employed,Active,Agrees with dates,,,No
2259,IT Support,M1818,SVG,IT/IS,General - Eng,Drafter,Part-Time,Temporary,Zone A,MA,Female,Hispanic,55+,4,1-2 years,1,1.509,Fully Meets,1,2022-02-01,,Employed,Active,Agrees with dates,,,No
2260,IT Support,M1819,EW,IT/IS,Engineers,Billing,Part-Time,Temporary,Zone B,MA,Female,Hispanic,25-34,1,1-2 years,1,1.703,Fully Meets,1,2020-01-17,2021-09-30,Left,Active,Contradicts dates,Voluntary,Voluntary,No
2261,IT Support,M1820,MSC,IT/IS,Wireline Construction,Foreman,Full-Time,Part-Time,Zone B,CT,Female,Black,55+,4,1-2 years,1,1.18,Fully Meets,2,2022-06-01,,Employed,Active,Agrees with dates,,,No
2262,IT Support,M1821,TNS,IT/IS,Engineers,Engineer,Contract,Temporary,Zone A,CT,Female,Other,55+,4,3-5 years,3,4.389,Fully Meets,2,2019-03-17,,Employed,Active,Agrees with dates,,,No
2263,IT Manager - Support,M1822,PYZ,IT/IS,General - Sga,Assistant,Contract,Temporary,Zone B,MA,Male,Hispanic,55+,4,3-5 years,3,3.578,Fully Meets,2,2020-01-07,,Employed,Active,Agrees with dates,,,No
2264,IT Manager - Infra,M1823,WBL,IT/IS,Executive,Manager,Part-Time,Part-Time,Zone A,MA,Male,White,35-44,2,Under 1 year,0,0.843,Fully Meets,5,2021-02-24,2021-12-29,Left,Active,Contradicts dates,Involuntary,Involuntary,Yes
2265,IT Support,M1824,SVG,IT/IS,Field Operations,Construction Manager,Contract,Part-Time,Zone C,MA,Female,Hispanic,55+,4,3-5 years,3,3.6,Fully Meets,1,2019-12-30,,Employed,Active,Agrees with dates,,,No
2266,IT Support,M1825,EW,IT/IS,Field Operations,Construction Manager,Full-Time,Temporary,Zone B,MA,Female,Other,45-54,3,Under 1 year,0,0.846,Fully Meets,5,2020-05-12,2021-03-17,Left,Active,Contradicts dates,Resignation,Voluntary,Yes
2267,IT Support,M1826,MSC,IT/IS,General - Con,Technician,Full-Time,Part-Time,Zone A,CT,Female,Hispanic,45-54,3,Under 1 year,0,0.339,Fully Meets,4,2023-04-04,,Employed,Active,Agrees with dates,,,No
2268,IT Support,M1827,TNS,IT/IS,General - Con,Technician,Contract,Full-Time,Zone C,CT,Male,White,55+,4,1-2 years,1,1.311,Fully Meets,2,2021-01-04,2022-04-28,Left,Active,Contradicts dates,Resignation,Voluntary,No
2269,IT Manager - Support,M1828,PYZ,IT/IS,Executive,Ceo,Full-Time,Full-Time,Zone C,MA,Male,Hispanic,45-54,3,2-3 years,2,2.593,Fully Meets,1,2020-04-28,2022-12-01,Left,Active,Contradicts dates,Resignation,Voluntary,No
2270,IT Support,M1829,PYZ,IT/IS,Project Management - Con,Manager,Contract,Part-Time,Zone C,MA,Female,Asian,55+,4,2-3 years,2,2.292,Fully Meets,4,2019-04-16,2021-07-31,Left,Active,Contradicts dates,Resignation,Voluntary,No
2271,IT Support,M1830,SVG,IT/IS,Field Operations,Tower Hand,Full-Time,Temporary,Zone A,MA,Female,Hispanic,25-34,1,1-2 years,1,1.076,Fully Meets,2,2022-07-09,,Employed,Active,Agrees with dates,,,No
2272,IT Support,M1831,TNS,IT/IS,Field Operations,Laborer,Part-Time,Full-Time,Zone C,CT,Female,Black,35-44,2,Under 1 year,0,0.381,Fully Meets,2,2022-08-29,2023-01-15,Left,Active,Contradicts dates,Retirement,Retirement,Yes
2273,IT Support,M1832,WBL,IT/IS,Project Management - Eng,Planner,Full-Time,Part-Time,Zone A,CT,Male,Other,55+,4,Under 1 year,0,0.876,Fully Meets,4,2020-01-26,2020-12-11,Left,Active,Contradicts dates,Resignation,Voluntary,Yes
2274,IT Manager - Support,M1833,BPC,IT/IS,Aerial,Lineman,Full-Time,Temporary,Zone A,MA,Male,Other,Under 25,0,3-5 years,3,3.463,Fully Meets,4,2020-02-18,,Employed,Active,Agrees with dates,,,No
2275,Production Manager,M1834,EW,Production,Yard (Material Handling),Runner,Part-Time,Full-Time,Zone B,MA,Male,Asian,55+,4,1-2 years,1,1.528,Fully Meets,2,2022-01-25,,Employed,Active,Agrees with dates,,,No
2276,Production Manager,M1835,TNS,Production,Project Management - Con,Project Manager,Full-Time,Temporary,Zone B,MA,Female,White,35-44,2,Under 1 year,0,0.074,Fully Meets,1,2023-07-10,,Employed,Active,Agrees with dates,,,No
2277,Production Manager,M1836,CCDR,Production,Field Operations,Technician,Contract,Temporary,Zone B,MA,Female,Hispanic,55+,4,1-2 years,1,1.311,Fully Meets,5,2022-04-14,,Employed,Active,Agrees with dates,,,No
2278,Production Manager,M1837,CCDR,Production,Wireless,Operator,Part-Time,Temporary,Zone B,MA,Female,White,55+,4,1-2 years,1,1.073,Fully Meets,4,2022-07-10,,Employed,Active,Agrees with dates,,,No
2279,Production Manager,M1838,EW,Production,Safety,Safety,Contract,Full-Time,Zone C,MA,Male,Other,45-54,3,1-2 years,1,1.109,Fully Meets,1,2022-06-27,,Employed,Active,Agrees with dates,,,No
2280,Production Manager,M1839,PYZ,Production,Catv,Foreman,Contract,Temporary,Zone A,MA,Female,White,35-44,2,3-5 years,3,4.589,Fully Meets,4,2018-12-04,2023-07-07,Left,Voluntarily Terminated,Agrees with dates,Retirement,Retirement,No
2281,Production Manager,M1840,PL,Production,Field Operations,Laborer,Full-Time,Full-Time,Zone C,MA,Male,Hispanic,Under 25,0,3-5 years,3,3.904,Fully Meets,4,2019-09-10,,Employed,Active,Agrees with dates,,,No
2282,Production Manager,M1841,PL,Production,Fielders,Engineer,Part-Time,Full-Time,Zone A,MA,Male,Asian,55+,4,3-5 years,3,4.282,Fully Meets,4,2019-04-25,,Employed,Active,Agrees with dates,,,No
2283,Shared Services Manager,M1842,WBL,Admin Offices,Field Operations,Technician,Part-Time,Temporary,Zone B,MA,Male,White,55+,4,Under 1 year,0,0.731,Fully Meets,4,2018-10-03,2019-06-27,Left,Voluntarily Terminated,Agrees with dates,Retirement,Retirement,Yes
2284,CIO,M1843,EW,IT/IS,Wireline Construction,Foreman,Part-Time,Part-Time,Zone C,MA,Female,Other,55+,4,1-2 years,1,1.144,Fully Meets,2,2022-06-14,,Employed,Active,Agrees with dates,,,No
2285,Production Manager,M1844,BPC,Production,Project Management - Con,Coordinator,Full-Time,Temporary,Zone C,MA,Male,Other,45-54,3,1-2 years,1,1.47,Fully Meets,5,2022-02-15,,Employed,Active,Agrees with dates,,,No
2286,Production Manager,M1845,NEL,Production,General - Eng,Specialist,Contract,Temporary,Zone B,MA,Male,Black,35-44,2,2-3 years,2,2.319,Fully Meets,2,2018-09-24,2021-01-18,Left,Active,Contradicts dates,Voluntary,Voluntary,No
2287,Production Manager,M1846,PYZ,Production,General - Con,Technician,Contract,Part-Time,Zone B,MA,Female,White,55+,4,1-2 years,1,1.081,Fully Meets,2,2022-03-09,2023-04-08,Left,Active,Contradicts dates,Involuntary,Involuntary,No
2288,Production Manager,M1847,NEL,Production,Fielders,Engineer,Full-Time,Temporary,Zone A,MA,Female,Black,35-44,2,1-2 years,1,1.547,Fully Meets,5,2018-11-07,2020-05-25,Left,Active,Contradicts dates,Involuntary,Involuntary,No
2289,Shared Services Manager,M1848,BPC,Admin Offices,Field Operations,Laborer,Full-Time,Part-Time,Zone A,MA,Male,White,55+,4,3-5 years,3,3.932,Fully Meets,4,2019-08-31,,Employed,Active,Agrees with dates,,,No
2290,Director of Sales,M1849,EW,Sales,Wireline Construction,Groundman,Full-Time,Temporary,Zone B,RI,Female,Hispanic,55+,4,2-3 years,2,2.601,Fully Meets,2,2020-11-27,2023-07-05,Left,Active,Contradicts dates,Retirement,Retirement,No
2291,Director of Operations,M1850,NEL,Production,General - Con,Technician,Contract,Part-Time,Zone B,MA,Female,Black,35-44,2,3-5 years,3,3.08,Fully Meets,4,2020-07-07,,Employed,Active,Agrees with dates,,,No
2292,Production Manager,M1851,TNS,Production,Aerial,Foreman,Contract,Temporary,Zone C,MA,Male,White,55+,4,3-5 years,3,3.567,Fully Meets,2,2020-01-11,,Employed,Active,Agrees with dates,,,No
2293,Production Manager,M1852,CCDR,Production,Field Operations,Laborer,Contract,Full-Time,Zone B,MA,Male,Other,25-34,1,1-2 years,1,1.224,Fully Meets,2,2020-06-15,2021-09-05,Left,Active,Contradicts dates,Involuntary,Involuntary,No
2294,Production Manager,M1853,PYZ,Production,Field Operations,Engineer,Contract,Part-Time,Zone A,MA,Male,Black,45-54,3,2-3 years,2,2.82,Fully Meets,4,2020-10-10,,Employed,Active,Agrees with dates,,,No
2295,Production Manager,M1854,SVG,Production,Field Operations,Driller,Full-Time,Temporary,Zone B,MA,Female,Asian,Under 25,0,Under 1 year,0,0.893,Fully Meets,5,2022-05-19,2023-04-10,Left,Active,Contradicts dates,Involuntary,Involuntary,Yes
2296,Production Manager,M1855,TNS,Production,Field Operations,Driller,Full-Time,Temporary,Zone B,MA,Female,Hispanic,45-54,3,1-2 years,1,1.947,Fully Meets,1,2021-08-25,,Employed,Active,Agrees with dates,,,No
2297,Production Manager,M1856,WBL,Production,Aerial,Laborer,Part-Time,Full-Time,Zone C,MA,Female,Black,55+,4,Under 1 year,0,0.769,Fully Meets,2,2018-12-18,2019-09-25,Left,Voluntarily Terminated,Agrees with dates,Resignation,Voluntary,Yes
2298,Production Manager,M1857,WBL,Production,Field Operations,Laborer,Full-Time,Full-Time,Zone B,MA,Female,Other,55+,4,Under 1 year,0,0.003,Fully Meets,4,2023-08-05,,Employed,Active,Agrees with dates,,,No
2299,Production Manager,M1858,TNS,Production,Field Operations,Laborer,Part-Time,Temporary,Zone A,MA,Female,Asian,55+,4,1-2 years,1,1.01,Fully Meets,2,2022-04-13,2023-04-17,Left,Active,Contradicts dates,Resignation,Voluntary,No
2300,Production Manager,M1859,SVG,Production,Underground,Laborer,Full-Time,Full-Time,Zone A,MA,Female,Black,55+,4,2-3 years,2,2.858,Fully Meets,5,2020-09-26,,Employed,Active,Agrees with dates,,,No
2301,Production Manager,M1809,PYZ,Production,Underground,Operator,Part-Time,Temporary,Zone C,MA,Female,Asian,55+,4,1-2 years,1,1.47,Fully Meets,1,2021-02-12,2022-08-03,Left,Active,Contradicts dates,Voluntary,Voluntary,No
2302,Production Manager,M1860,PL,Production,Wireline Construction,Operator,Contract,Temporary,Zone C,MA,Female,Hispanic,25-34,1,1-2 years,1,1.769,Fully Meets,4,2019-01-02,2020-10-09,Left,Terminated for Cause,Agrees with dates,Resignation,Voluntary,No
2303,Production Manager,M1861,NEL,Production,Field Operations,Driver,Contract,Temporary,Zone C,MA,Female,Black,55+,4,3-5 years,3,3.737,Fully Meets,5,2019-10-26,2023-07-22,Left,Terminated for Cause,Agrees with dates,Resignation,Voluntary,No
2304,President & CEO,M1862,MSC,Production,General - Con,Manager,Full-Time,Part-Time,Zone B,MA,Female,White,55+,4,2-3 years,2,2.319,Fully Meets,2,2021-04-11,,Employed,Active,Agrees with dates,,,No
2305,Network Engineer,M1863,EW,Production,Field Operations,Laborer,Part-Time,Full-Time,Zone A,MA,Female,White,45-54,3,1-2 years,1,1.418,Fully Meets,2,2019-12-11,2021-05-12,Left,Active,Contradicts dates,Resignation,Voluntary,No
2306,Network Engineer,M1864,CCDR,Production,Project Management - Con,Technician,Part-Time,Full-Time,Zone B,MA,Male,Hispanic,Under 25,0,2-3 years,2,2.56,Fully Meets,1,2020-10-21,2023-05-14,Left,Active,Contradicts dates,Resignation,Voluntary,No
2307,Network Engineer,M1865,BPC,Executive Office,Project Management - Con,Project Manager,Part-Time,Part-Time,Zone C,MA,Male,Asian,35-44,2,3-5 years,3,3.244,Fully Meets,2,2020-05-08,,Employed,Active,Agrees with dates,,,No
2308,Data Analyst,M1866,EW,Production,Field Operations,Coordinator,Full-Time,Full-Time,Zone A,MA,Male,Other,Under 25,0,Under 1 year,0,0.389,Fully Meets,5,2022-05-24,2022-10-13,Left,Active,Contradicts dates,Retirement,Retirement,Yes
2309,Data Analyst,M1867,CCDR,Production,General - Con,Technician,Part-Time,Part-Time,Zone A,MA,Male,Hispanic,25-34,1,3-5 years,3,4.17,Fully Meets,2,2019-06-05,,Employed,Active,Agrees with dates,,,No
2310,Data Analyst,M1868,BPC,Production,Fielders,Engineer,Part-Time,Part-Time,Zone B,MA,Male,Hispanic,35-44,2,1-2 years,1,1.292,Fully Meets,5,2022-04-21,,Employed,Active,Agrees with dates,,,No
2311,Data Analyst,M1869,PYZ,Production,Field Operations,Laborer,Part-Time,Full-Time,Zone A,MA,Female,Black,45-54,3,3-5 years,3,3.201,Fully Meets,2,2019-12-10,2023-02-21,Left,Active,Contradicts dates,Voluntary,Voluntary,No
2312,Data Analyst,M1870,WBL,IT/IS,Field Operations,Laborer,Full-Time,Part-Time,Zone C,MA,Male,Asian,55+,4,3-5 years,3,3.693,Fully Meets,4,2019-11-26,,Employed,Active,Agrees with dates,,,No
2313,Data Analyst,M1871,NEL,IT/IS,Shop (Fleet),Shop,Part-Time,Full-Time,Zone C,MA,Male,Asian,Under 25,0,1-2 years,1,1.895,Fully Meets,2,2021-09-13,,Employed,Active,Agrees with dates,,,No
2314,Data Analyst,M1872,PL,IT/IS,Field Operations,Technician,Part-Time,Part-Time,Zone C,MA,Female,Asian,55+,4,3-5 years,3,3.964,Fully Meets,1,2019-08-19,,Employed,Active,Agrees with dates,,,No
2315,Production Manager,M1873,CCDR,Production,Project Management - Con,Project Manager,Full-Time,Full-Time,Zone A,MA,Female,Other,35-44,2,1-2 years,1,1.073,Fully Meets,4,2022-06-12,2023-07-09,Left,Active,Contradicts dates,Voluntary,Voluntary,No
2316,Production Manager,M1874,SVG,Production,Field Operations,Technician,Full-Time,Full-Time,Zone B,MA,Male,Asian,45-54,3,2-3 years,2,2.042,Fully Meets,2,2021-07-21,,Employed,Active,Agrees with dates,,,No
2317,Production Manager,M1875,EW,Production,Yard (Material Handling),Manager,Full-Time,Temporary,Zone A,MA,Female,Black,55+,4,2-3 years,2,2.727,Fully Meets,1,2020-11-13,,Employed,Active,Agrees with dates,,,No
2318,Production Manager,M1876,MSC,Production,Field Operations,Laborer,Part-Time,Temporary,Zone A,MA,Female,White,55+,4,1-2 years,1,1.457,Fully Meets,2,2022-02-20,,Employed,Active,Agrees with dates,,,No
2319,Production Manager,M1877,TNS,Production,General - Sga,Administrator,Contract,Part-Time,Zone A,MA,Female,White,35-44,2,3-5 years,3,3.047,Fully Meets,5,2019-03-28,2022-04-14,Left,Voluntarily Terminated,Agrees with dates,Voluntary,Voluntary,No
2320,Production Manager,M1878,PYZ,Production,Fielders,Engineer,Part-Time,Full-Time,Zone A,MA,Female,White,55+,4,Under 1 year,0,0.641,Fully Meets,4,2022-10-26,2023-06-17,Left,Voluntarily Terminated,Agrees with dates,Voluntary,Voluntary,Yes
2321,Production Manager,M1879,WBL,Production,Field Operations,Technician,Full-Time,Full-Time,Zone C,MA,Female,Black,55+,4,Under 1 year,0,0.011,Fully Meets,2,2023-05-10,2023-05-14,Left,Active,Contradicts dates,Voluntary,Voluntary,Yes
2322,Production Manager,M1880,NEL,Production,Field Operations,Driller,Contract,Part-Time,Zone C,MA,Female,Asian,55+,4,Under 1 year,0,0.928,Fully Meets,5,2022-09-01,,Employed,Active,Agrees with dates,,,No
2323,Production Manager,M1881,PL,Production,Project Management - Con,Manager,Part-Time,Temporary,Zone C,MA,Female,Asian,55+,4,Under 1 year,0,0.323,Fully Meets,5,2021-04-21,2021-08-17,Left,Active,Contradicts dates,Retirement,Retirement,Yes
2324,Production Manager,M1882,BPC,Production,General - Con,Splicer,Part-Time,Temporary,Zone A,MA,Female,Black,25-34,1,1-2 years,1,1.566,Fully Meets,4,2021-07-23,2023-02-15,Left,Terminated for Cause,Agrees with dates,Involuntary,Involuntary,No
2325,Production Manager,M1883,CCDR,Production,Field Operations,Laborer,Part-Time,Temporary,Zone A,MA,Female,Asian,Under 25,0,2-3 years,2,2.601,Fully Meets,1,2020-12-29,,Employed,Active,Agrees with dates,,,No
2326,President & CEO,M1884,SVG,Production,Project Management - Con,Safety,Contract,Temporary,Zone A,MA,Female,Black,55+,4,Under 1 year,0,0.994,Fully Meets,2,2022-08-08,,Employed,Active,Agrees with dates,,,No
2327,Network Engineer,M1885,EW,Production,Field Operations,Laborer,Full-Time,Part-Time,Zone A,MA,Male,Black,45-54,3,3-5 years,3,3.017,Fully Meets,4,2020-07-30,,Employed,Active,Agrees with dates,,,No
2328,Network Engineer,M1886,MSC,Production,General - Con,Splicer,Full-Time,Part-Time,Zone B,MA,Male,Asian,35-44,2,3-5 years,3,4.386,Fully Meets,4,2019-03-18,,Employed,Active,Agrees with dates,,,No
2329,Network Engineer,M1887,TNS,Executive Office,Aerial,Lineman,Full-Time,Full-Time,Zone A,MA,Male,Asian,55+,4,3-5 years,3,3.11,Fully Meets,2,2019-07-25,2022-09-03,Left,Active,Contradicts dates,Retirement,Retirement,No
2330,Data Analyst,M1888,SVG,Production,Executive,Vp,Full-Time,Part-Time,Zone C,MA,Male,Other,55+,4,1-2 years,1,1.804,Fully Meets,2,2021-10-16,,Employed,Active,Agrees with dates,,,No
2331,Data Analyst,M121,TNS,Production,Wireline Construction,Supervisor,Contract,Part-Time,Zone C,MA,Male,Black,55+,4,1-2 years,1,1.897,Fully Meets,1,2019-12-06,2021-10-29,Left,Active,Contradicts dates,Retirement,Retirement,No
2332,Data Analyst,M1889,WBL,Production,Fielders,Engineer,Contract,Full-Time,Zone C,MA,Male,White,45-54,3,1-2 years,1,1.062,Fully Meets,4,2019-06-29,2020-07-21,Left,Active,Contradicts dates,Involuntary,Involuntary,No
2333,Data Analyst,M1890,BPC,IT/IS,Yard (Material Handling),Associate,Full-Time,Temporary,Zone C,MA,Female,Asian,55+,4,3-5 years,3,4.342,Fully Meets,1,2019-04-03,,Employed,Active,Agrees with dates,,,No
2334,Data Analyst,M1891,CCDR,IT/IS,Engineers,Engineer,Contract,Temporary,Zone A,MA,Male,Asian,35-44,2,1-2 years,1,1.12,Fully Meets,4,2021-07-21,2022-09-03,Left,Active,Contradicts dates,Retirement,Retirement,No
2335,Data Analyst,M1892,EW,IT/IS,General - Con,Foreman,Full-Time,Temporary,Zone C,MA,Male,White,55+,4,1-2 years,1,1.027,Fully Meets,4,2022-07-27,,Employed,Active,Agrees with dates,,,No
2336,Production Manager,M1893,CCDR,Production,General - Con,Foreman,Contract,Full-Time,Zone A,MA,Female,Other,35-44,2,3-5 years,3,3.833,Fully Meets,4,2019-10-06,,Employed,Active,Agrees with dates,,,No
2337,Production Manager,M1894,SVG,Production,Engineers,Engineer,Full-Time,Part-Time,Zone C,MA,Male,Other,25-34,1,2-3 years,2,2.305,Fully Meets,4,2021-04-16,,Employed,Active,Agrees with dates,,,No
2338,Production Manager,M671,EW,Production,Project Management - Con,Supervisor,Part-Time,Temporary,Zone C,MA,Female,Other,45-54,3,3-5 years,3,3.559,Fully Meets,4,2018-10-10,2022-05-02,Left,Active,Contradicts dates,Involuntary,Involuntary,No
2339,Production Manager,M1895,MSC,Production,General - Sga,Administrator,Full-Time,Part-Time,Zone B,MA,Female,Black,45-54,3,Under 1 year,0,0.29,Fully Meets,1,2022-07-25,2022-11-08,Left,Voluntarily Terminated,Agrees with dates,Retirement,Retirement,Yes
2340,Production Manager,M1896,TNS,Production,General - Con,Laborer,Contract,Temporary,Zone A,MA,Female,White,Under 25,0,2-3 years,2,2.155,Fully Meets,5,2021-03-17,2023-05-13,Left,Voluntarily Terminated,Agrees with dates,Resignation,Voluntary,No
2341,Production Manager,M1897,PYZ,Production,General - Sga,Mechanic,Full-Time,Full-Time,Zone A,MA,Female,Hispanic,35-44,2,3-5 years,3,4.813,Fully Meets,2,2018-10-13,,Employed,Active,Agrees with dates,,,No
2342,Production Manager,M1898,WBL,Production,Field Operations,Laborer,Part-Time,Temporary,Zone C,MA,Female,Other,55+,4,3-5 years,3,3.573,Fully Meets,5,2020-01-09,,Employed,Active,Agrees with dates,,,No
2343,Production Manager,M1899,NEL,Production,Wireless,Technician,Full-Time,Temporary,Zone B,MA,Female,Hispanic,Under 25,0,3-5 years,3,3.882,Fully Meets,4,2019-09-18,,Employed,Active,Agrees with dates,,,No
2344,Production Manager,M1900,PL,Production,Yard (Material Handling),Engineer,Contract,Temporary,Zone C,MA,Female,Other,25-34,1,Under 1 year,0,0.372,Fully Meets,1,2019-10-26,2020-03-10,Left,Active,Contradicts dates,Retirement,Retirement,Yes
2345,Production Manager,M1901,BPC,Production,Field Operations,Specialist,Full-Time,Temporary,Zone B,MA,Female,Hispanic,45-54,3,2-3 years,2,2.705,Fully Meets,2,2020-09-14,2023-05-30,Left,Terminated for Cause,Agrees with dates,Involuntary,Involuntary,No
2346,Production Manager,M1902,CCDR,Production,Field Operations,Technician,Part-Time,Full-Time,Zone A,MA,Female,Hispanic,35-44,2,Under 1 year,0,0.326,Fully Meets,4,2023-04-09,,Employed,Active,Agrees with dates,,,No
2347,President & CEO,M1903,SVG,Production,Field Operations,Laborer,Full-Time,Part-Time,Zone A,MA,Female,White,45-54,3,3-5 years,3,3.781,Fully Meets,1,2019-10-25,,Employed,Active,Agrees with dates,,,No
2348,Network Engineer,M1904,EW,Production,Field Operations,Technician,Part-Time,Full-Time,Zone C,MA,Male,Asian,45-54,3,1-2 years,1,1.114,Fully Meets,1,2022-06-25,,Employed,Active,Agrees with dates,,,No
2349,Network Engineer,M1905,MSC,Production,General - Con,Laborer,Part-Time,Full-Time,Zone C,MA,Male,Black,55+,4,Under 1 year,0,0.088,Fully Meets,4,2023-01-26,2023-02-27,Left,Active,Contradicts dates,Voluntary,Voluntary,Yes
2350,Network Engineer,M1906,TNS,Executive Office,Wireline Construction,Laborer,Part-Time,Temporary,Zone A,MA,Male,Black,45-54,3,3-5 years,3,3.461,Fully Meets,2,2020-02-19,,Employed,Active,Agrees with dates,,,No
2351,Data Analyst,M1907,EW,Production,Engineers,Technician,Contract,Temporary,Zone B,MA,Male,Hispanic,55+,4,Under 1 year,0,0.493,Fully Meets,4,2019-12-24,2020-06-21,Left,Active,Contradicts dates,Retirement,Retirement,Yes
2352,Data Analyst,M1908,MSC,Production,General - Con,Lineman,Full-Time,Temporary,Zone B,MA,Male,White,25-34,1,Under 1 year,0,0.082,Fully Meets,2,2020-10-16,2020-11-15,Left,Active,Contradicts dates,Retirement,Retirement,Yes
2353,Data Analyst,M1909,TNS,IT/IS,Field Operations,Foreman,Part-Time,Full-Time,Zone B,MA,Female,Hispanic,25-34,1,3-5 years,3,4.912,Fully Meets,2,2018-09-07,,Employed,Active,Agrees with dates,,,No
2354,Data Analyst,M1910,PYZ,IT/IS,Wireline Construction,Clerk,Part-Time,Full-Time,Zone C,MA,Female,White,45-54,3,Under 1 year,0,0.474,Fully Meets,2,2022-01-07,2022-06-29,Left,Active,Contradicts dates,Retirement,Retirement,Yes
2355,Data Analyst,M1911,WBL,IT/IS,Field Operations,Civil Hand,Contract,Temporary,Zone C,MA,Male,Asian,55+,4,Under 1 year,0,0.079,Fully Meets,1,2019-03-25,2019-04-23,Left,Active,Contradicts dates,Retirement,Retirement,Yes
2356,Data Analyst,M1912,NEL,IT/IS,Catv,Laborer,Part-Time,Temporary,Zone C,MA,Male,Black,55+,4,1-2 years,1,1.079,Fully Meets,4,2021-11-18,2022-12-17,Left,Active,Contradicts dates,Retirement,Retirement,No
2357,Production Manager,M1913,PL,Production,General - Con,Foreman,Contract,Temporary,Zone B,MA,Female,Black,55+,4,Under 1 year,0,0.553,Fully Meets,1,2022-12-31,2023-07-21,Left,Active,Contradicts dates,Involuntary,Involuntary,Yes
2358,Production Manager,M1914,PYZ,Production,Executive,Executive Assistant,Part-Time,Temporary,Zone B,MA,Male,Black,25-34,1,2-3 years,2,2.543,Fully Meets,4,2020-05-14,2022-11-29,Left,Active,Contradicts dates,Involuntary,Involuntary,No
2359,Production Manager,M1915,SVG,Production,Engineers,Project Manager,Full-Time,Part-Time,Zone B,MA,Female,Other,25-34,1,2-3 years,2,2.166,Fully Meets,2,2020-12-13,2023-02-12,Left,Active,Contradicts dates,Retirement,Retirement,No
2360,Production Manager,M1916,TNS,Production,Fielders,Engineer,Part-Time,Part-Time,Zone B,MA,Female,Asian,25-34,1,1-2 years,1,1.018,Fully Meets,1,2021-11-16,2022-11-23,Left,Voluntarily Terminated,Agrees with dates,Voluntary,Voluntary,No
2361,Production Manager,M1917,WBL,Production,Project Management - Con,Supervisor,Full-Time,Full-Time,Zone C,MA,Female,Asian,25-34,1,Under 1 year,0,0.594,Fully Meets,2,2022-12-01,2023-07-06,Left,Voluntarily Terminated,Agrees with dates,Involuntary,Involuntary,Yes
2362,Production Manager,M1918,BPC,Production,Field Operations,Construction Manager,Full-Time,Part-Time,Zone C,MA,Female,Asian,45-54,3,1-2 years,1,1.741,Fully Meets,2,2020-10-30,2022-07-28,Left,Active,Contradicts dates,Involuntary,Involuntary,No
2363,Production Manager,M1919,CCDR,Production,Wireline Construction,Foreman,Full-Time,Temporary,Zone C,MA,Female,Hispanic,35-44,2,1-2 years,1,1.626,Fully Meets,2,2021-02-08,2022-09-25,Left,Active,Contradicts dates,Retirement,Retirement,No
2364,Production Manager,M1920,EW,Production,Field Operations,Technician,Full-Time,Temporary,Zone A,MA,Male,Black,55+,4,3-5 years,3,4.003,Fully Meets,5,2019-08-05,,Employed,Active,Agrees with dates,,,No
2365,Production Manager,M1921,MSC,Production,Engineers,Technician,Contract,Temporary,Zone A,MA,Female,Black,55+,4,3-5 years,3,4.274,Fully Meets,1,2018-11-29,2023-03-09,Left,Terminated for Cause,Agrees with dates,Involuntary,Involuntary,No
2366,Production Manager,M1922,NEL,Production,Fielders,Engineer,Full-Time,Part-Time,Zone B,MA,Female,Asian,55+,4,2-3 years,2,2.522,Fully Meets,2,2018-11-16,2021-05-25,Left,Terminated for Cause,Agrees with dates,Retirement,Retirement,No
2367,Production Manager,M1923,PL,Production,Wireline Construction,Foreman,Contract,Part-Time,Zone C,MA,Female,Hispanic,55+,4,1-2 years,1,1.799,Fully Meets,5,2020-08-23,2022-06-11,Left,Active,Contradicts dates,Resignation,Voluntary,No
2368,President & CEO,M1924,PYZ,Production,Wireline Construction,Splicer,Full-Time,Temporary,Zone B,MA,Female,White,55+,4,2-3 years,2,2.543,Fully Meets,1,2020-08-22,2023-03-09,Left,Active,Contradicts dates,Resignation,Voluntary,No
2369,Network Engineer,M1925,SVG,Production,Field Operations,Engineer,Part-Time,Full-Time,Zone B,MA,Male,Other,35-44,2,Under 1 year,0,0.893,Fully Meets,5,2021-10-19,2022-09-10,Left,Active,Contradicts dates,Retirement,Retirement,Yes
2370,Network Engineer,M1926,TNS,Production,Field Operations,Locator,Contract,Full-Time,Zone B,MA,Male,Other,55+,4,1-2 years,1,1.771,Fully Meets,5,2020-02-21,2021-11-29,Left,Active,Contradicts dates,Retirement,Retirement,No
2371,Data Analyst,M1927,EW,Production,Field Operations,Supervisor,Contract,Temporary,Zone B,MA,Male,White,Under 25,0,Under 1 year,0,0.706,Fully Meets,1,2022-11-21,,Employed,Active,Agrees with dates,,,No
2372,Data Analyst,M1928,CCDR,Production,Field Operations,Driller,Full-Time,Part-Time,Zone A,MA,Female,Hispanic,25-34,1,2-3 years,2,2.338,Fully Meets,2,2019-08-05,2021-12-06,Left,Active,Contradicts dates,Involuntary,Involuntary,No
2373,Data Analyst,M1929,BPC,IT/IS,Catv,Foreman,Full-Time,Full-Time,Zone A,MA,Female,Other,35-44,2,1-2 years,1,1.577,Fully Meets,2,2020-11-05,2022-06-04,Left,Active,Contradicts dates,Resignation,Voluntary,No
2374,Data Analyst,M1930,WBL,IT/IS,Field Operations,Laborer,Part-Time,Part-Time,Zone A,MA,Female,Asian,55+,4,Under 1 year,0,0.706,Fully Meets,2,2021-06-12,2022-02-25,Left,Active,Contradicts dates,Retirement,Retirement,Yes
2375,Data Analyst,M1931,TNS,IT/IS,General - Con,Foreman,Contract,Full-Time,Zone B,MA,Male,Black,55+,4,3-5 years,3,4.895,Fully Meets,1,2018-09-13,,Employed,Active,Agrees with dates,,,No
2376,Production Manager,M1932,CCDR,Production,Field Operations,Technician,Full-Time,Temporary,Zone A,MA,Female,Asian,35-44,2,Under 1 year,0,0.151,Fully Meets,4,2023-04-09,2023-06-03,Left,Active,Contradicts dates,Involuntary,Involuntary,Yes
2377,Production Manager,M1933,SVG,Production,Executive,Vp,Contract,Part-Time,Zone B,MA,Male,White,55+,4,2-3 years,2,2.571,Fully Meets,4,2021-01-09,,Employed,Active,Agrees with dates,,,No
2378,Production Manager,M1934,EW,Production,Project Management - Eng,Administrative,Part-Time,Full-Time,Zone A,MA,Female,Other,55+,4,3-5 years,3,3.37,Fully Meets,2,2020-03-23,,Employed,Active,Agrees with dates,,,No
2379,Production Manager,M1935,MSC,Production,Fielders,Technician,Full-Time,Part-Time,Zone C,MA,Female,Asian,25-34,1,1-2 years,1,1.18,Fully Meets,2,2019-10-19,2020-12-23,Left,Voluntarily Terminated,Agrees with dates,Resignation,Voluntary,No
2380,Production Manager,M1936,TNS,Production,General - Con,Laborer,Full-Time,Temporary,Zone A,MA,Female,Other,55+,4,Under 1 year,0,0.025,Fully Meets,2,2023-07-02,2023-07-11,Left,Active,Contradicts dates,Retirement,Retirement,Yes
2381,Production Manager,M1937,PYZ,Production,Catv,Foreman,Part-Time,Part-Time,Zone B,MA,Female,Other,35-44,2,3-5 years,3,3.937,Fully Meets,2,2019-08-29,,Employed,Active,Agrees with dates,,,No
2382,Production Manager,M1938,WBL,Production,Catv,Laborer,Part-Time,Temporary,Zone C,MA,Male,Asian,55+,4,Under 1 year,0,0.03,Fully Meets,1,2023-07-17,2023-07-28,Left,Active,Contradicts dates,Involuntary,Involuntary,Yes
2383,Production Manager,M1939,NEL,Production,Field Operations,Laborer,Full-Time,Full-Time,Zone A,MA,Male,Asian,45-54,3,3-5 years,3,3.507,Fully Meets,4,2020-02-02,,Employed,Active,Agrees with dates,,,No
2384,Production Manager,M1940,PL,Production,Field Operations,Foreman,Full-Time,Temporary,Zone A,MA,Female,Hispanic,35-44,2,1-2 years,1,1.018,Fully Meets,5,2021-10-14,2022-10-21,Left,Terminated for Cause,Agrees with dates,Resignation,Voluntary,No
2385,Production Manager,M1941,BPC,Production,Yard (Material Handling),Associate,Contract,Part-Time,Zone A,MA,Female,Asian,55+,4,3-5 years,3,3.321,Fully Meets,2,2020-04-10,,Employed,Active,Agrees with dates,,,No
2386,Production Manager,M1942,CCDR,Production,Finance & Accounting,Administrative,Part-Time,Part-Time,Zone B,MA,Female,Black,45-54,3,3-5 years,3,4.643,Fully Meets,1,2018-12-14,,Employed,Active,Agrees with dates,,,No
2387,President & CEO,M1943,SVG,Production,Safety,Safety,Contract,Temporary,Zone C,MA,Male,Hispanic,25-34,1,Under 1 year,0,0.526,Fully Meets,1,2022-06-27,2023-01-05,Left,Active,Contradicts dates,Resignation,Voluntary,Yes
2388,Network Engineer,M1944,EW,Production,Fielders,Engineer,Contract,Temporary,Zone C,MA,Male,Other,55+,4,2-3 years,2,2.91,Fully Meets,2,2020-09-07,,Employed,Active,Agrees with dates,,,No
2389,Data Analyst,M1945,EW,Production,General - Eng,Administrative,Contract,Part-Time,Zone C,MA,Male,White,45-54,3,1-2 years,1,1.634,Fully Meets,2,2019-11-03,2021-06-22,Left,Active,Contradicts dates,Resignation,Voluntary,No
2390,Data Analyst,M1946,MSC,Production,Engineers,Coordinator,Part-Time,Part-Time,Zone C,MA,Female,Asian,55+,4,1-2 years,1,1.618,Fully Meets,1,2020-05-15,2021-12-27,Left,Active,Contradicts dates,Involuntary,Involuntary,No
2391,Data Analyst,M1947,TNS,IT/IS,Splicing,Splicer,Part-Time,Full-Time,Zone B,MA,Female,Asian,55+,4,Under 1 year,0,0.041,Fully Meets,1,2023-04-28,2023-05-13,Left,Active,Contradicts dates,Resignation,Voluntary,Yes
2392,Data Analyst,M1948,BPC,IT/IS,People Services,Services,Full-Time,Full-Time,Zone A,MA,Male,Black,55+,4,3-5 years,3,4.003,Fully Meets,1,2019-08-05,,Employed,Active,Agrees with dates,,,No
2393,Production Manager,M1949,NEL,Production,Engineers,Engineer,Full-Time,Part-Time,Zone C,MA,Female,Other,25-34,1,2-3 years,2,2.779,Fully Meets,5,2018-12-05,2021-09-15,Left,Active,Contradicts dates,Involuntary,Involuntary,No
2394,Production Manager,M1950,PL,Production,Field Operations,Laborer,Full-Time,Full-Time,Zone C,MA,Male,White,35-44,2,1-2 years,1,1.161,Fully Meets,2,2022-04-25,2023-06-23,Left,Active,Contradicts dates,Involuntary,Involuntary,No
2395,Production Manager,M1951,PYZ,Production,General - Eng,Engineer,Part-Time,Part-Time,Zone C,MA,Male,Black,35-44,2,3-5 years,3,3.655,Fully Meets,1,2019-12-10,,Employed,Active,Agrees with dates,,,No
2396,Production Manager,M1952,SVG,Production,General - Eng,Engineer,Contract,Part-Time,Zone C,MA,Female,Other,55+,4,Under 1 year,0,0.036,Fully Meets,1,2022-06-30,2022-07-13,Left,Voluntarily Terminated,Agrees with dates,Resignation,Voluntary,Yes
2397,Production Manager,M1953,TNS,Production,Field Operations,Laborer,Part-Time,Full-Time,Zone B,MA,Female,Other,25-34,1,Under 1 year,0,0.608,Fully Meets,2,2018-09-19,2019-04-29,Left,Active,Contradicts dates,Retirement,Retirement,Yes
2398,Production Manager,M1474,WBL,Production,General - Con,Foreman,Contract,Temporary,Zone C,MA,Female,White,55+,4,3-5 years,3,3.107,Fully Meets,5,2019-07-08,2022-08-16,Left,Active,Contradicts dates,Resignation,Voluntary,No
2399,Production Manager,M1954,PYZ,Production,Wireline Construction,Driver,Full-Time,Part-Time,Zone B,MA,Male,White,55+,4,Under 1 year,0,0.183,Fully Meets,4,2023-05-25,2023-07-31,Left,Active,Contradicts dates,Retirement,Retirement,Yes
2400,Production Manager,M1955,WBL,Production,General - Sga,Supervisor,Contract,Part-Time,Zone A,MA,Male,Black,55+,4,3-5 years,3,4.756,Fully Meets,2,2018-11-03,,Employed,Active,Agrees with dates,,,No
2401,Production Manager,M1956,NEL,Production,Field Operations,Technician,Full-Time,Part-Time,Zone C,MA,Female,Asian,55+,4,Under 1 year,0,0.17,Fully Meets,5,2022-11-09,2023-01-10,Left,Terminated for Cause,Agrees with dates,Resignation,Voluntary,Yes
2402,Production Manager,M1957,PL,Production,Shop (Fleet),Supervisor,Full-Time,Full-Time,Zone C,MA,Female,Black,35-44,2,Under 1 year,0,0.441,Fully Meets,2,2022-04-14,2022-09-22,Left,Terminated for Cause,Agrees with dates,Resignation,Voluntary,Yes
2403,Production Manager,M1958,BPC,Production,Finance & Accounting,Administrative,Full-Time,Temporary,Zone C,MA,Female,Hispanic,55+,4,1-2 years,1,1.977,Fully Meets,4,2020-08-06,2022-07-29,Left,Active,Contradicts dates,Retirement,Retirement,No
2404,Production Manager,M1959,CCDR,Production,General - Con,Manager,Contract,Temporary,Zone C,MA,Female,White,55+,4,Under 1 year,0,0.589,Fully Meets,2,2019-06-26,2020-01-27,Left,Active,Contradicts dates,Voluntary,Voluntary,Yes
2405,President & CEO,M1960,SVG,Production,Field Operations,Lineman,Full-Time,Part-Time,Zone B,MA,Male,White,55+,4,1-2 years,1,1.5,Fully Meets,4,2020-09-13,2022-03-15,Left,Voluntarily Terminated,Agrees with dates,Involuntary,Involuntary,No
2406,Network Engineer,M1961,EW,Production,Engineers,Technician,Part-Time,Part-Time,Zone B,MA,Male,Black,45-54,3,3-5 years,3,4.728,Fully Meets,1,2018-11-13,,Employed,Active,Agrees with dates,,,No
2407,Data Analyst,M1962,EW,Production,Finance & Accounting,Clerk,Full-Time,Temporary,Zone C,MA,Male,Other,55+,4,3-5 years,3,3.521,Fully Meets,4,2019-10-06,2023-04-14,Left,Active,Contradicts dates,Involuntary,Involuntary,No
2408,Data Analyst,M1963,MSC,IT/IS,Field Operations,Foreman,Full-Time,Part-Time,Zone B,MA,Female,Black,55+,4,1-2 years,1,1.889,Fully Meets,5,2021-09-15,,Employed,Active,Agrees with dates,,,No
2409,Data Analyst,M1964,TNS,IT/IS,Engineers,Program Manager,Full-Time,Full-Time,Zone B,MA,Female,White,25-34,1,3-5 years,3,3.496,Fully Meets,4,2020-02-06,,Employed,Active,Agrees with dates,,,No
2410,Data Analyst,M1965,PYZ,IT/IS,Engineers,Project Manager,Full-Time,Part-Time,Zone B,MA,Male,White,55+,4,Under 1 year,0,0.791,Fully Meets,2,2022-10-21,,Employed,Active,Agrees with dates,,,No
2411,Production Manager,M1966,NEL,Production,General - Con,Lineman,Part-Time,Temporary,Zone B,MA,Female,Black,25-34,1,Under 1 year,0,0.819,Fully Meets,2,2022-10-11,,Employed,Active,Agrees with dates,,,No
2412,Production Manager,M1967,PL,Production,Engineers,Engineer,Full-Time,Part-Time,Zone B,MA,Male,White,25-34,1,1-2 years,1,1.139,Fully Meets,2,2022-01-30,2023-03-22,Left,Active,Contradicts dates,Voluntary,Voluntary,No
2413,Production Manager,M1968,PYZ,Production,General - Con,Driver,Full-Time,Temporary,Zone B,MA,Female,White,55+,4,Under 1 year,0,0.203,Fully Meets,4,2022-07-27,2022-10-09,Left,Active,Contradicts dates,Resignation,Voluntary,Yes
2414,Production Manager,M1969,SVG,Production,General - Con,Laborer,Part-Time,Part-Time,Zone B,MA,Female,Asian,55+,4,1-2 years,1,1.196,Fully Meets,2,2022-05-26,,Employed,Active,Agrees with dates,,,No
2415,Production Manager,M1970,TNS,Production,Field Operations,Technician,Full-Time,Full-Time,Zone B,MA,Female,White,55+,4,1-2 years,1,1.536,Fully Meets,4,2021-02-08,2022-08-23,Left,Active,Contradicts dates,Involuntary,Involuntary,No
2416,Production Manager,M1971,WBL,Production,General - Con,Laborer,Contract,Full-Time,Zone C,MA,Male,Asian,25-34,1,1-2 years,1,1.166,Fully Meets,2,2022-06-06,,Employed,Active,Agrees with dates,,,No
2417,Production Manager,M1972,BPC,Production,Engineers,Program Manager,Contract,Full-Time,Zone C,MA,Male,White,35-44,2,2-3 years,2,2.418,Fully Meets,4,2021-02-27,2023-07-30,Left,Active,Contradicts dates,Retirement,Retirement,No
2418,Production Manager,M1973,CCDR,Production,Project Management - Con,Manager,Contract,Temporary,Zone B,MA,Male,Black,55+,4,1-2 years,1,1.268,Fully Meets,1,2022-01-26,2023-05-04,Left,Terminated for Cause,Agrees with dates,Involuntary,Involuntary,No
2419,Production Manager,M1974,EW,Production,Wireline Construction,Driver,Part-Time,Temporary,Zone A,MA,Female,White,Under 25,0,3-5 years,3,3.346,Fully Meets,2,2020-04-01,,Employed,Active,Agrees with dates,,,No
2420,Production Manager,M1975,MSC,Production,Project Management - Con,Coordinator,Contract,Full-Time,Zone B,MA,Female,White,55+,4,3-5 years,3,3.173,Fully Meets,5,2020-06-03,,Employed,Active,Agrees with dates,,,No
2421,Production Manager,M1976,NEL,Production,Engineers,Engineer,Full-Time,Part-Time,Zone C,MA,Female,Asian,35-44,2,1-2 years,1,1.708,Fully Meets,2,2021-11-20,,Employed,Active,Agrees with dates,,,No
2422,Production Manager,M1977,PL,Production,General - Con,Laborer,Part-Time,Temporary,Zone A,MA,Male,Hispanic,55+,4,Under 1 year,0,0.293,Fully Meets,2,2021-12-21,2022-04-07,Left,Voluntarily Terminated,Agrees with dates,Involuntary,Involuntary,Yes
2423,President & CEO,M1978,PYZ,Production,General - Con,Laborer,Contract,Full-Time,Zone A,MA,Male,Asian,45-54,3,3-5 years,3,4.821,Fully Meets,1,2018-10-10,,Employed,Active,Agrees with dates,,,No
2424,Network Engineer,M1979,SVG,Executive Office,Engineers,Technician,Full-Time,Full-Time,Zone C,MA,Male,Hispanic,45-54,3,2-3 years,2,2.073,Fully Meets,2,2019-02-26,2021-03-24,Left,Active,Contradicts dates,Resignation,Voluntary,No
2425,Director of Operations,M1980,MSC,Production,Wireline Construction,Driver,Contract,Full-Time,Zone C,MA,Male,Asian,35-44,2,Under 1 year,0,0.917,Fully Meets,2,2022-06-19,2023-05-20,Left,Active,Contradicts dates,Resignation,Voluntary,Yes
2426,Data Analyst,M1981,EW,Production,General - Con,Foreman,Full-Time,Part-Time,Zone C,MA,Female,White,55+,4,2-3 years,2,2.971,Fully Meets,2,2020-07-20,2023-07-10,Left,Active,Contradicts dates,Retirement,Retirement,No
2427,Data Analyst,M1982,CCDR,IT/IS,Field Operations,Top Hand,Part-Time,Full-Time,Zone C,MA,Female,Asian,55+,4,Under 1 year,0,0.257,Fully Meets,5,2020-01-17,2020-04-20,Left,Active,Contradicts dates,Voluntary,Voluntary,Yes
2428,Data Analyst,M1983,BPC,IT/IS,Yard (Material Handling),Shop,Part-Time,Temporary,Zone B,MA,Female,White,55+,4,Under 1 year,0,0.69,Fully Meets,4,2021-06-04,2022-02-11,Left,Active,Contradicts dates,Voluntary,Voluntary,Yes
2429,Production Manager,M1984,BPC,Production,Field Operations,Laborer,Part-Time,Temporary,Zone C,MA,Male,Black,Under 25,0,1-2 years,1,1.205,Fully Meets,4,2019-04-19,2020-07-02,Left,Active,Contradicts dates,Involuntary,Involuntary,No
2430,Production Manager,M1985,CCDR,Production,General - Con,Technician,Full-Time,Part-Time,Zone B,MA,Male,White,55+,4,2-3 years,2,2.092,Fully Meets,2,2018-11-17,2020-12-20,Left,Active,Contradicts dates,Voluntary,Voluntary,No
2431,Production Manager,M1986,SVG,Production,General - Con,Laborer,Contract,Full-Time,Zone A,MA,Female,Asian,55+,4,Under 1 year,0,0.838,Fully Meets,4,2022-08-18,2023-06-20,Left,Active,Contradicts dates,Resignation,Voluntary,Yes
2432,Production Manager,M1987,EW,Production,Yard (Material Handling),Shop,Contract,Full-Time,Zone C,MA,Female,Asian,55+,4,Under 1 year,0,0.2,Fully Meets,2,2023-02-10,2023-04-24,Left,Voluntarily Terminated,Agrees with dates,Retirement,Retirement,Yes
2433,Production Manager,M1988,MSC,Production,Engineers,Project Manager,Contract,Temporary,Zone C,MA,Male,White,45-54,3,2-3 years,2,2.281,Fully Meets,1,2020-04-22,2022-08-03,Left,Active,Contradicts dates,Retirement,Retirement,No
2434,Production Manager,M1989,TNS,Production,General - Con,Foreman,Part-Time,Full-Time,Zone A,MA,Male,Asian,25-34,1,Under 1 year,0,0.309,Fully Meets,5,2023-01-14,2023-05-07,Left,Active,Contradicts dates,Involuntary,Involuntary,Yes
2435,Production Manager,M1990,PYZ,Production,Engineers,Planner,Full-Time,Part-Time,Zone C,MA,Male,Other,35-44,2,Under 1 year,0,0.022,Fully Meets,2,2023-03-13,2023-03-21,Left,Terminated for Cause,Agrees with dates,Involuntary,Involuntary,Yes
2436,Production Manager,M1723,WBL,Production,Field Operations,Driller,Full-Time,Part-Time,Zone B,MA,Male,Asian,55+,4,Under 1 year,0,0.293,Fully Meets,4,2022-12-30,2023-04-16,Left,Terminated for Cause,Agrees with dates,Voluntary,Voluntary,Yes
2437,Production Manager,M1991,NEL,Production,Shop (Fleet),Mechanic,Full-Time,Full-Time,Zone A,MA,Female,Other,45-54,3,2-3 years,2,2.404,Fully Meets,2,2020-06-04,2022-10-30,Left,Terminated for Cause,Agrees with dates,Voluntary,Voluntary,No
2438,Production Manager,M1992,PL,Production,Wireless,Operator,Contract,Full-Time,Zone A,MA,Female,Black,55+,4,1-2 years,1,1.399,Fully Meets,5,2022-03-13,,Employed,Active,Agrees with dates,,,No
2439,Production Manager,M1993,BPC,Production,Engineers,Engineer,Contract,Part-Time,Zone B,MA,Female,White,55+,4,1-2 years,1,1.958,Fully Meets,5,2021-08-21,,Employed,Active,Agrees with dates,,,No
2440,Production Manager,M1994,CCDR,Production,General - Con,Laborer,Contract,Temporary,Zone B,MA,Male,Other,55+,4,2-3 years,2,2.226,Fully Meets,1,2021-05-15,,Employed,Active,Agrees with dates,,,No
2441,President & CEO,M1995,SVG,Production,General - Sga,Recruiter,Contract,Part-Time,Zone B,MA,Male,Hispanic,45-54,3,2-3 years,2,2.062,Fully Meets,2,2021-07-14,,Employed,Active,Agrees with dates,,,No
2442,Director of Operations,M1996,SVG,Production,Executive,Vp,Contract,Full-Time,Zone C,MA,Female,Black,45-54,3,Under 1 year,0,0.389,Fully Meets,1,2023-01-31,2023-06-22,Left,Active,Contradicts dates,Resignation,Voluntary,Yes
2443,Data Analyst,M1997,EW,Production,Wireline Construction,Foreman,Part-Time,Full-Time,Zone B,MA,Female,White,45-54,3,3-5 years,3,3.025,Fully Meets,1,2020-07-27,,Employed,Active,Agrees with dates,,,No
2444,Data Analyst,M1998,MSC,IT/IS,Wireline Construction,Traffic,Part-Time,Part-Time,Zone C,MA,Female,Black,55+,4,Under 1 year,0,0.307,Fully Meets,4,2023-04-16,,Employed,Active,Agrees with dates,,,No
2445,Production Manager,M1999,MSC,Production,General - Con,Technician,Contract,Temporary,Zone B,MA,Female,Asian,45-54,3,3-5 years,3,3.6,Fully Meets,2,2019-12-30,,Employed,Active,Agrees with dates,,,No
2446,Production Manager,M2000,NEL,Production,Executive,Manager,Contract,Full-Time,Zone C,MA,Male,Black,55+,4,1-2 years,1,1.098,Fully Meets,5,2021-12-06,2023-01-11,Left,Active,Contradicts dates,Involuntary,Involuntary,No
2447,Production Manager,M2001,PL,Production,Engineers,Administrative,Full-Time,Full-Time,Zone A,MA,Female,White,25-34,1,2-3 years,2,2.089,Fully Meets,4,2020-02-02,2022-03-06,Left,Active,Contradicts dates,Voluntary,Voluntary,No
2448,Production Manager,M2002,PYZ,Production,General - Eng,Specialist,Full-Time,Part-Time,Zone C,MA,Female,Asian,25-34,1,Under 1 year,0,0.389,Fully Meets,4,2020-10-23,2021-03-14,Left,Voluntarily Terminated,Agrees with dates,Voluntary,Voluntary,Yes
2449,Production Manager,M2003,SVG,Production,Aerial,Lineman,Part-Time,Temporary,Zone B,MA,Female,Hispanic,35-44,2,1-2 years,1,1.196,Fully Meets,4,2020-04-29,2021-07-10,Left,Voluntarily Terminated,Agrees with dates,Retirement,Retirement,No
2450,Production Manager,M2004,TNS,Production,Aerial,Lineman,Full-Time,Part-Time,Zone A,MA,Male,Asian,25-34,1,Under 1 year,0,0.101,Fully Meets,1,2022-08-18,2022-09-24,Left,Active,Contradicts dates,Resignation,Voluntary,Yes
2451,Production Manager,M2005,WBL,Production,Splicing,Supervisor,Contract,Temporary,Zone A,MA,Male,Black,55+,4,2-3 years,2,2.908,Fully Meets,5,2020-09-08,,Employed,Active,Agrees with dates,,,No
2452,Production Manager,M2006,BPC,Production,Project Management - Con,Vp,Full-Time,Part-Time,Zone C,MA,Male,Asian,45-54,3,Under 1 year,0,0.81,Fully Meets,2,2022-10-14,,Employed,Active,Agrees with dates,,,No
2453,Production Manager,M2007,CCDR,Production,Underground,Laborer,Full-Time,Full-Time,Zone C,MA,Male,Other,25-34,1,Under 1 year,0,0.233,Fully Meets,1,2023-05-13,,Employed,Active,Agrees with dates,,,No
2454,Production Manager,M2008,EW,Production,Fielders,Engineer,Full-Time,Part-Time,Zone A,MA,Female,Asian,25-34,1,2-3 years,2,2.434,Fully Meets,5,2021-02-28,,Employed,Active,Agrees with dates,,,No
2455,Production Manager,M2009,MSC,Production,General - Con,Specialist,Full-Time,Full-Time,Zone B,MA,Female,Hispanic,25-34,1,3-5 years,3,3.425,Fully Meets,2,2020-03-03,,Employed,Active,Agrees with dates,,,No
2456,Production Manager,M2010,NEL,Production,Wireline Construction,Laborer,Full-Time,Full-Time,Zone A,MA,Male,Asian,45-54,3,1-2 years,1,1.684,Fully Meets,5,2021-11-29,,Employed,Active,Agrees with dates,,,No
2457,Production Manager,M2011,PL,Production,Field Operations,Groundman,Part-Time,Part-Time,Zone A,MA,Male,Hispanic,55+,4,3-5 years,3,4.95,Fully Meets,2,2018-08-24,,Employed,Active,Agrees with dates,,,No
2458,President & CEO,M2012,PYZ,Production,Shop (Fleet),Technician,Part-Time,Temporary,Zone B,MA,Male,Other,35-44,2,1-2 years,1,1.421,Fully Meets,2,2020-10-21,2022-03-24,Left,Active,Contradicts dates,Voluntary,Voluntary,No
2459,Director of Operations,M2013,SVG,Production,Field Operations,Laborer,Full-Time,Temporary,Zone A,RI,Female,Asian,25-34,1,Under 1 year,0,0.523,Fully Meets,4,2020-12-15,2021-06-24,Left,Active,Contradicts dates,Retirement,Retirement,Yes
2460,Data Analyst,M2014,EW,IT/IS,Finance & Accounting,Controller,Contract,Full-Time,Zone C,MA,Female,White,55+,4,3-5 years,3,4.394,Fully Meets,2,2018-09-05,2023-01-27,Left,Active,Contradicts dates,Retirement,Retirement,No
2461,Shared Services Manager,M2015,EW,Admin Offices,Splicing,Splicer,Part-Time,Full-Time,Zone A,MA,Male,Black,35-44,2,1-2 years,1,1.856,Fully Meets,5,2021-09-27,,Employed,Active,Agrees with dates,,,No
2462,Production Manager,M2016,NEL,Production,General - Con,Foreman,Part-Time,Full-Time,Zone C,MA,Female,White,55+,4,1-2 years,1,1.051,Fully Meets,2,2020-01-09,2021-01-27,Left,Active,Contradicts dates,Voluntary,Voluntary,No
2463,Production Manager,M2017,PL,Production,Fielders,Engineer,Part-Time,Part-Time,Zone A,MA,Female,Hispanic,35-44,2,3-5 years,3,4.665,Fully Meets,4,2018-12-06,,Employed,Active,Agrees with dates,,,No
2464,Production Manager,M2018,BPC,Production,Field Operations,Technician,Full-Time,Temporary,Zone B,MA,Male,White,55+,4,Under 1 year,0,0.986,Fully Meets,2,2022-08-11,,Employed,Active,Agrees with dates,,,No
2465,Production Manager,M2019,CCDR,Production,Field Operations,Laborer,Contract,Full-Time,Zone A,MA,Female,White,55+,4,1-2 years,1,1.202,Fully Meets,2,2020-04-13,2021-06-26,Left,Active,Contradicts dates,Retirement,Retirement,No
2466,Production Manager,M2020,SVG,Production,Fielders,Engineer,Contract,Full-Time,Zone A,MA,Female,White,55+,4,1-2 years,1,1.188,Fully Meets,2,2021-11-14,2023-01-22,Left,Voluntarily Terminated,Agrees with dates,Voluntary,Voluntary,No
2467,Production Manager,M2021,EW,Production,Engineers,Engineer,Full-Time,Full-Time,Zone B,MA,Female,Other,35-44,2,1-2 years,1,1.268,Fully Meets,5,2022-03-17,2023-06-23,Left,Voluntarily Terminated,Agrees with dates,Involuntary,Involuntary,No
2468,Production Manager,M2022,MSC,Production,General - Con,Laborer,Part-Time,Part-Time,Zone A,MA,Male,Hispanic,55+,4,3-5 years,3,4.252,Fully Meets,5,2019-05-06,,Employed,Active,Agrees with dates,,,No
2469,Production Manager,M2023,TNS,Production,Field Operations,Supervisor,Part-Time,Part-Time,Zone C,MA,Male,Hispanic,Under 25,0,1-2 years,1,1.566,Fully Meets,4,2021-11-27,2023-06-22,Left,Active,Contradicts dates,Involuntary,Involuntary,No
2470,Production Manager,M2024,BPC,Production,General - Con,Laborer,Full-Time,Temporary,Zone C,MA,Male,Asian,25-34,1,2-3 years,2,2.486,Fully Meets,5,2021-02-09,,Employed,Active,Agrees with dates,,,No
2471,Production Manager,M2025,CCDR,Production,Fielders,Engineer,Part-Time,Part-Time,Zone C,MA,Male,Other,55+,4,1-2 years,1,1.58,Fully Meets,2,2022-01-06,,Employed,Active,Agrees with dates,,,No
2472,Production Manager,M2026,EW,Production,Aerial,Foreman,Full-Time,Temporary,Zone B,MA,Female,Asian,45-54,3,Under 1 year,0,0.025,Fully Meets,2,2023-07-28,,Employed,Active,Agrees with dates,,,No
2473,Production Manager,M2027,MSC,Production,Corp Operations,Administrative,Contract,Full-Time,Zone B,MA,Male,Hispanic,35-44,2,1-2 years,1,1.24,Fully Meets,4,2021-03-27,2022-06-23,Left,Active,Contradicts dates,Involuntary,Involuntary,No
2474,Production Manager,M2028,NEL,Production,Field Operations,Technician,Contract,Temporary,Zone A,MA,Male,Black,55+,4,Under 1 year,0,0.225,Fully Meets,4,2023-03-12,2023-06-02,Left,Active,Contradicts dates,Involuntary,Involuntary,Yes
2475,Production Manager,M2029,PL,Production,General - Con,Splicer,Part-Time,Temporary,Zone C,MA,Male,White,55+,4,Under 1 year,0,0.2,Fully Meets,4,2022-10-05,2022-12-17,Left,Voluntarily Terminated,Agrees with dates,Retirement,Retirement,Yes
2476,President & CEO,M2030,PYZ,Executive Office,Yard (Material Handling),Runner,Part-Time,Full-Time,Zone B,MA,Male,Other,55+,4,1-2 years,1,1.719,Fully Meets,2,2021-10-01,2023-06-21,Left,Active,Contradicts dates,Voluntary,Voluntary,No
2477,Director of Sales,M2031,PL,Sales,Field Operations,Laborer,Contract,Full-Time,Zone A,RI,Female,Asian,35-44,2,1-2 years,1,1.511,Fully Meets,2,2022-01-31,,Employed,Active,Agrees with dates,,,No
2478,Director of Operations,M2032,PYZ,Production,General - Con,Flagger,Full-Time,Temporary,Zone A,RI,Female,White,25-34,1,3-5 years,3,3.179,Fully Meets,5,2020-06-01,,Employed,Active,Agrees with dates,,,No
2479,Data Analyst,M2033,SVG,IT/IS,General - Con,Laborer,Contract,Part-Time,Zone C,MA,Female,Hispanic,55+,4,Under 1 year,0,0.079,Fully Meets,4,2023-04-18,2023-05-17,Left,Active,Contradicts dates,Involuntary,Involuntary,Yes
2480,IT Director,M2034,CCDR,IT/IS,Splicing,Technician,Part-Time,Part-Time,Zone C,MA,Male,White,45-54,3,3-5 years,3,3.031,Fully Meets,2,2020-07-25,,Employed,Active,Agrees with dates,,,No
2481,IT Manager - DB,M2035,PL,IT/IS,Aerial,Lineman,Full-Time,Part-Time,Zone A,MA,Male,Black,25-34,1,3-5 years,3,4.649,Fully Meets,1,2018-12-12,,Employed,Active,Agrees with dates,,,No
2482,IT Manager - Support,M2036,PYZ,IT/IS,Isp,Manager,Contract,Full-Time,Zone C,MA,Male,Black,55+,4,3-5 years,3,3.8,Fully Meets,4,2018-09-01,2022-06-20,Left,Active,Contradicts dates,Voluntary,Voluntary,No
2483,IT Manager - Infra,M2037,WBL,IT/IS,Fielders,Engineer,Part-Time,Temporary,Zone A,MA,Male,Black,55+,4,3-5 years,3,3.699,Fully Meets,2,2019-11-24,,Employed,Active,Agrees with dates,,,No
2484,BI Director,M2038,SVG,IT/IS,Field Operations,Laborer,Part-Time,Part-Time,Zone A,MA,Male,Black,55+,4,1-2 years,1,1.61,Fully Meets,4,2021-12-26,,Employed,Active,Agrees with dates,,,No
2485,Software Engineering Manager,M2039,NEL,Software Engineering,Wireless,Supervisor,Part-Time,Part-Time,Zone B,MA,Male,White,55+,4,1-2 years,1,1.514,Fully Meets,4,2020-03-04,2021-09-08,Left,Active,Contradicts dates,Retirement,Retirement,No
2486,IT Manager - DB,M2040,TNS,IT/IS,General - Con,Coordinator,Part-Time,Temporary,Zone A,MA,Male,Black,35-44,2,3-5 years,3,3.258,Fully Meets,5,2020-05-03,,Employed,Active,Agrees with dates,,,No
2487,IT Manager - DB,M2041,PYZ,IT/IS,Splicing,Laborer,Part-Time,Temporary,Zone A,MA,Male,White,35-44,2,3-5 years,3,4.047,Fully Meets,4,2019-07-20,,Employed,Active,Agrees with dates,,,No
2488,IT Director,M2042,PL,IT/IS,Field Operations,Tower Hand,Contract,Full-Time,Zone A,MA,Male,Other,25-34,1,Under 1 year,0,0.361,Fully Meets,1,2022-05-26,2022-10-05,Left,Active,Contradicts dates,Resignation,Voluntary,Yes
2489,Director of Sales,M2043,NEL,IT/IS,Field Operations,Technician,Contract,Part-Time,Zone A,MA,Male,Hispanic,55+,4,2-3 years,2,2.034,Fully Meets,5,2021-07-24,,Employed,Active,Agrees with dates,,,No
2490,Director of Operations,M2044,MSC,IT/IS,General - Con,Laborer,Contract,Part-Time,Zone A,MA,Male,Other,55+,4,1-2 years,1,1.856,Fully Meets,4,2021-09-27,,Employed,Active,Agrees with dates,,,No
2491,Software Engineer,M2045,BPC,Software Engineering,General - Con,Flagger,Contract,Full-Time,Zone A,MA,Male,Black,55+,4,3-5 years,3,4.331,Fully Meets,1,2019-04-07,,Employed,Active,Agrees with dates,,,No
2492,Software Engineer,M2046,CCDR,Software Engineering,General - Con,Laborer,Full-Time,Temporary,Zone C,MA,Male,White,55+,4,3-5 years,3,4.047,Fully Meets,2,2019-07-20,,Employed,Active,Agrees with dates,,,No
2493,Software Engineer,M1844,SVG,Software Engineering,Field Operations,Driller,Contract,Full-Time,Zone C,MA,Male,Black,35-44,2,Under 1 year,0,0.569,Fully Meets,4,2022-12-03,2023-06-29,Left,Active,Contradicts dates,Retirement,Retirement,Yes
2494,IT Manager - DB,M2047,MSC,IT/IS,Field Operations,Laborer,Contract,Temporary,Zone A,MA,Male,Asian,45-54,3,2-3 years,2,2.601,Fully Meets,4,2020-04-04,2022-11-10,Left,Active,Contradicts dates,Retirement,Retirement,No
2495,IT Director,M211,NEL,IT/IS,Fielders,Engineer,Contract,Part-Time,Zone B,MA,Male,Black,45-54,3,2-3 years,2,2.971,Fully Meets,1,2020-03-08,2023-02-26,Left,Active,Contradicts dates,Resignation,Voluntary,No
2496,Director of Sales,M2048,PL,IT/IS,Underground,Operator,Part-Time,Temporary,Zone B,MA,Male,Other,55+,4,2-3 years,2,2.491,Fully Meets,2,2020-09-28,2023-03-27,Left,Active,Contradicts dates,Retirement,Retirement,No
2497,Director of Operations,M2049,PYZ,IT/IS,Field Operations,Technician,Full-Time,Temporary,Zone C,MA,Male,White,55+,4,1-2 years,1,1.07,Fully Meets,4,2021-07-14,2022-08-09,Left,Active,Contradicts dates,Voluntary,Voluntary,No
2498,BI Developer,M2050,PYZ,IT/IS,Field Operations,Foreman,Full-Time,Temporary,Zone A,MA,Female,Asian,Under 25,0,Under 1 year,0,0.427,Fully Meets,4,2019-10-17,2020-03-21,Left,Terminated for Cause,Agrees with dates,Involuntary,Involuntary,Yes
2499,Software Engineer,M2051,PL,Software Engineering,Project Management - Con,Manager,Contract,Full-Time,Zone B,MA,Male,Asian,25-34,1,Under 1 year,0,0.17,Fully Meets,4,2023-04-08,2023-06-09,Left,Active,Contradicts dates,Resignation,Voluntary,Yes
2500,Software Engineer,M2052,BPC,Software Engineering,Field Operations,Laborer,Full-Time,Part-Time,Zone C,MA,Male,Hispanic,55+,4,3-5 years,3,4.033,Fully Meets,2,2019-07-25,,Employed,Active,Agrees with dates,,,No
2501,Software Engineer,M2053,CCDR,Software Engineering,Finance & Accounting,Manager,Full-Time,Temporary,Zone A,MA,Male,Black,55+,4,Under 1 year,0,0.613,Fully Meets,2,2022-12-25,,Employed,Active,Agrees with dates,,,No
2502,Software Engineer,M2054,SVG,Software Engineering,Wireline Construction,Supervisor,Part-Time,Temporary,Zone C,MA,Male,White,Under 25,0,3-5 years,3,4.523,Fully Meets,2,2019-01-27,,Employed,Active,Agrees with dates,,,No
2503,IT Manager - DB,M2055,PL,IT/IS,General - Con,Clerk,Contract,Temporary,Zone C,MA,Male,White,55+,4,Under 1 year,0,0.093,Fully Meets,5,2021-12-26,2022-01-29,Left,Active,Contradicts dates,Voluntary,Voluntary,Yes
2504,IT Director,M2056,BPC,IT/IS,Engineers,Engineer,Full-Time,Part-Time,Zone A,MA,Male,Black,45-54,3,Under 1 year,0,0.564,Fully Meets,4,2023-01-12,,Employed,Active,Agrees with dates,,,No
2505,Director of Sales,M2057,CCDR,IT/IS,Splicing,Tester,Contract,Temporary,Zone B,MA,Male,Asian,35-44,2,3-5 years,3,4.096,Fully Meets,1,2019-07-02,,Employed,Active,Agrees with dates,,,No
2506,Director of Operations,M2058,SVG,IT/IS,Field Operations,Groundman,Full-Time,Full-Time,Zone C,MA,Male,White,55+,4,1-2 years,1,1.101,Fully Meets,5,2022-06-30,,Employed,Active,Agrees with dates,,,No
2507,BI Developer,M1940,CCDR,IT/IS,Aerial,Foreman,Part-Time,Temporary,Zone B,MA,Female,White,35-44,2,Under 1 year,0,0.025,Fully Meets,5,2023-01-05,2023-01-14,Left,Terminated for Cause,Agrees with dates,Resignation,Voluntary,Yes
2508,BI Developer,M2059,SVG,IT/IS,Field Operations,Technician,Full-Time,Part-Time,Zone A,MA,Male,Other,45-54,3,3-5 years,3,4.715,Fully Meets,5,2018-11-18,,Employed,Active,Agrees with dates,,,No
2509,Software Engineer,M2060,EW,Software Engineering,Billable Consultants,Engineer,Part-Time,Full-Time,Zone C,MA,Female,Hispanic,25-34,1,1-2 years,1,1.068,Fully Meets,2,2020-09-21,2021-10-16,Left,Active,Contradicts dates,Involuntary,Involuntary,No
2510,Software Engineer,M2061,MSC,Software Engineering,Aerial,Lineman,Contract,Temporary,Zone C,MA,Male,Asian,35-44,2,3-5 years,3,3.25,Fully Meets,1,2019-11-25,2023-02-24,Left,Active,Contradicts dates,Retirement,Retirement,No
2511,Software Engineer,M2062,NEL,Software Engineering,Engineers,Technician,Full-Time,Part-Time,Zone C,MA,Male,Asian,55+,4,2-3 years,2,2.018,Fully Meets,4,2021-02-05,2023-02-12,Left,Active,Contradicts dates,Involuntary,Involuntary,No
2512,Software Engineer,M2063,PL,Software Engineering,Field Operations,Laborer,Part-Time,Temporary,Zone B,MA,Male,Hispanic,55+,4,Under 1 year,0,0.107,Fully Meets,4,2023-04-16,2023-05-25,Left,Active,Contradicts dates,Retirement,Retirement,Yes
2513,IT Manager - DB,M2064,PYZ,IT/IS,General - Eng,Engineer,Full-Time,Full-Time,Zone A,MA,Male,Asian,55+,4,Under 1 year,0,0.496,Fully Meets,2,2021-08-19,2022-02-16,Left,Active,Contradicts dates,Involuntary,Involuntary,Yes
2514,IT Director,M2065,PL,IT/IS,Engineers,Engineer,Part-Time,Full-Time,Zone A,MA,Male,White,55+,4,1-2 years,1,1.558,Fully Meets,1,2022-01-14,,Employed,Active,Agrees with dates,,,No
2515,Director of Sales,M2066,NEL,IT/IS,General - Sga,Administrator,Contract,Full-Time,Zone A,MA,Male,Hispanic,25-34,1,3-5 years,3,4.901,Fully Meets,4,2018-09-11,,Employed,Active,Agrees with dates,,,No
2516,Director of Operations,M2067,MSC,IT/IS,Field Operations,Laborer,Full-Time,Temporary,Zone C,MA,Male,Hispanic,25-34,1,1-2 years,1,1.462,Fully Meets,5,2022-02-18,,Employed,Active,Agrees with dates,,,No
2517,BI Developer,M2068,CCDR,IT/IS,Aerial,Laborer,Full-Time,Full-Time,Zone A,MA,Male,Asian,55+,4,3-5 years,3,3.151,Fully Meets,2,2019-12-01,2023-01-25,Left,Active,Contradicts dates,Retirement,Retirement,No
2518,BI Developer,M2069,SVG,IT/IS,Wireline Construction,Laborer,Full-Time,Full-Time,Zone A,MA,Male,White,55+,4,1-2 years,1,1.418,Fully Meets,4,2021-02-28,2022-07-31,Left,Active,Contradicts dates,Voluntary,Voluntary,No
2519,Software Engineer,M2070,NEL,Software Engineering,Splicing,Splicer,Part-Time,Part-Time,Zone A,MA,Female,White,55+,4,1-2 years,1,1.728,Fully Meets,4,2021-11-13,,Employed,Active,Agrees with dates,,,No
2520,Software Engineer,M2071,PL,Software Engineering,Project Management - Con,Coordinator,Part-Time,Part-Time,Zone C,MA,Male,Asian,55+,4,2-3 years,2,2.856,Fully Meets,1,2020-09-27,,Employed,Active,Agrees with dates,,,No
2521,Software Engineer,M2072,BPC,Software Engineering,Engineers,Engineer,Contract,Temporary,Zone C,MA,Male,White,55+,4,Under 1 year,0,0.923,Fully Meets,1,2022-09-03,,Employed,Active,Agrees with dates,,,No
2522,IT Manager - DB,M2073,PL,IT/IS,Field Operations,Driller,Full-Time,Temporary,Zone C,MA,Male,Other,55+,4,1-2 years,1,1.084,Fully Meets,4,2020-10-09,2021-11-09,Left,Active,Contradicts dates,Voluntary,Voluntary,No
2523,IT Director,M2074,BPC,IT/IS,General - Con,Lineman,Full-Time,Temporary,Zone A,MA,Male,Hispanic,45-54,3,1-2 years,1,1.747,Fully Meets,5,2021-11-06,,Employed,Active,Agrees with dates,,,No
2524,Director of Sales,M2075,CCDR,IT/IS,Finance & Accounting,Manager,Contract,Part-Time,Zone A,MA,Male,Black,45-54,3,Under 1 year,0,0.118,Fully Meets,1,2023-06-24,,Employed,Active,Agrees with dates,,,No
2525,Director of Operations,M2076,SVG,Sales,General - Con,Lineman,Full-Time,Full-Time,Zone B,MA,Male,Other,55+,4,1-2 years,1,1.793,Fully Meets,2,2021-09-15,2023-07-02,Left,Active,Contradicts dates,Retirement,Retirement,No
2526,BI Developer,M2077,NEL,IT/IS,Engineers,Engineer,Contract,Part-Time,Zone C,MA,Female,Other,55+,4,Under 1 year,0,0.81,Fully Meets,1,2022-10-14,,Employed,Active,Agrees with dates,,,No
2527,BI Developer,M2078,PL,IT/IS,Engineers,Project Manager,Full-Time,Temporary,Zone A,MA,Male,Asian,25-34,1,3-5 years,3,4.041,Fully Meets,2,2019-07-22,,Employed,Active,Agrees with dates,,,No
2528,BI Developer,M2079,PYZ,IT/IS,Project Management - Con,Coordinator,Part-Time,Part-Time,Zone C,MA,Male,White,35-44,2,Under 1 year,0,0.129,Fully Meets,1,2023-03-20,2023-05-06,Left,Active,Contradicts dates,Retirement,Retirement,Yes
2529,Software Engineer,M2080,NEL,Software Engineering,Underground,Operator,Full-Time,Part-Time,Zone B,MA,Female,Other,55+,4,1-2 years,1,1.262,Fully Meets,2,2022-05-02,,Employed,Active,Agrees with dates,,,No
2530,Software Engineer,M2081,PL,Software Engineering,Yard (Material Handling),Attendant,Part-Time,Temporary,Zone C,MA,Male,White,35-44,2,Under 1 year,0,0.712,Fully Meets,2,2022-10-20,2023-07-07,Left,Active,Contradicts dates,Retirement,Retirement,Yes
2531,Software Engineer,M2082,BPC,Software Engineering,Executive,Manager,Part-Time,Full-Time,Zone B,MA,Male,Black,55+,4,Under 1 year,0,0.014,Fully Meets,2,2023-07-24,2023-07-29,Left,Active,Contradicts dates,Voluntary,Voluntary,Yes
2532,IT Manager - DB,M2083,NEL,IT/IS,General - Con,Technician,Contract,Part-Time,Zone A,MA,Male,Other,45-54,3,3-5 years,3,3.05,Fully Meets,4,2020-07-18,,Employed,Active,Agrees with dates,,,No
2533,IT Manager - DB,M2084,PL,IT/IS,Field Operations,Technician,Full-Time,Temporary,Zone A,MA,Male,White,55+,4,2-3 years,2,2.253,Fully Meets,1,2021-05-05,,Employed,Active,Agrees with dates,,,No
2534,IT Director,M2085,BPC,IT/IS,Project Management - Con,Coordinator,Part-Time,Temporary,Zone B,MA,Male,Other,55+,4,2-3 years,2,2.105,Fully Meets,1,2019-04-15,2021-05-23,Left,Active,Contradicts dates,Retirement,Retirement,No
2535,Director of Sales,M2086,CCDR,Sales,Field Operations,Engineer,Contract,Part-Time,Zone B,MA,Male,Other,35-44,2,2-3 years,2,2.686,Fully Meets,2,2020-08-24,2023-05-02,Left,Active,Contradicts dates,Resignation,Voluntary,No
2536,Director of Operations,M2087,SVG,Sales,Field Operations,Driller,Contract,Temporary,Zone C,MA,Male,Hispanic,55+,4,Under 1 year,0,0.597,Fully Meets,2,2022-12-31,,Employed,Active,Agrees with dates,,,No
2537,BI Developer,M2088,PL,IT/IS,Field Operations,Tower Hand,Full-Time,Full-Time,Zone A,MA,Female,White,55+,4,Under 1 year,0,0.717,Fully Meets,2,2022-09-18,2023-06-07,Left,Active,Contradicts dates,Involuntary,Involuntary,Yes
2538,BI Developer,M2089,BPC,IT/IS,Wireline Construction,Groundman,Full-Time,Part-Time,Zone C,MA,Female,Hispanic,35-44,2,3-5 years,3,3.893,Fully Meets,5,2019-09-14,,Employed,Active,Agrees with dates,,,No
2539,BI Developer,M2043,CCDR,IT/IS,Wireline Construction,Foreman,Part-Time,Temporary,Zone B,MA,Male,Black,55+,4,3-5 years,3,4.383,Fully Meets,2,2019-03-19,,Employed,Active,Agrees with dates,,,No
2540,Software Engineering Manager,M2090,CCDR,Software Engineering,Finance & Accounting,Svp,Contract,Part-Time,Zone B,MA,Female,Black,25-34,1,Under 1 year,0,0.23,Fully Meets,4,2022-10-18,2023-01-10,Left,Active,Contradicts dates,Resignation,Voluntary,Yes
2541,Software Engineer,M2091,EW,Software Engineering,Engineers,Engineer,Full-Time,Temporary,Zone B,MA,Female,Other,45-54,3,1-2 years,1,1.016,Fully Meets,1,2022-07-31,,Employed,Active,Agrees with dates,,,No
2542,Software Engineer,M2092,MSC,Software Engineering,Engineers,Engineer,Part-Time,Part-Time,Zone A,MA,Male,Black,55+,4,Under 1 year,0,0.419,Fully Meets,4,2023-03-06,,Employed,Active,Agrees with dates,,,No
2543,Software Engineer,M2093,NEL,Software Engineering,General - Con,Operator,Full-Time,Full-Time,Zone A,MA,Male,White,25-34,1,2-3 years,2,2.141,Fully Meets,2,2019-01-30,2021-03-22,Left,Voluntarily Terminated,Agrees with dates,Resignation,Voluntary,No
2544,IT Manager - DB,M2094,SVG,IT/IS,Splicing,Laborer,Full-Time,Temporary,Zone C,MA,Male,White,55+,4,Under 1 year,0,0.14,Fully Meets,1,2023-05-22,2023-07-12,Left,Active,Contradicts dates,Voluntary,Voluntary,Yes
2545,IT Manager - DB,M2095,PYZ,IT/IS,Project Management - Con,Coordinator,Contract,Full-Time,Zone B,MA,Male,Hispanic,55+,4,3-5 years,3,4.621,Fully Meets,4,2018-12-22,,Employed,Active,Agrees with dates,,,No
2546,IT Director,M2096,PL,IT/IS,Finance & Accounting,Clerk,Part-Time,Part-Time,Zone A,MA,Male,Other,25-34,1,Under 1 year,0,0.742,Fully Meets,4,2022-11-08,,Employed,Active,Agrees with dates,,,No
2547,Director of Sales,M2097,NEL,Sales,General - Con,Laborer,Full-Time,Temporary,Zone A,MA,Male,Hispanic,45-54,3,2-3 years,2,2.092,Fully Meets,4,2021-07-03,,Employed,Active,Agrees with dates,,,No
2548,BI Developer,M2098,PYZ,IT/IS,General - Sga,Manager,Contract,Temporary,Zone A,MA,Female,Other,55+,4,2-3 years,2,2.648,Fully Meets,1,2018-11-14,2021-07-08,Left,Active,Contradicts dates,Resignation,Voluntary,No
2549,BI Developer,M2099,PL,IT/IS,Field Operations,Project Manager,Contract,Part-Time,Zone A,MA,Female,White,55+,4,1-2 years,1,1.881,Fully Meets,5,2021-09-18,,Employed,Active,Agrees with dates,,,No
2550,Software Engineering Manager,M2100,WBL,Software Engineering,General - Con,Flagger,Contract,Part-Time,Zone A,MA,Female,White,55+,4,Under 1 year,0,0.956,Fully Meets,5,2020-11-19,2021-11-03,Left,Active,Contradicts dates,Involuntary,Involuntary,Yes
2551,Software Engineer,M2101,NEL,Software Engineering,General - Con,Manager,Full-Time,Temporary,Zone B,MA,Female,Other,35-44,2,Under 1 year,0,0.162,Fully Meets,1,2023-05-04,2023-07-02,Left,Active,Contradicts dates,Voluntary,Voluntary,Yes
2552,Software Engineer,M2102,PL,Software Engineering,Project Management - Con,Foreman,Full-Time,Temporary,Zone B,MA,Male,White,55+,4,Under 1 year,0,0.539,Fully Meets,5,2023-01-21,,Employed,Active,Agrees with dates,,,No
2553,IT Manager - DB,M2103,NEL,IT/IS,Aerial,Laborer,Contract,Part-Time,Zone B,MA,Male,Other,45-54,3,Under 1 year,0,0.416,Fully Meets,2,2022-08-19,2023-01-18,Left,Active,Contradicts dates,Resignation,Voluntary,Yes
2554,IT Manager - DB,M2104,PL,IT/IS,General - Eng,Engineer,Part-Time,Full-Time,Zone A,MA,Male,Hispanic,25-34,1,Under 1 year,0,0.808,Fully Meets,1,2022-07-18,2023-05-09,Left,Active,Contradicts dates,Voluntary,Voluntary,Yes
2555,IT Director,M2105,BPC,IT/IS,Wireless,Foreman,Full-Time,Temporary,Zone A,MA,Male,Other,55+,4,1-2 years,1,1.747,Fully Meets,2,2019-08-14,2021-05-13,Left,Active,Contradicts dates,Resignation,Voluntary,No
2556,Director of Sales,M686,CCDR,Sales,Project Management - Eng,Manager,Part-Time,Full-Time,Zone A,MA,Male,White,25-34,1,1-2 years,1,1.467,Fully Meets,2,2020-12-10,2022-05-30,Left,Active,Contradicts dates,Voluntary,Voluntary,No
2557,BI Developer,M2106,MSC,IT/IS,Engineers,Engineer,Full-Time,Temporary,Zone B,MA,Female,Black,55+,4,3-5 years,3,3.877,Fully Meets,2,2019-09-20,,Employed,Active,Agrees with dates,,,No
2558,Software Engineering Manager,M2107,WBL,Software Engineering,Field Operations,Operator,Full-Time,Full-Time,Zone B,MA,Female,Asian,55+,4,Under 1 year,0,0.104,Fully Meets,4,2021-11-19,2021-12-27,Left,Active,Contradicts dates,Involuntary,Involuntary,Yes
2559,Software Engineer,M2108,NEL,Software Engineering,Field Operations,Technician,Part-Time,Full-Time,Zone B,MA,Male,White,55+,4,1-2 years,1,1.27,Fully Meets,1,2022-04-29,,Employed,Active,Agrees with dates,,,No
2560,IT Manager - Infra,M2109,WBL,IT/IS,Field Operations,Vp,Part-Time,Part-Time,Zone A,MA,Male,Black,45-54,3,Under 1 year,0,0.077,Fully Meets,4,2021-06-30,2021-07-28,Left,Active,Contradicts dates,Voluntary,Voluntary,Yes
2561,IT Manager - DB,M2110,NEL,IT/IS,General - Con,Laborer,Contract,Temporary,Zone B,MA,Male,Hispanic,55+,4,2-3 years,2,2.059,Fully Meets,2,2021-07-15,,Employed,Active,Agrees with dates,,,No
2562,IT Manager - DB,M2111,PL,IT/IS,Field Operations,Technician,Contract,Full-Time,Zone B,MA,Male,Other,55+,4,1-2 years,1,1.897,Fully Meets,4,2021-04-12,2023-03-06,Left,Active,Contradicts dates,Retirement,Retirement,No
2563,IT Director,M2112,BPC,IT/IS,Fielders,Engineer,Contract,Temporary,Zone B,MA,Male,Other,55+,4,2-3 years,2,2.658,Fully Meets,2,2020-12-08,,Employed,Active,Agrees with dates,,,No
2564,Director of Sales,M2113,CCDR,Sales,General - Con,Flagger,Contract,Full-Time,Zone B,MA,Male,Hispanic,25-34,1,Under 1 year,0,0.334,Fully Meets,1,2019-10-31,2020-03-01,Left,Active,Contradicts dates,Voluntary,Voluntary,Yes
2565,BI Developer,M2114,PL,IT/IS,Field Operations,Technician,Contract,Temporary,Zone C,MA,Female,White,35-44,2,3-5 years,3,3.537,Fully Meets,2,2020-01-22,,Employed,Active,Agrees with dates,,,No
2566,Software Engineering Manager,M2115,CCDR,Software Engineering,General - Con,Coordinator,Full-Time,Full-Time,Zone B,MA,Male,Other,55+,4,Under 1 year,0,0.876,Fully Meets,2,2022-09-20,,Employed,Active,Agrees with dates,,,No
2567,IT Manager - Infra,M2116,CCDR,IT/IS,Field Operations,Foreman,Full-Time,Part-Time,Zone B,MA,Male,Black,55+,4,Under 1 year,0,0.591,Fully Meets,5,2022-12-22,2023-07-26,Left,Active,Contradicts dates,Voluntary,Voluntary,Yes
2568,IT Manager - DB,M2117,EW,IT/IS,Aerial,Lineman,Full-Time,Full-Time,Zone C,MA,Male,Asian,25-34,1,3-5 years,3,4.402,Fully Meets,4,2019-03-12,,Employed,Active,Agrees with dates,,,No
2569,IT Manager - DB,M2118,MSC,IT/IS,General - Con,Laborer,Full-Time,Temporary,Zone C,MA,Male,Black,25-34,1,Under 1 year,0,0.233,Fully Meets,2,2021-10-07,2021-12-31,Left,Active,Contradicts dates,Retirement,Retirement,Yes
2570,IT Director,M2119,NEL,IT/IS,Field Operations,Laborer,Contract,Full-Time,Zone A,MA,Male,Black,25-34,1,3-5 years,3,3.929,Fully Meets,4,2019-06-16,2023-05-21,Left,Active,Contradicts dates,Voluntary,Voluntary,No
2571,BI Director,M2120,SVG,IT/IS,Field Operations,Technician,Part-Time,Full-Time,Zone A,MA,Female,Asian,25-34,1,1-2 years,1,1.478,Fully Meets,2,2021-03-17,2022-09-08,Left,Active,Contradicts dates,Retirement,Retirement,No
2572,BI Developer,M2121,PYZ,IT/IS,Engineers,Technician,Contract,Temporary,Zone A,MA,Male,Asian,25-34,1,Under 1 year,0,0.717,Fully Meets,4,2022-08-07,2023-04-26,Left,Active,Contradicts dates,Resignation,Voluntary,Yes
2573,Area Sales Manager,M2122,NEL,Sales,Field Operations,Laborer,Contract,Temporary,Zone A,VA,Female,Black,35-44,2,3-5 years,3,3.116,Fully Meets,4,2020-01-17,2023-02-28,Left,Voluntarily Terminated,Agrees with dates,Voluntary,Voluntary,No
2574,Area Sales Manager,M2123,EW,Sales,Billable Consultants,Engineer,Full-Time,Full-Time,Zone C,UT,Male,Hispanic,45-54,3,Under 1 year,0,0.695,Fully Meets,2,2022-06-11,2023-02-20,Left,Active,Contradicts dates,Involuntary,Involuntary,Yes
2575,Area Sales Manager,M2124,PYZ,Sales,Splicing,Splicer,Contract,Temporary,Zone C,ID,Male,Other,55+,4,1-2 years,1,1.911,Fully Meets,4,2021-03-03,2023-01-30,Left,Active,Contradicts dates,Retirement,Retirement,No
2576,Area Sales Manager,M2125,CCDR,Sales,General - Sga,Supervisor,Contract,Part-Time,Zone B,MT,Female,Asian,45-54,3,Under 1 year,0,0.912,Fully Meets,1,2020-04-16,2021-03-15,Left,Active,Contradicts dates,Resignation,Voluntary,Yes
2577,Area Sales Manager,M2126,PYZ,Sales,Wireline Construction,Lineman,Full-Time,Temporary,Zone A,WA,Female,Other,55+,4,Under 1 year,0,0.35,Fully Meets,2,2022-09-22,2023-01-28,Left,Active,Contradicts dates,Voluntary,Voluntary,Yes
2578,Area Sales Manager,M2127,MSC,Sales,Shop (Fleet),Assistant,Part-Time,Full-Time,Zone A,VT,Female,Black,25-34,1,Under 1 year,0,0.186,Fully Meets,5,2023-05-30,,Employed,Active,Agrees with dates,,,No
2579,Area Sales Manager,M2128,MSC,Sales,General - Eng,Administrative,Full-Time,Full-Time,Zone C,AZ,Female,White,45-54,3,2-3 years,2,2.557,Fully Meets,2,2021-01-14,,Employed,Active,Agrees with dates,,,No
2580,Area Sales Manager,M2129,BPC,Sales,Finance & Accounting,Administration,Full-Time,Part-Time,Zone A,NH,Male,White,55+,4,1-2 years,1,1.476,Fully Meets,2,2020-04-29,2021-10-20,Left,Active,Contradicts dates,Resignation,Voluntary,No
2581,Area Sales Manager,M2130,MSC,Sales,Field Operations,Laborer,Full-Time,Full-Time,Zone A,AL,Male,Other,45-54,3,2-3 years,2,2.081,Fully Meets,1,2021-07-07,,Employed,Active,Agrees with dates,,,No
2582,Area Sales Manager,M2131,MSC,Sales,Wireline Construction,Laborer,Part-Time,Temporary,Zone C,OH,Female,Hispanic,25-34,1,3-5 years,3,3.023,Fully Meets,1,2020-07-28,,Employed,Active,Agrees with dates,,,No
2583,Area Sales Manager,M2132,PYZ,Sales,Engineers,Project Manager,Contract,Temporary,Zone B,NY,Male,Black,25-34,1,2-3 years,2,2.886,Fully Meets,5,2020-09-16,,Employed,Active,Agrees with dates,,,No
2584,Area Sales Manager,M2133,TNS,Sales,Engineers,Engineer,Part-Time,Part-Time,Zone C,ME,Male,White,55+,4,Under 1 year,0,0.287,Fully Meets,4,2023-04-23,,Employed,Active,Agrees with dates,,,No
2585,Area Sales Manager,M2134,PYZ,Sales,General - Con,Laborer,Contract,Temporary,Zone A,TN,Male,Asian,Under 25,0,2-3 years,2,2.171,Fully Meets,2,2021-06-04,,Employed,Active,Agrees with dates,,,No
2586,Area Sales Manager,M2135,CCDR,Sales,Field Operations,Laborer,Full-Time,Temporary,Zone B,NC,Male,Asian,35-44,2,3-5 years,3,3.307,Fully Meets,4,2020-04-15,,Employed,Active,Agrees with dates,,,No
2587,Area Sales Manager,M2136,NEL,Sales,Field Operations,Technician,Full-Time,Part-Time,Zone A,MA,Male,Other,Under 25,0,Under 1 year,0,0.608,Fully Meets,5,2019-09-04,2020-04-13,Left,Active,Contradicts dates,Involuntary,Involuntary,Yes
2588,Area Sales Manager,M2137,PL,Sales,Field Operations,Laborer,Full-Time,Full-Time,Zone C,MA,Male,Other,35-44,2,2-3 years,2,2.965,Fully Meets,5,2020-08-18,,Employed,Active,Agrees with dates,,,No
2589,Area Sales Manager,M2138,BPC,Sales,Fielders,Engineer,Contract,Temporary,Zone A,AZ,Male,Asian,55+,4,2-3 years,2,2.667,Fully Meets,5,2020-12-05,,Employed,Active,Agrees with dates,,,No
2590,Area Sales Manager,M2139,CCDR,Sales,Engineers,Engineer,Part-Time,Full-Time,Zone A,AZ,Male,Asian,25-34,1,Under 1 year,0,0.082,Fully Meets,5,2023-01-13,2023-02-12,Left,Active,Contradicts dates,Retirement,Retirement,Yes
2591,Area Sales Manager,M2140,SVG,Sales,General - Con,Laborer,Full-Time,Full-Time,Zone B,AZ,Male,Asian,25-34,1,3-5 years,3,3.885,Fully Meets,4,2019-09-17,,Employed,Active,Agrees with dates,,,No
2592,Area Sales Manager,M2141,EW,Sales,Field Operations,Splicer,Contract,Part-Time,Zone B,TN,Male,Asian,55+,4,2-3 years,2,2.806,Fully Meets,2,2020-10-15,,Employed,Active,Agrees with dates,,,No
2593,Area Sales Manager,M2142,MSC,Sales,General - Con,Laborer,Contract,Temporary,Zone A,TN,Male,Other,45-54,3,2-3 years,2,2.56,Fully Meets,1,2018-12-01,2021-06-23,Left,Active,Contradicts dates,Voluntary,Voluntary,No
2594,Area Sales Manager,M2143,TNS,Sales,Fielders,Engineer,Part-Time,Temporary,Zone C,TN,Male,Other,55+,4,Under 1 year,0,0.036,Fully Meets,1,2023-07-24,,Employed,Active,Agrees with dates,,,No
2595,Area Sales Manager,M2144,PYZ,Sales,Aerial,Administrator,Part-Time,Full-Time,Zone A,TN,Male,Asian,25-34,1,3-5 years,3,3.828,Fully Meets,4,2019-10-08,,Employed,Active,Agrees with dates,,,No
2596,Area Sales Manager,M2145,WBL,Sales,Corp Operations,Administrative,Contract,Full-Time,Zone A,ID,Male,Black,45-54,3,Under 1 year,0,0.548,Fully Meets,2,2021-10-16,2022-05-04,Left,Active,Contradicts dates,Voluntary,Voluntary,Yes
2597,Area Sales Manager,M2146,NEL,Sales,Field Operations,Technician,Contract,Full-Time,Zone A,ID,Male,Asian,55+,4,3-5 years,3,3.34,Fully Meets,2,2020-04-03,,Employed,Active,Agrees with dates,,,No
2598,Area Sales Manager,M2147,PL,Sales,General - Con,Splicer,Part-Time,Temporary,Zone A,ID,Male,Asian,55+,4,3-5 years,3,3.576,Fully Meets,4,2020-01-08,,Employed,Active,Agrees with dates,,,No
2599,Administrative Assistant,M2148,BPC,Sales,Yard (Material Handling),Runner,Contract,Temporary,Zone A,ID,Female,Black,55+,4,1-2 years,1,1.216,Fully Meets,2,2022-03-27,2023-06-14,Left,Active,Contradicts dates,Voluntary,Voluntary,No
2600,Administrative Assistant,M2149,CCDR,Sales,Aerial,Lineman,Full-Time,Temporary,Zone C,WA,Female,Asian,55+,4,3-5 years,3,4.882,Fully Meets,2,2018-09-18,,Employed,Active,Agrees with dates,,,No
2601,Administrative Assistant,M2150,SVG,Sales,General - Con,Laborer,Full-Time,Part-Time,Zone C,WA,Female,Hispanic,Under 25,0,Under 1 year,0,0.394,Fully Meets,1,2019-11-29,2020-04-21,Left,Active,Contradicts dates,Involuntary,Involuntary,Yes
2602,Accountant I,M2151,EW,Admin Offices,Wireline Construction,Clerk,Full-Time,Full-Time,Zone C,MA,Female,Other,35-44,2,3-5 years,3,3.305,Fully Meets,2,2019-04-16,2022-08-05,Left,Active,Contradicts dates,Involuntary,Involuntary,No
2603,Area Sales Manager,M2152,NEL,Sales,Splicing,Splicer,Part-Time,Full-Time,Zone A,MA,Male,Other,Under 25,0,Under 1 year,0,0.605,Fully Meets,2,2019-03-05,2019-10-12,Left,Active,Contradicts dates,Involuntary,Involuntary,Yes
2604,Area Sales Manager,M2153,PL,Sales,Aerial,Engineer,Contract,Full-Time,Zone C,MA,Male,Other,35-44,2,1-2 years,1,1.44,Fully Meets,5,2018-12-20,2020-05-29,Left,Active,Contradicts dates,Voluntary,Voluntary,No
2605,Area Sales Manager,M2154,BPC,Sales,Wireline Construction,Supervisor,Full-Time,Part-Time,Zone C,AZ,Male,Black,45-54,3,2-3 years,2,2.223,Fully Meets,4,2021-03-08,2023-05-29,Left,Active,Contradicts dates,Retirement,Retirement,No
2606,Area Sales Manager,M2155,CCDR,Sales,Project Management - Con,Project Manager,Full-Time,Part-Time,Zone C,AZ,Male,White,55+,4,2-3 years,2,2.784,Fully Meets,2,2020-10-23,,Employed,Active,Agrees with dates,,,No
2607,Area Sales Manager,M2156,SVG,Sales,Fielders,Engineer,Contract,Part-Time,Zone B,AL,Male,White,45-54,3,3-5 years,3,4.356,Fully Meets,2,2019-03-29,,Employed,Active,Agrees with dates,,,No
2608,Area Sales Manager,M2157,EW,Sales,Field Operations,Lineman,Contract,Full-Time,Zone A,TN,Male,Asian,45-54,3,2-3 years,2,2.779,Fully Meets,4,2020-10-25,,Employed,Active,Agrees with dates,,,No
2609,Area Sales Manager,M2158,MSC,Sales,General - Sga,Administrative,Part-Time,Temporary,Zone B,TN,Male,Asian,45-54,3,1-2 years,1,1.615,Fully Meets,2,2019-12-06,2021-07-18,Left,Active,Contradicts dates,Retirement,Retirement,No
2610,Area Sales Manager,M2159,TNS,Sales,General - Con,Foreman,Full-Time,Full-Time,Zone B,TN,Male,White,55+,4,Under 1 year,0,0.339,Fully Meets,2,2022-09-23,2023-01-25,Left,Active,Contradicts dates,Retirement,Retirement,Yes
2611,Area Sales Manager,M2160,PYZ,Sales,Wireline Construction,Manager,Part-Time,Temporary,Zone A,TN,Male,Black,55+,4,2-3 years,2,2.439,Fully Meets,2,2019-12-26,2022-06-04,Left,Active,Contradicts dates,Voluntary,Voluntary,No
2612,Area Sales Manager,M2161,WBL,Sales,Field Operations,Driller,Part-Time,Part-Time,Zone B,ID,Male,White,55+,4,1-2 years,1,1.311,Fully Meets,4,2018-08-27,2019-12-19,Left,Active,Contradicts dates,Retirement,Retirement,No
2613,Area Sales Manager,M2162,NEL,Sales,Project Management - Eng,Project Manager,Part-Time,Full-Time,Zone B,ID,Male,Black,55+,4,Under 1 year,0,0.233,Fully Meets,5,2022-12-12,2023-03-07,Left,Active,Contradicts dates,Resignation,Voluntary,Yes
2614,Area Sales Manager,M2163,PL,Sales,Field Operations,Foreman,Part-Time,Full-Time,Zone A,ID,Male,Black,35-44,2,2-3 years,2,2.231,Fully Meets,5,2021-05-13,,Employed,Active,Agrees with dates,,,No
2615,Administrative Assistant,M2164,BPC,Sales,Finance & Accounting,Controller,Contract,Part-Time,Zone B,WA,Female,Black,55+,4,2-3 years,2,2.349,Fully Meets,4,2021-03-31,,Employed,Active,Agrees with dates,,,No
2616,Administrative Assistant,M2165,CCDR,Sales,Engineers,Engineer,Full-Time,Part-Time,Zone A,WA,Female,Black,45-54,3,3-5 years,3,3.058,Fully Meets,1,2019-08-14,2022-09-04,Left,Active,Contradicts dates,Involuntary,Involuntary,No
2617,Administrative Assistant,M2166,SVG,Sales,Catv,Foreman,Full-Time,Full-Time,Zone C,WA,Female,Hispanic,25-34,1,2-3 years,2,2.409,Fully Meets,4,2020-08-02,2022-12-30,Left,Active,Contradicts dates,Retirement,Retirement,No
2618,Accountant I,M2167,EW,Admin Offices,Wireline Construction,Laborer,Part-Time,Full-Time,Zone A,MA,Female,White,25-34,1,3-5 years,3,4.172,Fully Meets,4,2019-06-04,,Employed,Active,Agrees with dates,,,No
2619,Area Sales Manager,M2168,WBL,Sales,Field Operations,Laborer,Contract,Temporary,Zone A,MA,Male,Hispanic,55+,4,1-2 years,1,1.645,Fully Meets,5,2020-06-17,2022-02-08,Left,Active,Contradicts dates,Involuntary,Involuntary,No
2620,Area Sales Manager,M2169,NEL,Sales,General - Con,Laborer,Full-Time,Full-Time,Zone B,MA,Male,Asian,45-54,3,2-3 years,2,2.423,Fully Meets,1,2021-03-04,,Employed,Active,Agrees with dates,,,No
2621,Area Sales Manager,M2170,PL,Sales,Technology / It,Manager,Part-Time,Temporary,Zone B,AZ,Male,White,55+,4,3-5 years,3,4.893,Fully Meets,2,2018-09-14,,Employed,Active,Agrees with dates,,,No
2622,Area Sales Manager,M2171,BPC,Sales,Executive,Vp,Contract,Full-Time,Zone B,AZ,Male,Asian,25-34,1,3-5 years,3,3.044,Fully Meets,4,2020-07-20,,Employed,Active,Agrees with dates,,,No
2623,Area Sales Manager,M2172,CCDR,Sales,Field Operations,Tower Hand,Contract,Full-Time,Zone C,AZ,Male,Asian,55+,4,1-2 years,1,1.062,Fully Meets,2,2020-05-21,2021-06-13,Left,Active,Contradicts dates,Involuntary,Involuntary,No
2624,Area Sales Manager,M2173,SVG,Sales,Wireline Construction,Supervisor,Part-Time,Temporary,Zone C,AL,Male,Other,35-44,2,Under 1 year,0,0.129,Fully Meets,2,2023-06-11,2023-07-28,Left,Active,Contradicts dates,Retirement,Retirement,Yes
2625,Area Sales Manager,M2174,EW,Sales,Splicing,Driller,Full-Time,Full-Time,Zone B,TN,Male,Asian,55+,4,Under 1 year,0,0.474,Fully Meets,2,2022-11-27,2023-05-19,Left,Active,Contradicts dates,Retirement,Retirement,Yes
2626,Area Sales Manager,M2175,MSC,Sales,Project Management - Con,Manager,Full-Time,Temporary,Zone C,TN,Male,Asian,45-54,3,2-3 years,2,2.234,Fully Meets,4,2020-03-02,2022-05-27,Left,Active,Contradicts dates,Resignation,Voluntary,No
2627,Area Sales Manager,M2176,TNS,Sales,Wireline Construction,Foreman,Full-Time,Part-Time,Zone C,TN,Male,Other,25-34,1,Under 1 year,0,0.315,Fully Meets,4,2023-01-29,2023-05-24,Left,Active,Contradicts dates,Retirement,Retirement,Yes
2628,Area Sales Manager,M2177,BPC,Sales,Sales & Marketing,Vp,Part-Time,Temporary,Zone A,TN,Male,Hispanic,25-34,1,1-2 years,1,1.662,Fully Meets,2,2021-12-07,,Employed,Active,Agrees with dates,,,No
2629,Area Sales Manager,M223,CCDR,Sales,Underground,Laborer,Contract,Temporary,Zone B,ID,Male,White,45-54,3,Under 1 year,0,0.312,Fully Meets,1,2023-03-19,2023-07-11,Left,Active,Contradicts dates,Retirement,Retirement,Yes
2630,Area Sales Manager,M2178,EW,Sales,Field Operations,Laborer,Part-Time,Full-Time,Zone B,ID,Male,Asian,25-34,1,Under 1 year,0,0.682,Fully Meets,5,2022-06-10,2023-02-14,Left,Active,Contradicts dates,Involuntary,Involuntary,Yes
2631,Area Sales Manager,M2179,MSC,Sales,Catv,Foreman,Full-Time,Full-Time,Zone C,ID,Female,Black,25-34,1,2-3 years,2,2.426,Fully Meets,2,2021-03-03,,Employed,Active,Agrees with dates,,,No
2632,Administrative Assistant,M2180,NEL,Sales,Field Operations,Foreman,Contract,Part-Time,Zone C,WA,Female,Hispanic,45-54,3,1-2 years,1,1.418,Fully Meets,4,2022-03-06,,Employed,Active,Agrees with dates,,,No
2633,Administrative Assistant,M2181,PL,Sales,Project Management - Con,Manager,Part-Time,Full-Time,Zone C,WA,Female,White,35-44,2,Under 1 year,0,0.994,Fully Meets,5,2022-08-08,,Employed,Active,Agrees with dates,,,No
2634,Administrative Assistant,M2182,PYZ,Sales,Field Operations,Technician,Part-Time,Temporary,Zone B,WA,Female,Asian,55+,4,Under 1 year,0,0.402,Fully Meets,4,2023-03-12,,Employed,Active,Agrees with dates,,,No
2635,Accountant I,M2183,SVG,Admin Offices,General - Con,Locator,Full-Time,Temporary,Zone B,MA,Female,Asian,55+,4,3-5 years,3,3.797,Fully Meets,1,2019-05-01,2023-02-16,Left,Active,Contradicts dates,Voluntary,Voluntary,No
2636,Area Sales Manager,M2184,PYZ,Sales,General - Eng,Technician,Full-Time,Temporary,Zone B,MA,Male,Asian,45-54,3,2-3 years,2,2.144,Fully Meets,5,2018-09-13,2020-11-04,Left,Active,Contradicts dates,Resignation,Voluntary,No
2637,Area Sales Manager,M2185,WBL,Sales,Project Management - Con,Supervisor,Contract,Temporary,Zone A,MA,Male,Asian,55+,4,Under 1 year,0,0.72,Fully Meets,5,2022-11-16,,Employed,Active,Agrees with dates,,,No
2638,Area Sales Manager,M2186,NEL,Sales,Catv,Supervisor,Contract,Full-Time,Zone B,AZ,Male,Asian,55+,4,1-2 years,1,1.32,Fully Meets,2,2021-11-20,2023-03-17,Left,Active,Contradicts dates,Voluntary,Voluntary,No
2639,Area Sales Manager,M2187,PL,Sales,Project Management - Con,Manager,Part-Time,Temporary,Zone C,AZ,Male,Asian,45-54,3,2-3 years,2,2.85,Fully Meets,2,2020-09-29,,Employed,Active,Agrees with dates,,,No
2640,Area Sales Manager,M2188,BPC,Sales,Wireline Construction,Foreman,Contract,Full-Time,Zone B,AZ,Male,Black,55+,4,1-2 years,1,1.024,Fully Meets,4,2021-08-28,2022-09-06,Left,Active,Contradicts dates,Voluntary,Voluntary,No
2641,Area Sales Manager,M2189,CCDR,Sales,Aerial,Groundman,Full-Time,Full-Time,Zone A,AZ,Male,Asian,45-54,3,Under 1 year,0,0.898,Fully Meets,2,2021-04-28,2022-03-22,Left,Active,Contradicts dates,Voluntary,Voluntary,Yes
2642,Area Sales Manager,M2190,SVG,Sales,Field Operations,Laborer,Full-Time,Full-Time,Zone C,AL,Male,Asian,55+,4,Under 1 year,0,0.887,Fully Meets,4,2022-06-15,2023-05-05,Left,Active,Contradicts dates,Voluntary,Voluntary,Yes
2643,Area Sales Manager,M2191,EW,Sales,Wireline Construction,Clerical,Full-Time,Temporary,Zone A,TN,Male,Black,55+,4,Under 1 year,0,0.487,Fully Meets,5,2022-04-15,2022-10-10,Left,Active,Contradicts dates,Voluntary,Voluntary,Yes
2644,Area Sales Manager,M2192,MSC,Sales,Aerial,Lineman,Full-Time,Part-Time,Zone C,TN,Male,Other,Under 25,0,Under 1 year,0,0.726,Fully Meets,5,2020-07-19,2021-04-10,Left,Active,Contradicts dates,Involuntary,Involuntary,Yes
2645,Area Sales Manager,M647,TNS,Sales,Wireline Construction,Manager,Contract,Temporary,Zone C,TN,Male,Asian,55+,4,3-5 years,3,3.094,Fully Meets,4,2020-07-02,,Employed,Active,Agrees with dates,,,No
2646,Area Sales Manager,M2193,PYZ,Sales,Project Management - Con,Manager,Contract,Part-Time,Zone A,ID,Male,Black,Under 25,0,3-5 years,3,4.005,Fully Meets,1,2019-08-04,,Employed,Active,Agrees with dates,,,No
2647,Area Sales Manager,M2194,WBL,Sales,Project Management - Con,Coordinator,Contract,Temporary,Zone A,ID,Male,Hispanic,55+,4,3-5 years,3,4.572,Fully Meets,5,2019-01-09,,Employed,Active,Agrees with dates,,,No
2648,Area Sales Manager,M2195,NEL,Sales,Fielders,Engineer,Part-Time,Part-Time,Zone A,ID,Male,Other,25-34,1,Under 1 year,0,0.846,Fully Meets,2,2022-10-01,,Employed,Active,Agrees with dates,,,No
2649,Area Sales Manager,M2196,PL,Sales,Project Management - Con,Coordinator,Part-Time,Full-Time,Zone A,NY,Female,White,45-54,3,2-3 years,2,2.675,Fully Meets,4,2020-09-28,2023-06-02,Left,Active,Contradicts dates,Retirement,Retirement,No
2650,Administrative Assistant,M2197,BPC,Sales,Project Management - Con,Project Manager,Part-Time,Full-Time,Zone B,WA,Female,Black,55+,4,3-5 years,3,4.723,Fully Meets,1,2018-11-15,,Employed,Active,Agrees with dates,,,No
2651,Administrative Assistant,M2198,CCDR,Sales,Project Management - Con,Coordinator,Contract,Full-Time,Zone C,WA,Female,Hispanic,25-34,1,2-3 years,2,2.697,Fully Meets,2,2020-11-24,,Employed,Active,Agrees with dates,,,No
2652,Administrative Assistant,M2199,SVG,Sales,General - Sga,Manager,Contract,Temporary,Zone C,MA,Female,Other,55+,4,Under 1 year,0,0.014,Fully Meets,4,2023-07-09,2023-07-14,Left,Active,Contradicts dates,Voluntary,Voluntary,Yes
2653,Area Sales Manager,M2200,PYZ,Sales,Wireline Construction,Operator,Full-Time,Part-Time,Zone C,MA,Male,White,55+,4,Under 1 year,0,0.049,Fully Meets,1,2023-04-20,2023-05-08,Left,Active,Contradicts dates,Retirement,Retirement,Yes
2654,Area Sales Manager,M683,WBL,Sales,General - Con,Operator,Full-Time,Temporary,Zone C,MA,Male,Black,55+,4,Under 1 year,0,0.378,Fully Meets,4,2019-08-22,2020-01-07,Left,Active,Contradicts dates,Resignation,Voluntary,Yes
2655,Area Sales Manager,M2201,NEL,Sales,General - Con,Manager,Contract,Part-Time,Zone A,AZ,Male,Black,55+,4,Under 1 year,0,0.679,Fully Meets,2,2022-08-02,2023-04-07,Left,Active,Contradicts dates,Voluntary,Voluntary,Yes
2656,Area Sales Manager,M2202,PL,Sales,Aerial,Splicer,Part-Time,Part-Time,Zone B,AZ,Male,Hispanic,55+,4,1-2 years,1,1.229,Fully Meets,4,2018-10-31,2020-01-23,Left,Active,Contradicts dates,Voluntary,Voluntary,No
2657,Area Sales Manager,M2203,BPC,Sales,Isp,Manager,Contract,Temporary,Zone B,AZ,Male,White,25-34,1,Under 1 year,0,0.654,Fully Meets,2,2021-11-23,2022-07-20,Left,Active,Contradicts dates,Voluntary,Voluntary,Yes
2658,Area Sales Manager,M2204,CCDR,Sales,Engineers,Technician,Full-Time,Temporary,Zone A,AZ,Male,Black,55+,4,Under 1 year,0,0.055,Fully Meets,2,2023-07-01,2023-07-21,Left,Active,Contradicts dates,Involuntary,Involuntary,Yes
2659,Area Sales Manager,M2205,SVG,Sales,General - Con,Administrative,Part-Time,Temporary,Zone B,AL,Male,Black,25-34,1,1-2 years,1,1.051,Fully Meets,2,2022-07-18,,Employed,Active,Agrees with dates,,,No
2660,Area Sales Manager,M2206,EW,Sales,Shop (Fleet),Mechanic,Part-Time,Part-Time,Zone C,TN,Male,Asian,55+,4,3-5 years,3,3.992,Fully Meets,4,2019-08-09,,Employed,Active,Agrees with dates,,,No
2661,Area Sales Manager,M2207,MSC,Sales,Engineers,Administrative,Part-Time,Temporary,Zone A,TN,Male,Black,45-54,3,2-3 years,2,2.084,Fully Meets,2,2021-07-06,,Employed,Active,Agrees with dates,,,No
2662,Area Sales Manager,M2208,TNS,Sales,General - Con,Foreman,Contract,Part-Time,Zone A,ID,Male,Asian,55+,4,2-3 years,2,2.505,Fully Meets,2,2021-02-02,,Employed,Active,Agrees with dates,,,No
2663,Area Sales Manager,M2209,PYZ,Sales,Splicing,Technician,Part-Time,Part-Time,Zone B,ID,Male,Hispanic,45-54,3,Under 1 year,0,0.298,Fully Meets,5,2023-01-06,2023-04-25,Left,Active,Contradicts dates,Resignation,Voluntary,Yes
2664,Area Sales Manager,M2210,WBL,Sales,Project Management - Con,Manager,Full-Time,Full-Time,Zone C,ID,Male,Hispanic,55+,4,1-2 years,1,1.728,Fully Meets,1,2021-11-13,,Employed,Active,Agrees with dates,,,No
2665,Area Sales Manager,M2211,NEL,Sales,Splicing,Splicer,Contract,Part-Time,Zone A,NY,Male,Hispanic,25-34,1,3-5 years,3,3.392,Fully Meets,4,2020-03-15,,Employed,Active,Agrees with dates,,,No
2666,Area Sales Manager,M2212,PL,Sales,Yard (Material Handling),Runner,Part-Time,Full-Time,Zone C,WA,Female,Other,55+,4,3-5 years,3,3.17,Fully Meets,4,2018-11-07,2022-01-08,Left,Active,Contradicts dates,Retirement,Retirement,No
2667,Administrative Assistant,M2213,BPC,Sales,Billable Consultants,Engineer,Full-Time,Part-Time,Zone B,WA,Female,Other,55+,4,1-2 years,1,1.895,Fully Meets,2,2019-10-03,2021-08-25,Left,Active,Contradicts dates,Retirement,Retirement,No
2668,Administrative Assistant,M2214,CCDR,Sales,General - Con,Technician,Contract,Part-Time,Zone C,MA,Female,Asian,35-44,2,Under 1 year,0,0.676,Fully Meets,2,2022-08-12,2023-04-16,Left,Active,Contradicts dates,Resignation,Voluntary,Yes
2669,Administrative Assistant,M2215,SVG,Sales,Field Operations,Foreman,Part-Time,Full-Time,Zone C,MA,Female,Black,55+,4,3-5 years,3,4.621,Fully Meets,1,2018-12-22,,Employed,Active,Agrees with dates,,,No
2670,Area Sales Manager,M2216,PYZ,Sales,Engineers,Engineer,Part-Time,Full-Time,Zone A,MA,Male,Other,25-34,1,2-3 years,2,2.36,Fully Meets,1,2021-03-27,,Employed,Active,Agrees with dates,,,No
2671,Area Sales Manager,M2217,WBL,Sales,Field Operations,Coordinator,Part-Time,Temporary,Zone C,MA,Male,Asian,55+,4,1-2 years,1,1.051,Fully Meets,5,2022-07-18,,Employed,Active,Agrees with dates,,,No
2672,Area Sales Manager,M2218,NEL,Sales,Fielders,Engineer,Contract,Full-Time,Zone A,AZ,Male,Asian,Under 25,0,3-5 years,3,3.072,Fully Meets,1,2020-04-09,2023-05-06,Left,Active,Contradicts dates,Involuntary,Involuntary,No
2673,Area Sales Manager,M2219,PL,Sales,Splicing,Splicer,Full-Time,Full-Time,Zone B,AZ,Male,Other,Under 25,0,1-2 years,1,1.577,Fully Meets,4,2022-01-07,,Employed,Active,Agrees with dates,,,No
2674,Area Sales Manager,M2220,BPC,Sales,Fielders,Engineer,Part-Time,Part-Time,Zone A,AZ,Male,White,45-54,3,1-2 years,1,1.06,Fully Meets,1,2022-07-15,,Employed,Active,Agrees with dates,,,No
2675,Area Sales Manager,M2221,CCDR,Sales,Engineers,Engineer,Part-Time,Part-Time,Zone C,AL,Male,Hispanic,55+,4,1-2 years,1,1.626,Fully Meets,5,2020-11-29,2022-07-16,Left,Active,Contradicts dates,Resignation,Voluntary,No
2676,Area Sales Manager,M2222,SVG,Sales,Engineers,Engineer,Part-Time,Part-Time,Zone C,AL,Male,Asian,45-54,3,1-2 years,1,1.514,Fully Meets,2,2019-03-20,2020-09-23,Left,Active,Contradicts dates,Resignation,Voluntary,No
2677,Area Sales Manager,M2223,EW,Sales,Splicing,Director,Contract,Full-Time,Zone B,TN,Male,Hispanic,25-34,1,2-3 years,2,2.817,Fully Meets,1,2019-03-16,2022-01-08,Left,Active,Contradicts dates,Resignation,Voluntary,No
2678,Area Sales Manager,M2224,MSC,Sales,Field Operations,Laborer,Full-Time,Part-Time,Zone C,ID,Male,White,55+,4,2-3 years,2,2.185,Fully Meets,5,2021-05-30,,Employed,Active,Agrees with dates,,,No
2679,Area Sales Manager,M2225,TNS,Sales,General - Con,Foreman,Contract,Part-Time,Zone A,ID,Male,Hispanic,55+,4,Under 1 year,0,0.717,Fully Meets,5,2022-11-17,,Employed,Active,Agrees with dates,,,No
2680,Area Sales Manager,M2226,PYZ,Sales,Billable Consultants,Engineer,Contract,Full-Time,Zone A,ID,Male,Black,55+,4,Under 1 year,0,0.775,Fully Meets,2,2020-12-25,2021-10-04,Left,Active,Contradicts dates,Involuntary,Involuntary,Yes
2681,Area Sales Manager,M2227,WBL,Sales,Field Operations,Technician,Part-Time,Full-Time,Zone C,ID,Male,Black,35-44,2,1-2 years,1,1.158,Fully Meets,1,2020-06-16,2021-08-13,Left,Active,Contradicts dates,Involuntary,Involuntary,No
2682,Area Sales Manager,M2228,NEL,Sales,Field Operations,Supervisor,Contract,Temporary,Zone A,NY,Male,Asian,45-54,3,3-5 years,3,3.023,Fully Meets,2,2020-07-28,,Employed,Active,Agrees with dates,,,No
2683,Area Sales Manager,M310,PL,Sales,General - Con,Laborer,Contract,Temporary,Zone A,WA,Female,Other,55+,4,1-2 years,1,1.596,Fully Meets,4,2021-12-31,,Employed,Active,Agrees with dates,,,No
2684,Administrative Assistant,M2229,BPC,Sales,General - Sga,Manager,Full-Time,Part-Time,Zone C,MA,Female,White,35-44,2,1-2 years,1,1.062,Fully Meets,5,2022-02-07,2023-03-02,Left,Active,Contradicts dates,Retirement,Retirement,No
2685,Administrative Assistant,M2230,CCDR,Sales,General - Sga,Supervisor,Full-Time,Temporary,Zone B,MA,Female,Black,55+,4,Under 1 year,0,0.345,Fully Meets,2,2021-11-23,2022-03-29,Left,Active,Contradicts dates,Resignation,Voluntary,Yes
2686,Area Sales Manager,M2231,PYZ,Sales,Project Management - Con,Technician,Contract,Part-Time,Zone C,MA,Male,Other,55+,4,1-2 years,1,1.974,Fully Meets,4,2021-08-15,,Employed,Active,Agrees with dates,,,No
2687,Area Sales Manager,M2232,WBL,Sales,Engineers,Engineer,Part-Time,Full-Time,Zone A,AZ,Male,White,55+,4,2-3 years,2,2.125,Fully Meets,2,2021-06-21,,Employed,Active,Agrees with dates,,,No
2688,Area Sales Manager,M2233,NEL,Sales,Engineers,Engineer,Contract,Full-Time,Zone B,AZ,Male,Black,55+,4,2-3 years,2,2.475,Fully Meets,1,2021-02-13,,Employed,Active,Agrees with dates,,,No
2689,Area Sales Manager,M2234,PL,Sales,Wireline Construction,Foreman,Part-Time,Part-Time,Zone C,AZ,Male,Other,55+,4,2-3 years,2,2.604,Fully Meets,1,2020-12-28,,Employed,Active,Agrees with dates,,,No
2690,Area Sales Manager,M2235,BPC,Sales,Project Management - Con,Field Project Manager,Part-Time,Part-Time,Zone B,AZ,Male,Black,25-34,1,Under 1 year,0,0.392,Fully Meets,4,2022-04-12,2022-09-02,Left,Active,Contradicts dates,Involuntary,Involuntary,Yes
2691,Area Sales Manager,M2236,CCDR,Sales,General - Sga,Supervisor,Part-Time,Full-Time,Zone C,AL,Male,Black,45-54,3,3-5 years,3,4.591,Fully Meets,1,2019-01-02,,Employed,Active,Agrees with dates,,,No
2692,Area Sales Manager,M2237,SVG,Sales,Underground,Foreman,Full-Time,Full-Time,Zone A,TN,Male,White,25-34,1,2-3 years,2,2.166,Fully Meets,4,2020-08-01,2022-10-01,Left,Active,Contradicts dates,Voluntary,Voluntary,No
2693,Area Sales Manager,M2238,EW,Sales,General - Sga,Assistant,Part-Time,Temporary,Zone C,TN,Male,White,35-44,2,2-3 years,2,2.809,Fully Meets,4,2020-10-14,,Employed,Active,Agrees with dates,,,No
2694,Area Sales Manager,M2239,MSC,Sales,Engineers,Director,Full-Time,Full-Time,Zone C,ID,Male,Black,35-44,2,Under 1 year,0,0.134,Fully Meets,4,2023-05-26,2023-07-14,Left,Active,Contradicts dates,Involuntary,Involuntary,Yes
2695,Area Sales Manager,M2240,TNS,Sales,Underground,Laborer,Full-Time,Temporary,Zone A,ID,Male,Other,55+,4,1-2 years,1,1.248,Fully Meets,2,2021-08-26,2022-11-25,Left,Active,Contradicts dates,Retirement,Retirement,No
2696,Area Sales Manager,M2241,PYZ,Sales,Project Management - Con,Manager,Contract,Temporary,Zone A,ID,Male,Other,55+,4,Under 1 year,0,0.219,Fully Meets,4,2022-11-20,2023-02-08,Left,Active,Contradicts dates,Retirement,Retirement,Yes
2697,Area Sales Manager,M2242,WBL,Sales,Splicing,Laborer,Full-Time,Full-Time,Zone A,NY,Male,White,55+,4,3-5 years,3,3.452,Fully Meets,1,2020-02-22,,Employed,Active,Agrees with dates,,,No
2698,Area Sales Manager,M2243,NEL,Sales,Field Operations,Operator,Contract,Full-Time,Zone B,NY,Male,Hispanic,45-54,3,2-3 years,2,2.338,Fully Meets,4,2021-04-04,,Employed,Active,Agrees with dates,,,No
2699,Area Sales Manager,M2244,PL,Sales,Engineers,Engineer,Contract,Temporary,Zone C,WA,Female,Other,35-44,2,Under 1 year,0,0.003,Fully Meets,5,2023-08-05,,Employed,Active,Agrees with dates,,,No
2700,Administrative Assistant,M2245,BPC,Sales,Project Management - Con,Manager,Full-Time,Temporary,Zone B,MA,Female,Other,25-34,1,Under 1 year,0,0.569,Fully Meets,4,2023-01-10,2023-08-06,Left,Active,Contradicts dates,Resignation,Voluntary,Yes
2701,Administrative Assistant,M2246,CCDR,Sales,Field Operations,Controller,Contract,Full-Time,Zone A,MA,Female,Black,55+,4,3-5 years,3,4.298,Fully Meets,5,2019-04-19,,Employed,Active,Agrees with dates,,,No
2702,Area Sales Manager,M2247,BPC,Sales,Aerial,Foreman,Contract,Full-Time,Zone B,MA,Male,Asian,55+,4,3-5 years,3,3.844,Fully Meets,2,2019-10-02,,Employed,Active,Agrees with dates,,,No
2703,Area Sales Manager,M2248,CCDR,Sales,General - Con,Laborer,Full-Time,Part-Time,Zone A,AZ,Male,Other,35-44,2,3-5 years,3,4.726,Fully Meets,5,2018-11-14,,Employed,Active,Agrees with dates,,,No
2704,Area Sales Manager,M2249,EW,Sales,Field Operations,Technician,Part-Time,Full-Time,Zone A,AZ,Male,Black,25-34,1,2-3 years,2,2.393,Fully Meets,4,2020-01-27,2022-06-19,Left,Active,Contradicts dates,Voluntary,Voluntary,No
2705,Area Sales Manager,M2250,MSC,Sales,General - Con,Supervisor,Full-Time,Temporary,Zone B,AZ,Female,Hispanic,Under 25,0,3-5 years,3,4.753,Fully Meets,2,2018-11-04,,Employed,Active,Agrees with dates,,,No
2706,Area Sales Manager,M2251,NEL,Sales,Field Operations,Electrician,Part-Time,Part-Time,Zone A,NC,Male,Asian,45-54,3,Under 1 year,0,0.085,Fully Meets,2,2018-12-13,2019-01-13,Left,Active,Contradicts dates,Involuntary,Involuntary,Yes
2707,Area Sales Manager,M2252,PL,Sales,General - Con,Foreman,Full-Time,Part-Time,Zone B,AL,Male,White,25-34,1,Under 1 year,0,0.687,Fully Meets,4,2022-11-28,,Employed,Active,Agrees with dates,,,No
2708,Area Sales Manager,M2253,PYZ,Sales,General - Con,Foreman,Full-Time,Part-Time,Zone C,TN,Male,Asian,55+,4,Under 1 year,0,0.164,Fully Meets,2,2022-06-08,2022-08-07,Left,Active,Contradicts dates,Involuntary,Involuntary,Yes
2709,Area Sales Manager,M2254,SVG,Sales,Field Operations,Locator,Full-Time,Full-Time,Zone A,ID,Male,Asian,35-44,2,1-2 years,1,1.342,Fully Meets,2,2022-04-03,,Employed,Active,Agrees with dates,,,No
2710,Area Sales Manager,M2255,TNS,Sales,Field Operations,Manager,Part-Time,Full-Time,Zone C,ID,Male,Black,25-34,1,1-2 years,1,1.435,Fully Meets,5,2022-02-28,,Employed,Active,Agrees with dates,,,No
2711,Area Sales Manager,M2256,WBL,Sales,Field Operations,Technician,Contract,Temporary,Zone C,ID,Male,Black,45-54,3,1-2 years,1,1.963,Fully Meets,2,2021-08-19,,Employed,Active,Agrees with dates,,,No
2712,Area Sales Manager,M2257,PYZ,Sales,General - Con,Foreman,Full-Time,Full-Time,Zone A,NY,Male,Other,25-34,1,3-5 years,3,4.964,Fully Meets,1,2018-08-19,,Employed,Active,Agrees with dates,,,No
2713,Area Sales Manager,M2258,WBL,Sales,Aerial,Foreman,Full-Time,Full-Time,Zone A,NY,Male,Black,25-34,1,3-5 years,3,3.808,Fully Meets,5,2019-10-15,,Employed,Active,Agrees with dates,,,No
2714,Area Sales Manager,M2259,NEL,Sales,Field Operations,Tower Hand,Part-Time,Temporary,Zone C,WA,Male,Asian,45-54,3,Under 1 year,0,0.153,Fully Meets,1,2023-02-23,2023-04-20,Left,Active,Contradicts dates,Resignation,Voluntary,Yes
2715,Area Sales Manager,M2260,PL,Sales,Field Operations,Manager,Full-Time,Temporary,Zone B,WA,Female,Asian,25-34,1,Under 1 year,0,0.509,Fully Meets,4,2023-02-01,,Employed,Active,Agrees with dates,,,No
2716,Administrative Assistant,M2261,BPC,Sales,Executive,Ceo,Contract,Temporary,Zone A,MA,Female,Asian,45-54,3,Under 1 year,0,0.249,Fully Meets,2,2023-05-07,,Employed,Active,Agrees with dates,,,No
2717,Area Sales Manager,M2262,PYZ,Sales,Field Operations,Supervisor,Full-Time,Temporary,Zone A,MA,Male,Black,25-34,1,3-5 years,3,3.195,Fully Meets,1,2020-05-26,,Employed,Active,Agrees with dates,,,No
2718,Area Sales Manager,M2263,WBL,Sales,Aerial,Laborer,Part-Time,Part-Time,Zone A,AZ,Male,Other,Under 25,0,1-2 years,1,1.487,Fully Meets,5,2022-02-09,,Employed,Active,Agrees with dates,,,No
2719,Area Sales Manager,M2264,NEL,Sales,Finance & Accounting,Intern,Contract,Temporary,Zone C,AZ,Male,Hispanic,25-34,1,Under 1 year,0,0.756,Fully Meets,4,2022-06-20,2023-03-23,Left,Active,Contradicts dates,Voluntary,Voluntary,Yes
2720,Area Sales Manager,M2265,PL,Sales,Field Operations,Top Hand,Contract,Temporary,Zone A,NC,Female,Asian,25-34,1,Under 1 year,0,0.652,Fully Meets,4,2022-01-08,2022-09-03,Left,Active,Contradicts dates,Retirement,Retirement,Yes
2721,Area Sales Manager,M2266,BPC,Sales,Shop (Fleet),Manager,Full-Time,Full-Time,Zone A,NC,Male,Hispanic,35-44,2,3-5 years,3,3.431,Fully Meets,4,2020-03-01,,Employed,Active,Agrees with dates,,,No
2722,Area Sales Manager,M2267,CCDR,Sales,General - Con,Technician,Contract,Temporary,Zone C,AL,Male,White,35-44,2,2-3 years,2,2.834,Fully Meets,2,2020-10-05,,Employed,Active,Agrees with dates,,,No
2723,Area Sales Manager,M2268,SVG,Sales,Field Operations,Technician,Part-Time,Temporary,Zone C,TN,Male,White,45-54,3,1-2 years,1,1.136,Fully Meets,2,2021-05-12,2022-07-01,Left,Active,Contradicts dates,Voluntary,Voluntary,No
2724,Area Sales Manager,M2269,EW,Sales,Catv,Foreman,Part-Time,Temporary,Zone B,ID,Male,Other,55+,4,Under 1 year,0,0.507,Fully Meets,1,2023-01-01,2023-07-05,Left,Active,Contradicts dates,Involuntary,Involuntary,Yes
2725,Area Sales Manager,M2270,MSC,Sales,Field Operations,Laborer,Contract,Full-Time,Zone B,ID,Male,White,45-54,3,3-5 years,3,3.715,Fully Meets,4,2019-11-18,,Employed,Active,Agrees with dates,,,No
2726,Area Sales Manager,M2271,TNS,Sales,Wireline Construction,Groundman,Contract,Full-Time,Zone B,NY,Male,Asian,45-54,3,Under 1 year,0,0.49,Fully Meets,2,2021-05-12,2021-11-07,Left,Active,Contradicts dates,Retirement,Retirement,Yes
2727,Area Sales Manager,M2272,PYZ,Sales,General - Con,Lineman,Contract,Full-Time,Zone C,NY,Male,White,35-44,2,1-2 years,1,1.851,Fully Meets,5,2020-02-14,2021-12-21,Left,Active,Contradicts dates,Resignation,Voluntary,No
2728,Area Sales Manager,M2273,WBL,Sales,Splicing,Foreman,Full-Time,Full-Time,Zone B,WA,Male,Hispanic,55+,4,2-3 years,2,2.886,Fully Meets,2,2020-05-08,2023-03-28,Left,Active,Contradicts dates,Involuntary,Involuntary,No
2729,Area Sales Manager,M2274,NEL,Sales,Engineers,Engineer,Part-Time,Full-Time,Zone B,WA,Female,Hispanic,55+,4,3-5 years,3,4.654,Fully Meets,2,2018-12-10,,Employed,Active,Agrees with dates,,,No
2730,Area Sales Manager,M2275,PL,Sales,Underground,Operator,Contract,Part-Time,Zone B,VT,Female,Hispanic,55+,4,1-2 years,1,1.659,Fully Meets,2,2021-12-08,,Employed,Active,Agrees with dates,,,No
2731,Administrative Assistant,M2276,BPC,Sales,General - Con,Technician,Part-Time,Full-Time,Zone C,MA,Female,Other,55+,4,3-5 years,3,4.512,Fully Meets,1,2019-01-31,,Employed,Active,Agrees with dates,,,No
2732,Area Sales Manager,M2277,PYZ,Sales,Shop (Fleet),Shop,Contract,Full-Time,Zone A,ME,Male,Black,25-34,1,Under 1 year,0,0.654,Fully Meets,2,2022-08-31,2023-04-27,Left,Active,Contradicts dates,Retirement,Retirement,Yes
2733,Area Sales Manager,M2278,WBL,Sales,General - Sga,Administrator,Contract,Temporary,Zone A,AZ,Male,Black,25-34,1,1-2 years,1,1.509,Fully Meets,5,2022-02-01,,Employed,Active,Agrees with dates,,,No
2734,Area Sales Manager,M2279,NEL,Sales,General - Con,Laborer,Contract,Part-Time,Zone C,AZ,Female,Black,55+,4,2-3 years,2,2.675,Fully Meets,4,2020-12-02,,Employed,Active,Agrees with dates,,,No
2735,Area Sales Manager,M2280,PL,Sales,Field Operations,Groundman,Contract,Part-Time,Zone B,NC,Female,Asian,Under 25,0,2-3 years,2,2.804,Fully Meets,2,2020-10-16,,Employed,Active,Agrees with dates,,,No
2736,Area Sales Manager,M2281,BPC,Sales,General - Con,Laborer,Contract,Full-Time,Zone A,AL,Male,Other,55+,4,3-5 years,3,3.192,Fully Meets,5,2020-05-27,,Employed,Active,Agrees with dates,,,No
2737,Area Sales Manager,M2282,CCDR,Sales,General - Con,Technician,Full-Time,Temporary,Zone C,UT,Male,Black,45-54,3,Under 1 year,0,0.137,Fully Meets,4,2021-08-20,2021-10-09,Left,Active,Contradicts dates,Retirement,Retirement,Yes
2738,Area Sales Manager,M2283,SVG,Sales,Field Operations,Laborer,Full-Time,Full-Time,Zone C,TN,Male,Hispanic,55+,4,Under 1 year,0,0.126,Fully Meets,5,2019-02-07,2019-03-25,Left,Active,Contradicts dates,Involuntary,Involuntary,Yes
2739,Area Sales Manager,M2284,EW,Sales,General - Con,Technician,Contract,Part-Time,Zone A,ID,Male,Black,55+,4,Under 1 year,0,0.769,Fully Meets,4,2021-02-18,2021-11-26,Left,Active,Contradicts dates,Resignation,Voluntary,Yes
2740,Area Sales Manager,M2285,MSC,Sales,General - Sga,Construction Manager,Full-Time,Part-Time,Zone B,ID,Male,Black,35-44,2,Under 1 year,0,0.676,Fully Meets,1,2022-12-02,,Employed,Active,Agrees with dates,,,No
2741,Area Sales Manager,M2286,TNS,Sales,Wireline Construction,Technician,Full-Time,Part-Time,Zone A,NY,Male,Asian,45-54,3,Under 1 year,0,0.767,Fully Meets,4,2021-07-29,2022-05-05,Left,Active,Contradicts dates,Resignation,Voluntary,Yes
2742,Area Sales Manager,M2287,PYZ,Sales,Field Operations,Foreman,Full-Time,Full-Time,Zone B,NH,Male,Asian,25-34,1,Under 1 year,0,0.649,Fully Meets,2,2022-04-23,2022-12-16,Left,Active,Contradicts dates,Retirement,Retirement,Yes
2743,Area Sales Manager,M2288,WBL,Sales,Field Operations,Top Hand,Full-Time,Temporary,Zone B,WA,Male,Black,35-44,2,Under 1 year,0,0.684,Fully Meets,4,2021-07-31,2022-04-07,Left,Active,Contradicts dates,Voluntary,Voluntary,Yes
2744,Area Sales Manager,M2289,NEL,Sales,Field Operations,Laborer,Contract,Full-Time,Zone C,VT,Female,Asian,55+,4,3-5 years,3,3.149,Fully Meets,4,2020-06-12,,Employed,Active,Agrees with dates,,,No
2745,Area Sales Manager,M2290,PL,Sales,Executive,Director,Contract,Part-Time,Zone B,VA,Female,Hispanic,Under 25,0,3-5 years,3,4.528,Fully Meets,5,2019-01-25,,Employed,Active,Agrees with dates,,,No
2746,Administrative Assistant,M2291,BPC,Sales,Project Management - Con,Supervisor,Full-Time,Full-Time,Zone A,MA,Female,Hispanic,45-54,3,2-3 years,2,2.453,Fully Meets,5,2020-10-24,2023-04-08,Left,Voluntarily Terminated,Agrees with dates,Involuntary,Involuntary,No
2747,Production Technician I,M2292,SVG,Production,General - Con,Lineman,Part-Time,Part-Time,Zone B,MA,Female,Hispanic,55+,4,Under 1 year,0,0.531,Fully Meets,4,2018-08-18,2019-02-28,Left,Active,Contradicts dates,Voluntary,Voluntary,Yes
2748,Production Technician I,M2293,PYZ,Production,General - Sga,Laborer,Full-Time,Full-Time,Zone C,MA,Female,Hispanic,55+,4,1-2 years,1,1.07,Fully Meets,1,2022-07-11,,Employed,Active,Agrees with dates,,,No
2749,Production Technician I,M2294,BPC,Production,Technology / It,Administrator,Full-Time,Part-Time,Zone B,MA,Female,Black,55+,4,Under 1 year,0,0.011,Fully Meets,5,2018-11-15,2018-11-19,Left,Voluntarily Terminated,Agrees with dates,Retirement,Retirement,Yes
2750,Production Technician II,M2295,TNS,Production,Field Operations,Laborer,Full-Time,Full-Time,Zone B,MA,Male,Asian,55+,4,1-2 years,1,1.172,Fully Meets,4,2022-06-04,,Employed,Active,Agrees with dates,,,No
2751,Production Technician II,M2296,NEL,Production,Field Operations,Laborer,Full-Time,Part-Time,Zone B,MA,Male,Black,55+,4,Under 1 year,0,0.701,Fully Meets,5,2018-10-27,2019-07-10,Left,Leave of Absence,Contradicts dates,Retirement,Retirement,Yes
2752,Production Technician I,M2297,TNS,Production,General - Con,Flagger,Part-Time,Temporary,Zone A,MA,Male,Hispanic,45-54,3,Under 1 year,0,0.548,Fully Meets,4,2022-10-21,2023-05-09,Left,Active,Contradicts dates,Involuntary,Involuntary,Yes
2753,Production Technician I,M2298,CCDR,Production,Field Operations,Driver,Contract,Part-Time,Zone B,MA,Female,Black,35-44,2,Under 1 year,0,0.359,Fully Meets,4,2023-01-13,2023-05-24,Left,Active,Contradicts dates,Voluntary,Voluntary,Yes
2754,Production Technician I,M2299,SVG,Production,Engineers,Engineer,Full-Time,Full-Time,Zone C,MA,Male,Other,45-54,3,3-5 years,3,3.335,Fully Meets,2,2020-04-05,,Employed,Active,Agrees with dates,,,No
2755,Production Technician I,M2300,EW,Production,General - Con,Technician,Contract,Temporary,Zone B,MA,Male,Other,55+,4,1-2 years,1,1.196,Fully Meets,2,2022-05-26,,Employed,Active,Agrees with dates,,,No
2756,Production Technician II,M2301,TNS,Production,Field Operations,Driller,Part-Time,Part-Time,Zone A,MA,Male,White,35-44,2,2-3 years,2,2.253,Fully Meets,2,2021-05-05,,Employed,Active,Agrees with dates,,,No
2757,Production Technician II,M2302,BPC,Production,Project Management - Con,Coordinator,Part-Time,Part-Time,Zone C,MA,Female,Hispanic,55+,4,Under 1 year,0,0.093,Fully Meets,2,2023-07-01,2023-08-04,Left,Future Start,Contradicts dates,Retirement,Retirement,Yes
2758,Production Technician I,M2303,TNS,Production,Wireline Construction,Lineman,Part-Time,Full-Time,Zone A,MA,Male,Other,55+,4,3-5 years,3,4.479,Fully Meets,2,2018-12-20,2023-06-13,Left,Terminated for Cause,Agrees with dates,Involuntary,Involuntary,No
2759,Production Technician I,M2304,PYZ,Production,Aerial,Lineman,Full-Time,Full-Time,Zone B,MA,Male,White,25-34,1,3-5 years,3,4.945,Fully Meets,2,2018-08-26,,Employed,Active,Agrees with dates,,,No
2760,Production Technician II,M2305,BPC,Production,Fielders,Engineer,Part-Time,Temporary,Zone B,MA,Male,Other,45-54,3,1-2 years,1,1.719,Fully Meets,2,2020-12-06,2022-08-26,Left,Active,Contradicts dates,Voluntary,Voluntary,No
2761,Production Technician I,M2306,EW,Production,Wireline Construction,Laborer,Contract,Temporary,Zone C,MA,Female,Asian,25-34,1,Under 1 year,0,0.493,Fully Meets,4,2021-12-13,2022-06-11,Left,Active,Contradicts dates,Resignation,Voluntary,Yes
2762,Production Technician II,M2307,CCDR,Production,Field Operations,Laborer,Part-Time,Temporary,Zone A,MA,Female,Asian,55+,4,Under 1 year,0,0.517,Fully Meets,4,2021-06-27,2022-01-02,Left,Voluntarily Terminated,Agrees with dates,Resignation,Voluntary,Yes
2763,Production Technician I,M2308,NEL,Production,Field Operations,Construction Manager,Part-Time,Full-Time,Zone C,MA,Female,Hispanic,25-34,1,3-5 years,3,3.797,Fully Meets,2,2019-10-19,,Employed,Active,Agrees with dates,,,No
2764,Production Technician I,M2309,WBL,Production,Engineers,Engineer,Part-Time,Full-Time,Zone C,MA,Male,Black,25-34,1,Under 1 year,0,0.131,Fully Meets,2,2022-11-26,2023-01-13,Left,Active,Contradicts dates,Involuntary,Involuntary,Yes
2765,Production Technician I,M2310,PL,Production,Wireline Construction,Administrative,Full-Time,Full-Time,Zone C,MA,Male,Black,55+,4,3-5 years,3,3.964,Fully Meets,4,2019-08-19,,Employed,Active,Agrees with dates,,,No
2766,Production Technician II,M2311,EW,Production,Engineers,Engineer,Part-Time,Full-Time,Zone A,MA,Female,Hispanic,55+,4,3-5 years,3,3.644,Fully Meets,2,2018-08-22,2022-04-14,Left,Voluntarily Terminated,Agrees with dates,Involuntary,Involuntary,No
2767,Production Technician I,M2312,BPC,Production,Field Operations,Technician,Full-Time,Full-Time,Zone A,MA,Female,Asian,55+,4,1-2 years,1,1.257,Fully Meets,2,2022-05-04,,Employed,Active,Agrees with dates,,,No
2768,Production Technician I,M2313,WBL,Production,Underground,Operator,Part-Time,Temporary,Zone B,MA,Male,Asian,35-44,2,1-2 years,1,1.15,Fully Meets,2,2022-06-12,,Employed,Active,Agrees with dates,,,No
2769,Production Technician I,M2314,NEL,Production,Aerial,Foreman,Contract,Part-Time,Zone A,MA,Male,Other,55+,4,3-5 years,3,4.742,Fully Meets,4,2018-11-08,,Employed,Active,Agrees with dates,,,No
2770,Production Technician I,M2315,PL,Production,Field Operations,Laborer,Part-Time,Part-Time,Zone A,MA,Male,Black,55+,4,2-3 years,2,2.086,Fully Meets,5,2021-07-05,,Employed,Active,Agrees with dates,,,No
2771,Production Technician I,M2316,BPC,Production,Wireline Construction,Laborer,Full-Time,Temporary,Zone A,MA,Male,Other,55+,4,1-2 years,1,1.213,Fully Meets,5,2020-07-08,2021-09-24,Left,Terminated for Cause,Agrees with dates,Retirement,Retirement,No
2772,Production Technician I,M2317,CCDR,Production,Wireline Construction,Laborer,Full-Time,Temporary,Zone A,MA,Male,Other,45-54,3,3-5 years,3,3.398,Fully Meets,1,2020-03-13,,Employed,Active,Agrees with dates,,,No
2773,Production Technician I,M2318,SVG,Production,Splicing,Laborer,Full-Time,Full-Time,Zone B,MA,Male,White,55+,4,Under 1 year,0,0.605,Fully Meets,2,2022-12-28,,Employed,Active,Agrees with dates,,,No
2774,Production Technician I,M2175,EW,Production,Field Operations,Laborer,Full-Time,Part-Time,Zone B,MA,Male,Other,25-34,1,3-5 years,3,3.387,Fully Meets,5,2020-03-17,,Employed,Active,Agrees with dates,,,No
2775,Production Technician I,M2319,MSC,Production,Field Operations,Tower Hand,Part-Time,Temporary,Zone B,MA,Female,White,55+,4,Under 1 year,0,0.578,Fully Meets,2,2023-01-07,,Employed,Active,Agrees with dates,,,No
2776,Production Technician I,M2320,TNS,Production,General - Eng,Engineer,Full-Time,Part-Time,Zone B,MA,Male,White,45-54,3,1-2 years,1,1.621,Fully Meets,4,2021-12-22,,Employed,Active,Agrees with dates,,,No
2777,Production Technician I,M2321,PYZ,Production,General - Con,Laborer,Part-Time,Full-Time,Zone B,MA,Male,Hispanic,55+,4,2-3 years,2,2.565,Fully Meets,5,2020-04-29,2022-11-22,Left,Active,Contradicts dates,Voluntary,Voluntary,No
2778,Production Technician I,M2322,WBL,Production,Wireless,Foreman,Part-Time,Temporary,Zone C,MA,Male,Asian,55+,4,2-3 years,2,2.675,Fully Meets,5,2020-12-02,,Employed,Active,Agrees with dates,,,No
2779,Production Technician I,M2323,NEL,Production,Field Operations,Laborer,Contract,Part-Time,Zone A,MA,Male,Hispanic,55+,4,Under 1 year,0,0.531,Fully Meets,2,2021-12-08,2022-06-20,Left,Active,Contradicts dates,Resignation,Voluntary,Yes
2780,Production Technician I,M2324,PL,Production,General - Con,Foreman,Contract,Part-Time,Zone B,MA,Male,White,55+,4,1-2 years,1,1.309,Fully Meets,4,2022-04-13,2023-08-04,Left,Active,Contradicts dates,Retirement,Retirement,No
2781,Production Technician I,M2325,BPC,Production,Field Operations,Operator,Contract,Part-Time,Zone A,MA,Male,Asian,45-54,3,1-2 years,1,1.58,Fully Meets,4,2020-12-23,2022-07-23,Left,Voluntarily Terminated,Agrees with dates,Retirement,Retirement,No
2782,Production Technician I,M2326,CCDR,Production,General - Con,Laborer,Full-Time,Temporary,Zone C,MA,Female,Black,35-44,2,3-5 years,3,4.35,Fully Meets,2,2019-03-31,,Employed,Active,Agrees with dates,,,No
2783,Production Technician II,M2327,SVG,Production,Wireline Construction,Technician,Part-Time,Temporary,Zone A,MA,Male,White,45-54,3,Under 1 year,0,0.134,Fully Meets,1,2023-06-11,2023-07-30,Left,Active,Contradicts dates,Resignation,Voluntary,Yes
2784,Production Technician II,M2328,TNS,Production,Field Operations,Foreman,Contract,Full-Time,Zone B,MA,Male,White,35-44,2,1-2 years,1,1.7,Fully Meets,2,2021-05-20,2023-01-31,Left,Active,Contradicts dates,Involuntary,Involuntary,No
2785,Production Technician II,M2329,WBL,Production,Field Operations,Top Hand,Full-Time,Full-Time,Zone C,MA,Male,Hispanic,55+,4,2-3 years,2,2.724,Fully Meets,4,2020-11-14,,Employed,Active,Agrees with dates,,,No
2786,Production Technician II,M2330,PYZ,Production,Field Operations,Laborer,Contract,Full-Time,Zone A,MA,Female,Asian,Under 25,0,3-5 years,3,4.602,Fully Meets,1,2018-12-29,,Employed,Active,Agrees with dates,,,No
2787,Production Technician II,M2331,WBL,Production,Executive,Director,Contract,Full-Time,Zone A,MA,Female,White,55+,4,2-3 years,2,2.289,Fully Meets,4,2021-04-22,,Employed,Active,Agrees with dates,,,No
2788,Production Technician II,M2332,NEL,Production,Project Management - Con,Supervisor,Contract,Full-Time,Zone C,MA,Female,Black,55+,4,Under 1 year,0,0.112,Fully Meets,1,2023-06-03,2023-07-14,Left,Voluntarily Terminated,Agrees with dates,Involuntary,Involuntary,Yes
2789,Production Technician I,M2333,CCDR,Production,Wireless,Manager,Contract,Temporary,Zone B,MA,Male,Asian,55+,4,Under 1 year,0,0.194,Fully Meets,4,2021-04-26,2021-07-06,Left,Active,Contradicts dates,Retirement,Retirement,Yes
2790,Production Technician I,M2334,EW,Production,Catv,Laborer,Contract,Part-Time,Zone B,MA,Male,Hispanic,55+,4,Under 1 year,0,0.444,Fully Meets,4,2019-04-30,2019-10-09,Left,Active,Contradicts dates,Involuntary,Involuntary,Yes
2791,Production Technician I,M2335,MSC,Production,Field Operations,Driller,Contract,Temporary,Zone B,MA,Male,White,55+,4,1-2 years,1,1.974,Fully Meets,2,2021-07-04,2023-06-25,Left,Active,Contradicts dates,Involuntary,Involuntary,No
2792,Production Technician I,M2336,NEL,Production,Engineers,Technician,Part-Time,Temporary,Zone A,MA,Male,Black,55+,4,Under 1 year,0,0.446,Fully Meets,1,2023-02-24,,Employed,Active,Agrees with dates,,,No
2793,Production Technician I,M2337,PL,Production,Yard (Material Handling),Supervisor,Full-Time,Full-Time,Zone A,MA,Male,Black,35-44,2,2-3 years,2,2.428,Fully Meets,1,2021-03-02,,Employed,Active,Agrees with dates,,,No
2794,Production Technician I,M2338,PYZ,Production,Field Operations,Laborer,Contract,Temporary,Zone B,MA,Male,Hispanic,45-54,3,1-2 years,1,1.607,Fully Meets,5,2021-12-27,,Employed,Active,Agrees with dates,,,No
2795,Production Technician I,M2339,SVG,Production,General - Eng,Drafter,Part-Time,Temporary,Zone C,MA,Female,Asian,55+,4,Under 1 year,0,0.172,Fully Meets,4,2022-07-10,2022-09-11,Left,Active,Contradicts dates,Voluntary,Voluntary,Yes
2796,Production Technician I,M2340,TNS,Production,Engineers,Program Manager,Contract,Full-Time,Zone A,MA,Female,Asian,25-34,1,Under 1 year,0,0.742,Fully Meets,1,2022-09-19,2023-06-17,Left,Active,Contradicts dates,Voluntary,Voluntary,Yes
2797,Production Technician I,M2341,WBL,Production,Aerial,Lineman,Contract,Temporary,Zone A,MA,Male,Other,55+,4,2-3 years,2,2.185,Exceeds,1,2021-05-30,,Employed,Active,Agrees with dates,,,No
2798,Production Technician I,M2342,BPC,Production,Engineers,Planner,Contract,Part-Time,Zone A,MA,Male,Asian,45-54,3,3-5 years,3,3.329,Fully Meets,2,2020-04-07,,Employed,Active,Agrees with dates,,,No
2799,Production Technician I,M2343,CCDR,Production,Engineers,Engineer,Part-Time,Part-Time,Zone A,MA,Male,White,35-44,2,1-2 years,1,1.41,Fully Meets,2,2021-04-20,2022-09-17,Left,Active,Contradicts dates,Resignation,Voluntary,No
2800,Production Technician I,M2344,EW,Production,General - Con,Foreman,Contract,Temporary,Zone B,MA,Male,Black,55+,4,3-5 years,3,4.011,Fully Meets,1,2019-08-02,,Employed,Active,Agrees with dates,,,No
2801,Production Technician I,M2345,MSC,Production,Field Operations,Tower Hand,Full-Time,Temporary,Zone C,MA,Male,White,25-34,1,1-2 years,1,1.566,Fully Meets,5,2022-01-11,,Employed,Active,Agrees with dates,,,No
2802,Production Technician I,M2346,NEL,Production,General - Con,Technician,Contract,Part-Time,Zone C,MA,Female,White,45-54,3,2-3 years,2,2.721,Fully Meets,4,2020-11-15,,Employed,Active,Agrees with dates,,,No
2803,Production Technician I,M2347,PL,Production,General - Con,Foreman,Part-Time,Part-Time,Zone B,MA,Female,Asian,55+,4,3-5 years,3,3.244,Fully Meets,5,2020-05-08,,Employed,Active,Agrees with dates,,,No
2804,Production Technician II,M2348,SVG,Production,Project Management - Con,Coordinator,Part-Time,Full-Time,Zone B,MA,Male,Hispanic,55+,4,3-5 years,3,4.408,Fully Meets,4,2019-03-10,,Employed,Active,Agrees with dates,,,No
2805,Production Technician II,M2349,TNS,Production,Field Operations,Driver,Full-Time,Part-Time,Zone C,MA,Male,White,35-44,2,1-2 years,1,1.298,Fully Meets,1,2022-04-19,,Employed,Active,Agrees with dates,,,No
2806,Production Technician II,M2350,WBL,Production,Catv,Supervisor,Full-Time,Part-Time,Zone A,MA,Female,Asian,55+,4,3-5 years,3,3.682,Fully Meets,2,2019-11-30,,Employed,Active,Agrees with dates,,,No
2807,Production Technician II,M2351,BPC,Production,Wireline Construction,Driver,Part-Time,Part-Time,Zone A,MA,Female,White,45-54,3,1-2 years,1,1.506,Fully Meets,2,2021-07-06,2023-01-07,Left,Voluntarily Terminated,Agrees with dates,Involuntary,Involuntary,No
2808,Production Technician II,M2352,CCDR,Production,Billable Consultants,Engineer,Part-Time,Temporary,Zone B,MA,Female,Asian,25-34,1,3-5 years,3,4.69,Fully Meets,4,2018-11-27,,Employed,Active,Agrees with dates,,,No
2809,Production Technician I,M2353,WBL,Production,Splicing,Splicer,Full-Time,Part-Time,Zone C,MA,Male,Hispanic,55+,4,Under 1 year,0,0.515,Fully Meets,2,2023-01-30,,Employed,Active,Agrees with dates,,,No
2810,Production Technician I,M2354,NEL,Production,Field Operations,Laborer,Full-Time,Part-Time,Zone A,MA,Male,Other,55+,4,Under 1 year,0,0.227,Fully Meets,4,2022-11-17,2023-02-08,Left,Active,Contradicts dates,Resignation,Voluntary,Yes
2811,Production Technician I,M2355,PL,Production,Field Operations,Laborer,Part-Time,Full-Time,Zone A,MA,Male,Hispanic,25-34,1,1-2 years,1,1.791,Fully Meets,2,2018-08-13,2020-05-28,Left,Active,Contradicts dates,Voluntary,Voluntary,No
2812,Production Technician I,M2356,BPC,Production,General - Eng,Manager,Part-Time,Temporary,Zone B,MA,Male,White,55+,4,2-3 years,2,2.018,Fully Meets,4,2021-07-02,2023-07-09,Left,Terminated for Cause,Agrees with dates,Resignation,Voluntary,No
2813,Production Technician I,M2357,CCDR,Production,Wireline Construction,Vp,Contract,Full-Time,Zone B,MA,Male,Other,45-54,3,1-2 years,1,1.106,Fully Meets,1,2022-06-28,,Employed,Active,Agrees with dates,,,No
2814,Production Technician I,M2358,SVG,Production,Field Operations,Technician,Part-Time,Temporary,Zone A,MA,Male,Hispanic,45-54,3,3-5 years,3,4.528,Fully Meets,2,2019-01-25,,Employed,Active,Agrees with dates,,,No
2815,Production Technician I,M2359,EW,Production,Project Management - Con,Manager,Contract,Part-Time,Zone C,MA,Female,Asian,45-54,3,Under 1 year,0,0.038,Fully Meets,4,2023-07-23,,Employed,Active,Agrees with dates,,,No
2816,Production Technician I,M1262,MSC,Production,General - Con,Splicer,Full-Time,Temporary,Zone C,MA,Female,Black,25-34,1,1-2 years,1,1.032,Fully Meets,5,2022-07-25,,Employed,Active,Agrees with dates,,,No
2817,Production Technician I,M2360,TNS,Production,Field Operations,Laborer,Contract,Part-Time,Zone A,MA,Male,White,Under 25,0,Under 1 year,0,0.567,Fully Meets,4,2023-01-11,,Employed,Active,Agrees with dates,,,No
2818,Production Technician I,M2361,PYZ,Production,Fielders,Engineer,Part-Time,Temporary,Zone B,MA,Male,Hispanic,55+,4,Under 1 year,0,0.005,Exceeds,2,2023-07-28,2023-07-30,Left,Active,Contradicts dates,Involuntary,Involuntary,Yes
2819,Production Technician I,M2362,WBL,Production,General - Con,Flagger,Full-Time,Part-Time,Zone C,MA,Male,White,Under 25,0,Under 1 year,0,0.252,Fully Meets,4,2023-05-06,,Employed,Active,Agrees with dates,,,No
2820,Production Technician I,M2363,NEL,Production,Wireline Construction,Laborer,Full-Time,Temporary,Zone C,MA,Male,Hispanic,35-44,2,Under 1 year,0,0.882,Fully Meets,2,2022-09-18,,Employed,Active,Agrees with dates,,,No
2821,Production Technician I,M2364,PL,Production,Field Operations,Technician,Full-Time,Temporary,Zone B,MA,Male,Hispanic,Under 25,0,2-3 years,2,2.007,Fully Meets,2,2019-09-08,2021-09-10,Left,Active,Contradicts dates,Retirement,Retirement,No
2822,Production Technician I,M2365,BPC,Production,Aerial,Lineman,Part-Time,Part-Time,Zone B,MA,Female,White,55+,4,3-5 years,3,3.934,Fully Meets,4,2019-08-30,,Employed,Active,Agrees with dates,,,No
2823,Production Technician I,M2366,CCDR,Production,General - Con,Operator,Contract,Part-Time,Zone B,MA,Female,White,35-44,2,Under 1 year,0,0.208,Fully Meets,2,2023-05-22,,Employed,Active,Agrees with dates,,,No
2824,Production Technician II,M2367,EW,Production,Wireline Construction,Laborer,Part-Time,Full-Time,Zone A,MA,Male,Hispanic,55+,4,2-3 years,2,2.428,Fully Meets,5,2021-03-02,,Employed,Active,Agrees with dates,,,No
2825,Production Technician II,M2368,MSC,Production,Project Management - Eng,Project Manager,Full-Time,Temporary,Zone C,MA,Male,Hispanic,35-44,2,Under 1 year,0,0.476,Fully Meets,4,2023-02-13,,Employed,Active,Agrees with dates,,,No
2826,Production Technician II,M2369,TNS,Production,General - Con,Technician,Contract,Full-Time,Zone B,MA,Female,Hispanic,55+,4,Under 1 year,0,0.307,Fully Meets,5,2022-08-11,2022-12-01,Left,Leave of Absence,Contradicts dates,Involuntary,Involuntary,Yes
2827,Production Technician II,M2370,PYZ,Production,Field Operations,Driver,Full-Time,Full-Time,Zone A,MA,Female,Other,35-44,2,2-3 years,2,2.806,Fully Meets,4,2020-02-19,2022-12-10,Left,Voluntarily Terminated,Agrees with dates,Involuntary,Involuntary,No
2828,Production Technician II,M2371,WBL,Production,Field Operations,Technician,Full-Time,Temporary,Zone A,MA,Female,Black,55+,4,1-2 years,1,1.443,Fully Meets,2,2021-10-15,2023-03-26,Left,Voluntarily Terminated,Agrees with dates,Retirement,Retirement,No
2829,Production Technician I,M2372,WBL,Production,Engineers,Director,Part-Time,Part-Time,Zone B,MA,Male,Other,55+,4,Under 1 year,0,0.72,Fully Meets,2,2022-11-16,,Employed,Active,Agrees with dates,,,No
2830,Production Technician I,M2373,NEL,Production,General - Eng,Administrative,Full-Time,Part-Time,Zone B,MA,Male,White,25-34,1,Under 1 year,0,0.597,Fully Meets,1,2022-06-30,2023-02-03,Left,Active,Contradicts dates,Resignation,Voluntary,Yes
2831,Production Technician I,M2374,PL,Production,Aerial,Lineman,Full-Time,Full-Time,Zone C,MA,Male,White,55+,4,2-3 years,2,2.023,Fully Meets,2,2021-07-28,,Employed,Active,Agrees with dates,,,No
2832,Production Technician I,M2375,BPC,Production,Field Operations,Laborer,Contract,Full-Time,Zone C,MA,Male,White,45-54,3,1-2 years,1,1.706,Fully Meets,5,2021-11-21,,Employed,Active,Agrees with dates,,,No
2833,Production Technician I,M2376,CCDR,Production,General - Con,Laborer,Contract,Full-Time,Zone A,MA,Male,Asian,25-34,1,2-3 years,2,2.815,Fully Meets,2,2020-10-12,,Employed,Active,Agrees with dates,,,No
2834,Production Technician I,M2377,SVG,Production,General - Con,Technician,Full-Time,Full-Time,Zone A,MA,Female,Asian,55+,4,1-2 years,1,1.96,Fully Meets,5,2018-10-02,2020-09-17,Left,Active,Contradicts dates,Involuntary,Involuntary,No
2835,Production Technician I,M2378,EW,Production,Engineers,Project Manager,Contract,Part-Time,Zone C,MA,Female,White,25-34,1,1-2 years,1,1.615,Fully Meets,5,2021-07-17,2023-02-27,Left,Active,Contradicts dates,Resignation,Voluntary,No
2836,Production Technician I,M2379,MSC,Production,Catv,Lineman,Contract,Part-Time,Zone C,MA,Female,Black,25-34,1,1-2 years,1,1.314,Fully Meets,2,2022-04-13,,Employed,Active,Agrees with dates,,,No
2837,Production Technician I,M2380,TNS,Production,Splicing,Intern,Part-Time,Temporary,Zone C,MA,Male,Asian,55+,4,1-2 years,1,1.916,Fully Meets,4,2021-03-20,2023-02-18,Left,Active,Contradicts dates,Involuntary,Involuntary,No
2838,Production Technician I,M2381,PYZ,Production,General - Sga,Director,Part-Time,Temporary,Zone A,MA,Male,Black,55+,4,Under 1 year,0,0.156,Fully Meets,5,2021-09-09,2021-11-05,Left,Active,Contradicts dates,Voluntary,Voluntary,Yes
2839,Production Technician I,M2382,WBL,Production,General - Con,Foreman,Part-Time,Part-Time,Zone C,MA,Male,Black,45-54,3,2-3 years,2,2.308,Fully Meets,1,2019-12-06,2022-03-28,Left,Active,Contradicts dates,Voluntary,Voluntary,No
2840,Production Technician I,M2383,NEL,Production,Fielders,Engineer,Contract,Part-Time,Zone B,MA,Male,Hispanic,Under 25,0,Under 1 year,0,0.063,Fully Meets,2,2023-04-26,2023-05-19,Left,Active,Contradicts dates,Voluntary,Voluntary,Yes
2841,Production Technician I,M2384,PL,Production,General - Con,Foreman,Contract,Temporary,Zone B,MA,Male,Hispanic,55+,4,3-5 years,3,4.334,Fully Meets,5,2019-04-06,,Employed,Active,Agrees with dates,,,No
2842,Production Technician I,M2385,BPC,Production,General - Con,Laborer,Part-Time,Temporary,Zone B,MA,Female,Black,55+,4,2-3 years,2,2.36,Fully Meets,1,2020-10-19,2023-02-28,Left,Voluntarily Terminated,Agrees with dates,Voluntary,Voluntary,No
2843,Production Technician II,M1624,SVG,Production,General - Con,Technician,Full-Time,Temporary,Zone C,MA,Male,Black,55+,4,1-2 years,1,1.703,Fully Meets,1,2021-11-22,,Employed,Active,Agrees with dates,,,No
2844,Production Technician II,M2386,TNS,Production,Engineers,Technician,Contract,Part-Time,Zone A,MA,Male,Asian,55+,4,2-3 years,2,2.565,Fully Meets,5,2020-12-30,2023-07-25,Left,Leave of Absence,Contradicts dates,Retirement,Retirement,No
2845,Production Technician II,M2387,WBL,Production,General - Con,Foreman,Full-Time,Part-Time,Zone B,MA,Female,White,35-44,2,2-3 years,2,2.921,Fully Meets,4,2020-09-03,,Employed,Active,Agrees with dates,,,No
2846,Production Technician II,M2388,BPC,Production,Wireless,Technician,Contract,Full-Time,Zone C,MA,Female,White,55+,4,2-3 years,2,2.847,Fully Meets,5,2019-10-14,2022-08-19,Left,Voluntarily Terminated,Agrees with dates,Resignation,Voluntary,No
2847,Production Technician II,M2389,CCDR,Production,Underground,Laborer,Part-Time,Full-Time,Zone C,MA,Female,Black,55+,4,Under 1 year,0,0.578,Fully Meets,2,2021-02-19,2021-09-18,Left,Future Start,Contradicts dates,Involuntary,Involuntary,Yes
2848,Production Technician I,M2390,BPC,Production,Project Management - Con,Project Manager,Full-Time,Temporary,Zone A,MA,Male,White,55+,4,Under 1 year,0,0.474,Exceeds,1,2022-03-13,2022-09-02,Left,Terminated for Cause,Agrees with dates,Involuntary,Involuntary,Yes
2849,Production Technician I,M2391,CCDR,Production,General - Con,Technician,Part-Time,Full-Time,Zone C,MA,Male,Hispanic,55+,4,3-5 years,3,4.843,Fully Meets,5,2018-10-02,,Employed,Active,Agrees with dates,,,No
2850,Production Technician I,M2392,EW,Production,General - Con,Technician,Full-Time,Part-Time,Zone C,MA,Male,Hispanic,45-54,3,Under 1 year,0,0.027,Exceeds,1,2022-10-06,2022-10-16,Left,Active,Contradicts dates,Retirement,Retirement,Yes
2851,Production Technician I,M2393,MSC,Production,Field Operations,Construction Manager,Full-Time,Part-Time,Zone B,MA,Male,Black,55+,4,2-3 years,2,2.872,Fully Meets,4,2020-09-21,,Employed,Active,Agrees with dates,,,No
2852,Production Technician I,M2394,NEL,Production,Field Operations,Laborer,Part-Time,Temporary,Zone C,MA,Male,Other,55+,4,1-2 years,1,1.665,Fully Meets,1,2021-12-06,,Employed,Active,Agrees with dates,,,No
2853,Production Technician I,M2395,PL,Production,General - Con,Operator,Contract,Part-Time,Zone B,MA,Male,Other,25-34,1,Under 1 year,0,0.342,Needs Improvement,5,2022-11-16,2023-03-21,Left,Terminated for Cause,Agrees with dates,Voluntary,Voluntary,Yes
2854,Production Technician I,M2396,PYZ,Production,Executive,Executive,Part-Time,Full-Time,Zone A,MA,Female,Hispanic,55+,4,Under 1 year,0,0.983,Needs Improvement,2,2022-08-02,2023-07-27,Left,Active,Contradicts dates,Resignation,Voluntary,Yes
2855,Production Technician I,M2397,SVG,Production,Field Operations,Clerk,Part-Time,Full-Time,Zone C,MA,Female,Black,35-44,2,1-2 years,1,1.544,Needs Improvement,4,2022-01-19,,Employed,Active,Agrees with dates,,,No
2856,Production Technician I,M2398,TNS,Production,Sales & Marketing,Director,Full-Time,Temporary,Zone A,MA,Female,White,55+,4,1-2 years,1,1.325,Needs Improvement,5,2022-04-09,,Employed,Active,Agrees with dates,,,No
2857,Production Technician I,M2399,WBL,Production,General - Con,Laborer,Full-Time,Part-Time,Zone A,MA,Male,White,45-54,3,3-5 years,3,3.055,Fully Meets,2,2019-07-19,2022-08-08,Left,Active,Contradicts dates,Involuntary,Involuntary,No
2858,Production Technician I,M2400,BPC,Production,Engineers,Engineer,Full-Time,Temporary,Zone C,MA,Male,Other,45-54,3,1-2 years,1,1.199,Fully Meets,5,2021-09-02,2022-11-14,Left,Active,Contradicts dates,Retirement,Retirement,No
2859,Production Technician I,M2401,CCDR,Production,Field Operations,Engineer,Full-Time,Part-Time,Zone C,MA,Male,Other,55+,4,3-5 years,3,4.509,Needs Improvement,2,2019-02-01,,Employed,Active,Agrees with dates,,,No
2860,Production Technician I,M2402,EW,Production,General - Con,Laborer,Part-Time,Part-Time,Zone C,MA,Male,Black,55+,4,Under 1 year,0,0.118,Fully Meets,2,2023-04-13,2023-05-26,Left,Active,Contradicts dates,Voluntary,Voluntary,Yes
2861,Production Technician I,M2403,MSC,Production,General - Con,Technician,Full-Time,Full-Time,Zone C,MA,Male,White,35-44,2,3-5 years,3,4.832,Fully Meets,2,2018-10-06,,Employed,Active,Agrees with dates,,,No
2862,Production Technician II,M2404,SVG,Production,Engineers,Engineer,Part-Time,Part-Time,Zone B,MA,Male,Other,55+,4,1-2 years,1,1.999,Fully Meets,4,2020-03-24,2022-03-24,Left,Active,Contradicts dates,Voluntary,Voluntary,No
2863,Production Technician II,M2405,EW,Production,Yard (Material Handling),Coordinator,Full-Time,Temporary,Zone B,MA,Male,Other,55+,4,1-2 years,1,1.826,Needs Improvement,4,2021-10-08,,Employed,Active,Agrees with dates,,,No
2864,Production Technician II,M2406,MSC,Production,Field Operations,Technician,Part-Time,Full-Time,Zone B,MA,Male,Asian,25-34,1,1-2 years,1,1.224,Fully Meets,2,2022-05-16,,Employed,Active,Agrees with dates,,,No
2865,Production Technician II,M2407,TNS,Production,General - Con,Foreman,Part-Time,Part-Time,Zone C,MA,Female,White,45-54,3,Under 1 year,0,0.438,Fully Meets,1,2022-05-10,2022-10-17,Left,Voluntarily Terminated,Agrees with dates,Voluntary,Voluntary,Yes
2866,Production Technician II,M2408,BPC,Production,Field Operations,Driller,Part-Time,Temporary,Zone C,MA,Female,Hispanic,55+,4,1-2 years,1,1.719,Fully Meets,2,2021-11-16,,Employed,Active,Agrees with dates,,,No
2867,Production Technician II,M2409,CCDR,Production,Technology / It,Manager,Part-Time,Temporary,Zone A,MA,Female,White,25-34,1,3-5 years,3,4.444,Fully Meets,2,2019-02-25,,Employed,Active,Agrees with dates,,,No
2868,Production Technician I,M242,TNS,Production,Executive,Vp,Full-Time,Temporary,Zone A,MA,Male,Black,55+,4,1-2 years,1,1.098,Fully Meets,5,2022-07-01,,Employed,Active,Agrees with dates,,,No
2869,Production Technician I,M2410,PYZ,Production,Aerial,Lineman,Contract,Full-Time,Zone A,MA,Male,Black,55+,4,Under 1 year,0,0.635,Fully Meets,2,2022-12-17,,Employed,Active,Agrees with dates,,,No
2870,Production Technician I,M2411,WBL,Production,Sales & Marketing,Vp,Part-Time,Part-Time,Zone B,MA,Male,Black,55+,4,Under 1 year,0,0.014,Fully Meets,4,2023-07-26,2023-07-31,Left,Active,Contradicts dates,Retirement,Retirement,Yes
2871,Production Technician I,M2412,NEL,Production,Catv,Project Manager,Contract,Part-Time,Zone A,MA,Male,Hispanic,55+,4,Under 1 year,0,0.394,Fully Meets,5,2022-03-11,2022-08-02,Left,Active,Contradicts dates,Resignation,Voluntary,Yes
2872,Production Technician I,M2413,PL,Production,Wireline Construction,Operator,Contract,Full-Time,Zone B,MA,Male,Hispanic,55+,4,Under 1 year,0,0.89,Fully Meets,2,2020-06-29,2021-05-20,Left,Active,Contradicts dates,Voluntary,Voluntary,Yes
2873,Production Technician I,M2351,BPC,Production,Field Operations,Supervisor,Part-Time,Full-Time,Zone A,MA,Male,Hispanic,Under 25,0,1-2 years,1,1.358,Fully Meets,4,2022-03-28,,Employed,Active,Agrees with dates,,,No
2874,Production Technician I,M2414,CCDR,Production,Fielders,Engineer,Part-Time,Full-Time,Zone A,MA,Male,White,55+,4,1-2 years,1,1.473,Fully Meets,1,2022-02-14,,Employed,Active,Agrees with dates,,,No
2875,Production Technician I,M2415,SVG,Production,General - Con,Administrative,Full-Time,Temporary,Zone C,MA,Female,Black,35-44,2,Under 1 year,0,0.717,Fully Meets,4,2020-12-25,2021-09-13,Left,Active,Contradicts dates,Involuntary,Involuntary,Yes
2876,Production Technician I,M2416,EW,Production,Field Operations,Warehouse Technician,Part-Time,Temporary,Zone A,MA,Female,Asian,55+,4,Under 1 year,0,0.277,Fully Meets,4,2023-04-27,,Employed,Active,Agrees with dates,,,No
2877,Production Technician I,M2417,MSC,Production,Project Management - Con,Manager,Contract,Part-Time,Zone B,MA,Female,Asian,55+,4,Under 1 year,0,0.071,Fully Meets,2,2022-11-11,2022-12-07,Left,Active,Contradicts dates,Resignation,Voluntary,Yes
2878,Production Technician I,M2418,TNS,Production,General - Sga,Contracts,Part-Time,Part-Time,Zone A,MA,Male,Black,55+,4,Under 1 year,0,0.441,Fully Meets,2,2021-05-04,2021-10-12,Left,Active,Contradicts dates,Resignation,Voluntary,Yes
2879,Production Technician I,M2419,PYZ,Production,Executive,Vp,Full-Time,Full-Time,Zone A,MA,Male,Black,55+,4,3-5 years,3,4.627,Fully Meets,2,2018-12-20,,Employed,Active,Agrees with dates,,,No
2880,Production Technician I,M2420,WBL,Production,General - Con,Safety Manager,Contract,Temporary,Zone A,MA,Female,Black,Under 25,0,1-2 years,1,1.478,Fully Meets,4,2021-06-11,2022-12-03,Left,Active,Contradicts dates,Retirement,Retirement,No
2881,Production Technician I,M2421,NEL,Production,Field Operations,Laborer,Contract,Full-Time,Zone B,MA,Male,Asian,55+,4,Under 1 year,0,0.164,Fully Meets,4,2023-06-07,,Employed,Active,Agrees with dates,,,No
2882,Production Technician I,M2422,PL,Production,Shop (Fleet),Welder,Part-Time,Full-Time,Zone B,MA,Male,Asian,35-44,2,Under 1 year,0,0.627,Fully Meets,4,2019-05-21,2020-01-05,Left,Voluntarily Terminated,Agrees with dates,Retirement,Retirement,Yes
2883,Production Technician II,M2423,CCDR,Production,General - Con,Operator,Part-Time,Full-Time,Zone C,MA,Male,Hispanic,55+,4,3-5 years,3,4.433,Fully Meets,4,2019-03-01,,Employed,Active,Agrees with dates,,,No
2884,Production Technician II,M2424,SVG,Production,Wireline Construction,Technician,Part-Time,Part-Time,Zone A,MA,Male,Other,35-44,2,1-2 years,1,1.44,Fully Meets,2,2022-02-26,,Employed,Active,Agrees with dates,,,No
2885,Production Technician II,M2425,EW,Production,Field Operations,Groundman,Full-Time,Part-Time,Zone B,MA,Male,Asian,45-54,3,Under 1 year,0,0.49,Fully Meets,1,2022-04-14,2022-10-10,Left,Leave of Absence,Contradicts dates,Voluntary,Voluntary,Yes
2886,Production Technician II,M2426,MSC,Production,Field Operations,Supervisor,Contract,Temporary,Zone A,MA,Male,Asian,35-44,2,2-3 years,2,2.998,Fully Meets,2,2020-08-06,,Employed,Active,Agrees with dates,,,No
2887,Production Technician II,M2427,TNS,Production,Shop (Fleet),Shop,Full-Time,Temporary,Zone A,MA,Female,Black,35-44,2,2-3 years,2,2.051,Fully Meets,5,2020-01-28,2022-02-15,Left,Voluntarily Terminated,Agrees with dates,Voluntary,Voluntary,No
2888,Production Technician II,M2428,PYZ,Production,Wireless,Foreman,Contract,Temporary,Zone A,MA,Female,White,35-44,2,Under 1 year,0,0.917,Fully Meets,5,2021-04-17,2022-03-18,Left,Future Start,Contradicts dates,Retirement,Retirement,Yes
2889,Production Technician II,M2429,WBL,Production,Fielders,Engineer,Part-Time,Temporary,Zone A,MA,Female,Hispanic,25-34,1,3-5 years,3,3.745,Fully Meets,1,2019-09-29,2023-06-28,Left,Future Start,Contradicts dates,Resignation,Voluntary,No
2890,Production Technician I,M2430,TNS,Production,General - Sga,Director,Full-Time,Full-Time,Zone A,MA,Male,Black,35-44,2,Under 1 year,0,0.83,Fully Meets,2,2022-10-07,,Employed,Active,Agrees with dates,,,No
2891,Production Technician I,M2431,PYZ,Production,Wireline Construction,Laborer,Contract,Temporary,Zone A,MA,Male,Black,25-34,1,Under 1 year,0,0.241,Fully Meets,1,2021-08-11,2021-11-07,Left,Active,Contradicts dates,Resignation,Voluntary,Yes
2892,Production Technician I,M2432,WBL,Production,Catv,Lineman,Contract,Full-Time,Zone A,MA,Male,Hispanic,55+,4,1-2 years,1,1.561,Fully Meets,2,2021-04-10,2022-11-01,Left,Active,Contradicts dates,Resignation,Voluntary,No
2893,Production Technician I,M2433,NEL,Production,Field Operations,Foreman,Full-Time,Temporary,Zone A,MA,Male,White,55+,4,1-2 years,1,1.446,Fully Meets,2,2022-02-24,,Employed,Active,Agrees with dates,,,No
2894,Production Technician I,M2434,PL,Production,Field Operations,Foreman,Part-Time,Full-Time,Zone B,MA,Male,White,55+,4,1-2 years,1,1.098,Fully Meets,4,2022-07-01,,Employed,Active,Agrees with dates,,,No
2895,Production Technician I,M2435,BPC,Production,Field Operations,Top Hand,Full-Time,Temporary,Zone A,MA,Male,Asian,25-34,1,Under 1 year,0,0.211,Fully Meets,2,2023-04-04,2023-06-20,Left,Terminated for Cause,Agrees with dates,Voluntary,Voluntary,Yes
2896,Production Technician I,M2436,CCDR,Production,Field Operations,Laborer,Full-Time,Part-Time,Zone B,MA,Male,Other,35-44,2,1-2 years,1,1.78,Fully Meets,4,2021-10-25,,Employed,Active,Agrees with dates,,,No
2897,Production Technician I,M2437,SVG,Production,Field Operations,Mechanic,Full-Time,Part-Time,Zone C,MA,Female,Hispanic,55+,4,1-2 years,1,1.328,Fully Meets,4,2022-03-04,2023-07-02,Left,Active,Contradicts dates,Voluntary,Voluntary,No
2898,Production Technician I,M2438,EW,Production,Field Operations,Coordinator,Contract,Full-Time,Zone A,MA,Female,Other,35-44,2,3-5 years,3,3.628,Fully Meets,4,2019-12-20,,Employed,Active,Agrees with dates,,,No
2899,Production Technician I,M2439,MSC,Production,Project Management - Con,Coordinator,Part-Time,Part-Time,Zone B,MA,Male,Other,25-34,1,1-2 years,1,1.55,Fully Meets,5,2020-09-11,2022-03-31,Left,Active,Contradicts dates,Resignation,Voluntary,No
2900,Production Technician I,M2440,TNS,Production,General - Con,Locator,Part-Time,Temporary,Zone B,MA,Male,White,55+,4,1-2 years,1,1.695,Exceeds,2,2021-10-31,2023-07-12,Left,Active,Contradicts dates,Resignation,Voluntary,No
2901,Production Technician I,M2441,PYZ,Production,Wireline Construction,Foreman,Part-Time,Part-Time,Zone A,MA,Female,White,25-34,1,Under 1 year,0,0.507,Fully Meets,4,2018-10-21,2019-04-24,Left,Active,Contradicts dates,Involuntary,Involuntary,Yes
2902,Production Technician I,M2442,WBL,Production,Field Operations,Laborer,Part-Time,Part-Time,Zone B,MA,Female,Black,55+,4,2-3 years,2,2.576,Fully Meets,1,2021-01-07,,Employed,Active,Agrees with dates,,,No
2903,Production Technician I,M2443,NEL,Production,Engineers,Engineer,Part-Time,Full-Time,Zone A,MA,Male,Asian,25-34,1,Under 1 year,0,0.238,Needs Improvement,5,2023-02-09,2023-05-07,Left,Active,Contradicts dates,Resignation,Voluntary,Yes
2904,Production Technician I,M2444,PL,Production,Project Management - Con,Technician,Full-Time,Part-Time,Zone A,MA,Female,Other,55+,4,Under 1 year,0,0.679,Exceeds,4,2020-02-15,2020-10-20,Left,Voluntarily Terminated,Agrees with dates,Retirement,Retirement,Yes
2905,Production Technician II,M2445,PL,Production,Yard (Material Handling),Warehouse,Full-Time,Full-Time,Zone C,MA,Male,Asian,45-54,3,Under 1 year,0,0.81,Fully Meets,1,2022-10-14,,Employed,Active,Agrees with dates,,,No
2906,Production Technician II,M2446,PYZ,Production,Field Operations,Technician,Contract,Part-Time,Zone B,MA,Male,Asian,35-44,2,3-5 years,3,4.843,Needs Improvement,5,2018-10-02,,Employed,Active,Agrees with dates,,,No
2907,Production Technician II,M2447,SVG,Production,Yard (Material Handling),Supervisor,Full-Time,Part-Time,Zone C,MA,Male,White,55+,4,3-5 years,3,3.121,Needs Improvement,4,2020-06-22,,Employed,Active,Agrees with dates,,,No
2908,Production Technician II,M2448,TNS,Production,Project Management - Con,Coordinator,Contract,Temporary,Zone C,MA,Male,Asian,35-44,2,2-3 years,2,2.382,Exceeds,1,2021-03-19,,Employed,Active,Agrees with dates,,,No
2909,Production Technician II,M2449,WBL,Production,Field Operations,Laborer,Full-Time,Part-Time,Zone C,MA,Female,Hispanic,55+,4,3-5 years,3,4.359,Needs Improvement,1,2019-03-28,,Employed,Active,Agrees with dates,,,No
2910,Production Technician II,M2450,BPC,Production,Field Operations,Laborer,Part-Time,Full-Time,Zone A,MA,Female,White,55+,4,1-2 years,1,1.265,Exceeds,1,2022-05-01,,Employed,Active,Agrees with dates,,,No
2911,Production Technician I,M2451,TNS,Production,Finance & Accounting,Administrative,Part-Time,Full-Time,Zone A,MA,Male,Asian,55+,4,3-5 years,3,4.997,Exceeds,2,2018-08-07,,Employed,Active,Agrees with dates,,,No
2912,Production Technician I,M2452,PYZ,Production,Project Management - Con,Field Project Manager,Full-Time,Temporary,Zone C,MA,Male,Black,55+,4,1-2 years,1,1.265,Needs Improvement,4,2022-05-01,,Employed,Active,Agrees with dates,,,No
2913,Production Technician I,M2453,WBL,Production,Splicing,Splicer,Full-Time,Part-Time,Zone B,MA,Male,Hispanic,55+,4,3-5 years,3,3.674,Needs Improvement,2,2019-12-03,,Employed,Active,Agrees with dates,,,No
2914,Production Technician I,M2454,NEL,Production,Splicing,Laborer,Full-Time,Part-Time,Zone C,MA,Male,Hispanic,45-54,3,3-5 years,3,3.584,Exceeds,2,2020-01-02,2023-08-03,Left,Active,Contradicts dates,Retirement,Retirement,No
2915,Production Technician I,M2455,PL,Production,Field Operations,Technician,Full-Time,Part-Time,Zone B,MA,Male,Asian,25-34,1,1-2 years,1,1.257,Exceeds,1,2022-04-30,2023-08-02,Left,Terminated for Cause,Agrees with dates,Involuntary,Involuntary,No
2916,Production Technician I,M2456,BPC,Production,General - Sga,Administrator,Part-Time,Temporary,Zone C,MA,Male,White,55+,4,Under 1 year,0,0.674,Needs Improvement,2,2020-07-04,2021-03-07,Left,Terminated for Cause,Agrees with dates,Resignation,Voluntary,Yes
2917,Production Technician I,M2457,CCDR,Production,Field Operations,Technician,Contract,Part-Time,Zone A,MA,Male,Other,25-34,1,3-5 years,3,3.499,Exceeds,4,2020-02-05,,Employed,Active,Agrees with dates,,,No
2918,Production Technician I,M2458,SVG,Production,Field Operations,Lineman,Part-Time,Full-Time,Zone B,MA,Female,Black,35-44,2,3-5 years,3,3.578,Exceeds,4,2018-12-22,2022-07-21,Left,Active,Contradicts dates,Retirement,Retirement,No
2919,Production Technician I,M2459,EW,Production,Field Operations,Administrative,Full-Time,Part-Time,Zone A,MA,Female,White,25-34,1,3-5 years,3,4.293,Needs Improvement,5,2019-04-21,,Employed,Active,Agrees with dates,,,No
2920,Production Technician I,M2460,MSC,Production,Field Operations,Technician,Full-Time,Part-Time,Zone A,MA,Male,Hispanic,55+,4,3-5 years,3,3.34,Exceeds,5,2020-04-03,,Employed,Active,Agrees with dates,,,No
2921,Production Technician I,M2461,TNS,Production,Aerial,Lineman,Full-Time,Part-Time,Zone B,MA,Female,Asian,55+,4,1-2 years,1,1.049,Exceeds,2,2018-09-22,2019-10-10,Left,Active,Contradicts dates,Retirement,Retirement,No
2922,Production Technician I,M2462,BPC,Production,General - Con,Laborer,Part-Time,Full-Time,Zone B,MA,Female,Other,25-34,1,Under 1 year,0,0.726,Exceeds,5,2022-10-14,2023-07-06,Left,Active,Contradicts dates,Involuntary,Involuntary,Yes
2923,Production Technician I,M2463,CCDR,Production,Field Operations,Technician,Part-Time,Part-Time,Zone A,MA,Female,White,35-44,2,Under 1 year,0,0.608,Needs Improvement,4,2022-02-12,2022-09-22,Left,Active,Contradicts dates,Voluntary,Voluntary,Yes
2924,Production Technician I,M2464,EW,Production,Field Operations,Foreman,Contract,Part-Time,Zone B,MA,Male,Asian,35-44,2,2-3 years,2,2.324,Exceeds,5,2021-03-23,2023-07-20,Left,Voluntarily Terminated,Agrees with dates,Retirement,Retirement,No
2925,Production Technician II,M2465,CCDR,Production,General - Sga,Administrator,Part-Time,Temporary,Zone B,MA,Male,Other,45-54,3,2-3 years,2,2.864,Exceeds,4,2018-08-30,2021-07-11,Left,Active,Contradicts dates,Involuntary,Involuntary,No
2926,Production Technician II,M2466,SVG,Production,Field Operations,Driver,Part-Time,Temporary,Zone B,MA,Male,Black,Under 25,0,Under 1 year,0,0.559,Needs Improvement,5,2022-12-10,2023-07-02,Left,Leave of Absence,Contradicts dates,Voluntary,Voluntary,Yes
2927,Production Technician II,M2467,EW,Production,General - Sga,Supervisor,Part-Time,Part-Time,Zone A,MA,Male,Black,35-44,2,Under 1 year,0,0.468,Exceeds,1,2023-02-04,2023-07-25,Left,Leave of Absence,Contradicts dates,Voluntary,Voluntary,Yes
2928,Production Technician II,M2468,MSC,Production,General - Con,Lineman,Full-Time,Part-Time,Zone B,MA,Female,Hispanic,45-54,3,2-3 years,2,2.568,Fully Meets,5,2021-01-10,,Employed,Active,Agrees with dates,,,No
2929,Production Technician II,M2469,TNS,Production,Field Operations,Laborer,Full-Time,Temporary,Zone B,MA,Female,White,35-44,2,1-2 years,1,1.238,Needs Improvement,2,2020-08-19,2021-11-14,Left,Voluntarily Terminated,Agrees with dates,Voluntary,Voluntary,No
2930,Production Technician II,M2470,PYZ,Production,Wireless,Supervisor,Part-Time,Full-Time,Zone A,MA,Female,Black,Under 25,0,Under 1 year,0,0.293,Exceeds,2,2023-04-21,,Employed,Active,Agrees with dates,,,No
2931,Production Technician I,M2471,MSC,Production,Field Operations,Technician,Full-Time,Temporary,Zone B,MA,Male,Hispanic,45-54,3,Under 1 year,0,0.947,Exceeds,2,2020-01-29,2021-01-09,Left,Terminated for Cause,Agrees with dates,Retirement,Retirement,Yes
2932,Production Technician I,M2472,TNS,Production,Finance & Accounting,Intern,Part-Time,Full-Time,Zone A,MA,Male,Hispanic,55+,4,1-2 years,1,1.763,Fully Meets,4,2021-08-19,2023-05-25,Left,Terminated for Cause,Agrees with dates,Involuntary,Involuntary,No
2933,Production Technician I,M2473,PYZ,Production,Wireline Construction,Laborer,Full-Time,Part-Time,Zone A,MA,Male,White,55+,4,2-3 years,2,2.385,Needs Improvement,1,2021-03-18,,Employed,Active,Agrees with dates,,,No
2934,Production Technician I,M2474,WBL,Production,Field Operations,Laborer,Contract,Temporary,Zone B,MA,Male,Asian,55+,4,Under 1 year,0,0.846,Fully Meets,2,2021-10-24,2022-08-29,Left,Active,Contradicts dates,Resignation,Voluntary,Yes
2935,Production Technician I,M2475,NEL,Production,Wireline Construction,Groundman,Contract,Part-Time,Zone B,MA,Male,White,25-34,1,2-3 years,2,2.587,Fully Meets,5,2020-10-03,2023-05-06,Left,Active,Contradicts dates,Involuntary,Involuntary,No
2936,Production Technician I,M2476,PL,Production,General - Con,Lineman,Contract,Part-Time,Zone C,MA,Male,Asian,35-44,2,Under 1 year,0,0.454,Needs Improvement,1,2023-02-21,,Employed,Active,Agrees with dates,,,No
2937,Production Technician I,M2477,BPC,Production,Yard (Material Handling),Supervisor,Contract,Temporary,Zone A,MA,Male,Black,55+,4,3-5 years,3,3.012,Needs Improvement,2,2020-08-01,,Employed,Active,Agrees with dates,,,No
2938,Production Technician I,M2478,CCDR,Production,Aerial,Lineman,Full-Time,Full-Time,Zone C,MA,Male,White,45-54,3,Under 1 year,0,0.334,Needs Improvement,1,2023-01-08,2023-05-10,Left,Active,Contradicts dates,Involuntary,Involuntary,Yes
2939,Production Technician I,M2479,SVG,Production,General - Eng,Administrative,Contract,Full-Time,Zone B,MA,Female,Hispanic,35-44,2,Under 1 year,0,0.287,Needs Improvement,2,2022-07-26,2022-11-08,Left,Active,Contradicts dates,Resignation,Voluntary,Yes
2940,Production Technician I,M2480,EW,Production,Yard (Material Handling),Supervisor,Contract,Part-Time,Zone A,MA,Female,Black,45-54,3,2-3 years,2,2.771,Needs Improvement,5,2020-08-31,2023-06-09,Left,Active,Contradicts dates,Resignation,Voluntary,No
2941,Production Technician I,M2481,MSC,Production,Engineers,Engineer,Part-Time,Full-Time,Zone B,MA,Male,Hispanic,25-34,1,Under 1 year,0,0.298,Needs Improvement,2,2022-11-05,2023-02-22,Left,Active,Contradicts dates,Involuntary,Involuntary,Yes
2942,Production Technician I,M2482,TNS,Production,General - Sga,Technician,Full-Time,Part-Time,Zone C,MA,Female,Black,55+,4,Under 1 year,0,0.611,Needs Improvement,2,2019-05-30,2020-01-08,Left,Active,Contradicts dates,Retirement,Retirement,Yes
2943,Production Technician I,M2483,PYZ,Production,General - Sga,Laborer,Full-Time,Part-Time,Zone B,MA,Female,Other,55+,4,3-5 years,3,3.658,Needs Improvement,2,2019-12-09,,Employed,Active,Agrees with dates,,,No
2944,Production Technician I,M2484,WBL,Production,General - Eng,Engineer,Part-Time,Part-Time,Zone C,MA,Female,Other,55+,4,3-5 years,3,4.241,Needs Improvement,1,2019-05-10,,Employed,Active,Agrees with dates,,,No
2945,Production Technician I,M2485,NEL,Production,Aerial,Foreman,Full-Time,Temporary,Zone B,MA,Male,White,45-54,3,2-3 years,2,2.538,Needs Improvement,4,2019-09-03,2022-03-18,Left,Voluntarily Terminated,Agrees with dates,Voluntary,Voluntary,No
2946,Production Technician II,M2486,BPC,Production,Splicing,Technician,Contract,Full-Time,Zone A,MA,Male,Black,35-44,2,3-5 years,3,4.895,Needs Improvement,2,2018-09-13,,Employed,Active,Agrees with dates,,,No
2947,Production Technician II,M2487,CCDR,Production,Wireline Construction,Foreman,Part-Time,Temporary,Zone C,MA,Male,Asian,55+,4,2-3 years,2,2.155,Fully Meets,1,2021-06-10,,Employed,Active,Agrees with dates,,,No
2948,Production Technician II,M2488,SVG,Production,Shop (Fleet),Manager,Contract,Temporary,Zone B,MA,Male,Other,Under 25,0,3-5 years,3,3.688,Needs Improvement,2,2019-10-08,2023-06-16,Left,Leave of Absence,Contradicts dates,Involuntary,Involuntary,No
2949,Production Technician II,M2489,EW,Production,Splicing,Splicer,Contract,Temporary,Zone A,MA,Female,Hispanic,55+,4,1-2 years,1,1.862,Fully Meets,4,2021-06-03,2023-04-14,Left,Leave of Absence,Contradicts dates,Voluntary,Voluntary,No
2950,Production Technician II,M2490,MSC,Production,People Services,Manager,Part-Time,Temporary,Zone C,MA,Female,White,55+,4,Under 1 year,0,0.307,Needs Improvement,4,2018-09-14,2019-01-04,Left,Voluntarily Terminated,Agrees with dates,Involuntary,Involuntary,Yes
2951,Production Technician II,M2491,TNS,Production,General - Con,Foreman,Full-Time,Part-Time,Zone C,MA,Female,Black,55+,4,3-5 years,3,4.197,Fully Meets,2,2019-05-26,,Employed,Active,Agrees with dates,,,No
2952,Production Technician II,M2492,PYZ,Production,General - Eng,Technician,Contract,Full-Time,Zone C,MA,Female,Black,55+,4,3-5 years,3,4.088,Fully Meets,4,2019-07-05,,Employed,Active,Agrees with dates,,,No
2953,Production Technician I,M2493,TNS,Production,Field Operations,Technician,Full-Time,Full-Time,Zone B,MA,Male,Other,55+,4,3-5 years,3,3.751,Fully Meets,5,2019-11-05,,Employed,Active,Agrees with dates,,,No
2954,Production Technician I,M2494,WBL,Production,Field Operations,Coordinator,Part-Time,Part-Time,Zone B,MA,Female,Black,55+,4,2-3 years,2,2.242,Fully Meets,2,2019-07-22,2021-10-18,Left,Active,Contradicts dates,Voluntary,Voluntary,No
2955,Production Technician I,M2495,PYZ,Production,General - Con,Technician,Full-Time,Part-Time,Zone A,MA,Male,Other,55+,4,2-3 years,2,2.497,Fully Meets,1,2020-09-21,2023-03-22,Left,Active,Contradicts dates,Retirement,Retirement,No
2956,Production Technician I,M2496,WBL,Production,Engineers,Project Manager,Part-Time,Full-Time,Zone C,MA,Male,Hispanic,Under 25,0,3-5 years,3,3.734,Fully Meets,2,2019-11-11,,Employed,Active,Agrees with dates,,,No
2957,Production Technician I,M2497,NEL,Production,Field Operations,Foreman,Part-Time,Temporary,Zone B,MA,Male,Hispanic,55+,4,2-3 years,2,2.489,Fully Meets,1,2021-02-08,,Employed,Active,Agrees with dates,,,No
2958,Production Technician I,M2498,PL,Production,People Services,Administration,Contract,Full-Time,Zone C,MA,Male,Black,55+,4,3-5 years,3,3.179,Fully Meets,4,2020-06-01,,Employed,Active,Agrees with dates,,,No
2959,Production Technician I,M2499,BPC,Production,Aerial,Lineman,Part-Time,Temporary,Zone A,MA,Male,Hispanic,55+,4,Under 1 year,0,0.016,Fully Meets,2,2022-10-26,2022-11-01,Left,Terminated for Cause,Agrees with dates,Resignation,Voluntary,Yes
2960,Production Technician I,M2500,CCDR,Production,General - Con,Technician,Full-Time,Part-Time,Zone C,MA,Female,White,45-54,3,3-5 years,3,4.175,Fully Meets,2,2019-02-12,2023-04-17,Left,Active,Contradicts dates,Resignation,Voluntary,No
2961,Production Technician I,M2501,SVG,Production,Field Operations,Laborer,Full-Time,Full-Time,Zone A,MA,Female,Asian,45-54,3,Under 1 year,0,0.756,Fully Meets,2,2022-10-19,2023-07-22,Left,Active,Contradicts dates,Voluntary,Voluntary,Yes
2962,Production Technician I,M2502,EW,Production,Engineers,Technician,Full-Time,Full-Time,Zone A,MA,Female,Hispanic,35-44,2,3-5 years,3,3.65,Fully Meets,1,2019-12-12,,Employed,Active,Agrees with dates,,,No
2963,Production Technician I,M2503,MSC,Production,Field Operations,Driver,Full-Time,Full-Time,Zone B,MA,Male,Other,45-54,3,1-2 years,1,1.684,Fully Meets,2,2021-11-29,,Employed,Active,Agrees with dates,,,No
2964,Production Technician I,M2504,TNS,Production,Field Operations,Driller,Part-Time,Full-Time,Zone B,MA,Female,Other,55+,4,2-3 years,2,2.226,Fully Meets,2,2021-05-15,,Employed,Active,Agrees with dates,,,No
2965,Production Technician I,M2505,PYZ,Production,Field Operations,Driller,Contract,Temporary,Zone B,MA,Female,Hispanic,55+,4,Under 1 year,0,0.271,Fully Meets,1,2023-01-27,2023-05-06,Left,Active,Contradicts dates,Involuntary,Involuntary,Yes
2966,Production Technician I,M2506,WBL,Production,Aerial,Laborer,Full-Time,Temporary,Zone A,MA,Male,White,55+,4,2-3 years,2,2.995,Fully Meets,4,2020-07-03,2023-07-02,Left,Active,Contradicts dates,Voluntary,Voluntary,No
2967,Production Technician I,M2507,NEL,Production,Field Operations,Administrator,Full-Time,Part-Time,Zone A,MA,Female,Other,35-44,2,Under 1 year,0,0.496,Fully Meets,4,2022-12-26,2023-06-25,Left,Active,Contradicts dates,Retirement,Retirement,Yes
2968,Production Technician I,M2508,CCDR,Production,General - Con,Technician,Part-Time,Temporary,Zone B,MA,Female,Black,35-44,2,3-5 years,3,4.619,Fully Meets,4,2018-12-23,,Employed,Active,Agrees with dates,,,No
2969,Production Technician II,M2509,WBL,Production,General - Con,Laborer,Contract,Part-Time,Zone A,MA,Female,Hispanic,35-44,2,1-2 years,1,1.049,Fully Meets,2,2020-09-28,2021-10-16,Left,Voluntarily Terminated,Agrees with dates,Voluntary,Voluntary,No
2970,Production Technician I,M2510,MSC,Production,General - Con,Clerk,Full-Time,Temporary,Zone B,MA,Female,Hispanic,35-44,2,Under 1 year,0,0.983,Fully Meets,5,2020-09-16,2021-09-10,Left,Active,Contradicts dates,Voluntary,Voluntary,Yes
2971,Production Technician II,M2511,TNS,Production,Aerial,Splicer,Contract,Temporary,Zone C,MA,Female,White,25-34,1,1-2 years,1,1.092,Fully Meets,1,2020-02-09,2021-03-14,Left,Active,Contradicts dates,Involuntary,Involuntary,No
2972,Production Technician I,M2512,TNS,Production,General - Con,Laborer,Full-Time,Part-Time,Zone B,MA,Female,Other,55+,4,Under 1 year,0,0.476,Fully Meets,1,2023-02-13,,Employed,Active,Agrees with dates,,,No
2973,Production Technician I,M2513,SVG,Production,General - Con,Flagger,Part-Time,Part-Time,Zone C,MA,Female,Other,55+,4,3-5 years,3,3.68,Fully Meets,5,2019-12-01,,Employed,Active,Agrees with dates,,,No
2974,Production Technician I,M2514,SVG,Production,Field Operations,Laborer,Full-Time,Part-Time,Zone C,MA,Female,Black,55+,4,Under 1 year,0,0.753,Fully Meets,5,2022-11-04,,Employed,Active,Agrees with dates,,,No
2975,Production Technician I,M2515,WBL,Production,Billable Consultants,Engineer,Full-Time,Temporary,Zone A,MA,Male,Asian,55+,4,1-2 years,1,1.188,Fully Meets,4,2021-04-14,2022-06-22,Left,Active,Contradicts dates,Voluntary,Voluntary,No
2976,Production Technician I,M2516,TNS,Production,Field Operations,Laborer,Full-Time,Temporary,Zone A,MA,Male,Hispanic,25-34,1,Under 1 year,0,0.164,Fully Meets,1,2021-08-13,2021-10-12,Left,Leave of Absence,Contradicts dates,Involuntary,Involuntary,Yes
2977,Production Technician II,M2517,NEL,Production,Yard (Material Handling),Supervisor,Part-Time,Temporary,Zone A,MA,Male,Black,35-44,2,2-3 years,2,2.938,Fully Meets,2,2020-08-28,,Employed,Active,Agrees with dates,,,No
2978,Production Technician I,M2518,CCDR,Production,Yard (Material Handling),Supervisor,Full-Time,Part-Time,Zone C,MA,Male,Hispanic,35-44,2,Under 1 year,0,0.972,Fully Meets,4,2022-08-16,,Employed,Active,Agrees with dates,,,No
2979,Production Technician I,M2519,PL,Production,Field Operations,Laborer,Full-Time,Temporary,Zone A,MA,Female,Other,Under 25,0,1-2 years,1,1.44,Fully Meets,2,2022-02-26,,Employed,Active,Agrees with dates,,,No
2980,Production Technician I,M2520,SVG,Production,General - Con,Technician,Part-Time,Temporary,Zone A,MA,Female,Hispanic,55+,4,3-5 years,3,3.6,Fully Meets,2,2019-12-30,,Employed,Active,Agrees with dates,,,No
2981,Production Technician I,M2521,TNS,Production,Aerial,Foreman,Part-Time,Full-Time,Zone B,MA,Female,Black,35-44,2,Under 1 year,0,0.619,Fully Meets,1,2022-07-23,2023-03-06,Left,Active,Contradicts dates,Voluntary,Voluntary,Yes
2982,Production Technician II,M2522,WBL,Production,Field Operations,Technician,Full-Time,Temporary,Zone B,MA,Female,Other,55+,4,3-5 years,3,4.81,Fully Meets,2,2018-10-14,,Employed,Active,Agrees with dates,,,No
2983,Production Technician II,M2523,PL,Production,Splicing,Lineman,Full-Time,Temporary,Zone C,MA,Male,Hispanic,55+,4,2-3 years,2,2.456,Fully Meets,2,2021-02-20,,Employed,Active,Agrees with dates,,,No
2984,Production Technician II,M2524,PYZ,Production,Engineers,Engineer,Contract,Temporary,Zone B,MA,Female,Black,45-54,3,Under 1 year,0,0.652,Fully Meets,5,2020-03-28,2020-11-21,Left,Active,Contradicts dates,Voluntary,Voluntary,Yes
2985,Production Technician I,M2525,SVG,Production,General - Sga,Supervisor,Contract,Part-Time,Zone A,MA,Male,Hispanic,45-54,3,1-2 years,1,1.426,Fully Meets,1,2019-02-05,2020-07-10,Left,Active,Contradicts dates,Retirement,Retirement,No
2986,Production Technician I,M2526,NEL,Production,General - Eng,Coordinator,Full-Time,Temporary,Zone B,MA,Female,Asian,45-54,3,Under 1 year,0,0.298,Fully Meets,1,2023-04-19,,Employed,Active,Agrees with dates,,,No
2987,Production Technician I,M2527,TNS,Production,Shop (Fleet),Welder,Contract,Full-Time,Zone B,MA,Male,Other,55+,4,2-3 years,2,2.864,Fully Meets,4,2020-09-24,,Employed,Active,Agrees with dates,,,No
2988,Production Technician I,M2528,MSC,Production,General - Con,Lineman,Full-Time,Part-Time,Zone A,MA,Male,Hispanic,45-54,3,2-3 years,2,2.168,Fully Meets,1,2020-11-14,2023-01-15,Left,Active,Contradicts dates,Resignation,Voluntary,No
2989,Production Technician I,M2529,TNS,Production,Engineers,Project Manager,Contract,Temporary,Zone B,MA,Female,Hispanic,55+,4,1-2 years,1,1.886,Fully Meets,4,2021-09-16,,Employed,Active,Agrees with dates,,,No
2990,Production Technician I,M2530,PYZ,Production,General - Con,Laborer,Full-Time,Part-Time,Zone C,MA,Female,White,Under 25,0,3-5 years,3,4.293,Fully Meets,2,2019-04-21,,Employed,Active,Agrees with dates,,,No
2991,Production Technician I,M2531,WBL,Production,General - Con,Technician,Contract,Full-Time,Zone A,MA,Female,White,Under 25,0,3-5 years,3,3.398,Exceeds,2,2020-03-13,,Employed,Active,Agrees with dates,,,No
2992,Production Technician I,M2532,NEL,Production,Field Operations,Laborer,Full-Time,Part-Time,Zone A,MA,Female,Asian,45-54,3,1-2 years,1,1.01,Fully Meets,4,2022-04-16,2023-04-20,Left,Active,Contradicts dates,Resignation,Voluntary,No
2993,Production Technician I,M2533,PL,Production,General - Con,Technician,Full-Time,Full-Time,Zone A,MA,Male,White,55+,4,3-5 years,3,3.685,Fully Meets,4,2019-03-18,2022-11-23,Left,Active,Contradicts dates,Involuntary,Involuntary,No
2994,Production Technician I,M2534,BPC,Production,Engineers,Engineer,Part-Time,Temporary,Zone B,MA,Male,Other,55+,4,1-2 years,1,1.462,Fully Meets,4,2022-02-18,,Employed,Active,Agrees with dates,,,No
2995,Production Technician I,M2535,CCDR,Production,General - Con,Technician,Full-Time,Full-Time,Zone A,MA,Male,Other,55+,4,Under 1 year,0,0.238,Needs Improvement,4,2018-09-03,2018-11-29,Left,Active,Contradicts dates,Resignation,Voluntary,Yes
2996,Production Technician I,M2536,SVG,Production,General - Con,Locator,Contract,Temporary,Zone B,MA,Female,Other,25-34,1,Under 1 year,0,0.17,Fully Meets,4,2022-06-15,2022-08-16,Left,Active,Contradicts dates,Involuntary,Involuntary,Yes
2997,Production Technician I,M2537,EW,Production,General - Con,Operator,Contract,Part-Time,Zone B,MA,Female,Other,35-44,2,1-2 years,1,1.473,Fully Meets,2,2022-02-14,,Employed,Active,Agrees with dates,,,No
2998,Production Technician I,M2538,MSC,Production,General - Con,Groundman,Contract,Part-Time,Zone C,MA,Male,White,55+,4,Under 1 year,0,0.077,Needs Improvement,1,2023-07-09,,Employed,Active,Agrees with dates,,,No
2999,Production Technician I,M2539,TNS,Production,Field Operations,Project Manager,Contract,Part-Time,Zone B,MA,Male,Asian,45-54,3,Under 1 year,0,0.767,Fully Meets,2,2018-10-28,2019-08-04,Left,Active,Contradicts dates,Voluntary,Voluntary,Yes
3000,Production Technician I,M2540,PYZ,Production,Isp,Technician,Contract,Full-Time,Zone B,MA,Male,Other,45-54,3,1-2 years,1,1.076,Fully Meets,1,2022-07-09,,Employed,Active,Agrees with dates,,,No
3001,Production Technician I,M2541,WBL,Production,General - Con,Laborer,Full-Time,Part-Time,Zone C,MA,Male,Asian,55+,4,3-5 years,3,4.208,Fully Meets,5,2018-09-27,2022-12-12,Left,Active,Contradicts dates,Retirement,Retirement,No
3002,Production Technician II,M2542,BPC,Production,General - Con,Laborer,Full-Time,Part-Time,Zone A,MA,Female,White,25-34,1,2-3 years,2,2.773,Fully Meets,2,2020-10-27,,Employed,Active,Agrees with dates,,,No
3003,Production Technician II,M2543,CCDR,Production,Field Operations,Groundman,Full-Time,Part-Time,Zone A,MA,Female,Other,25-34,1,1-2 years,1,1.845,Fully Meets,5,2021-10-01,,Employed,Active,Agrees with dates,,,No
3004,Production Technician II,M2544,EW,Production,General - Con,Laborer,Full-Time,Full-Time,Zone B,MA,Female,Asian,25-34,1,2-3 years,2,2.806,Fully Meets,5,2019-08-29,2022-06-19,Left,Active,Contradicts dates,Retirement,Retirement,No
3005,Production Technician II,M2545,MSC,Production,General - Con,Technician,Contract,Part-Time,Zone C,MA,Female,Hispanic,55+,4,2-3 years,2,2.601,Fully Meets,2,2020-12-29,,Employed,Active,Agrees with dates,,,No
3006,Production Technician II,M2546,NEL,Production,Field Operations,Laborer,Part-Time,Full-Time,Zone C,MA,Female,Asian,55+,4,Under 1 year,0,0.838,Fully Meets,1,2022-10-04,,Employed,Active,Agrees with dates,,,No
3007,Production Technician II,M2547,PL,Production,General - Con,Technician,Part-Time,Full-Time,Zone A,MA,Female,Black,55+,4,3-5 years,3,3.515,Fully Meets,2,2019-03-21,2022-09-25,Left,Active,Contradicts dates,Resignation,Voluntary,No
3008,Production Technician II,M2548,PYZ,Production,General - Sga,Construction Manager,Full-Time,Full-Time,Zone A,MA,Female,Black,45-54,3,1-2 years,1,1.733,Fully Meets,4,2020-04-03,2021-12-27,Left,Active,Contradicts dates,Involuntary,Involuntary,No
3009,Production Technician I,M2549,EW,Production,Billable Consultants,Engineer,Part-Time,Part-Time,Zone C,MA,Male,White,25-34,1,2-3 years,2,2.116,Fully Meets,2,2019-06-02,2021-07-14,Left,Active,Contradicts dates,Resignation,Voluntary,No
3010,Production Technician I,M2550,MSC,Production,General - Con,Flagger,Part-Time,Temporary,Zone C,MA,Male,Other,55+,4,1-2 years,1,1.265,Fully Meets,1,2019-05-31,2020-09-04,Left,Leave of Absence,Contradicts dates,Retirement,Retirement,No
3011,Production Technician I,M2551,TNS,Production,Engineers,Engineer,Part-Time,Full-Time,Zone A,MA,Female,Hispanic,55+,4,Under 1 year,0,0.326,Fully Meets,5,2020-01-06,2020-05-04,Left,Leave of Absence,Contradicts dates,Involuntary,Involuntary,Yes
3012,Production Technician I,M2552,BPC,Production,General - Sga,Manager,Contract,Temporary,Zone A,MA,Female,Asian,55+,4,2-3 years,2,2.502,Exceeds,1,2018-08-19,2021-02-18,Left,Leave of Absence,Contradicts dates,Retirement,Retirement,No
3013,Production Technician I,M2553,CCDR,Production,Splicing,Splicer,Full-Time,Full-Time,Zone C,MA,Female,Asian,35-44,2,3-5 years,3,4.219,PIP,1,2019-05-18,,Employed,Active,Agrees with dates,,,No
3014,Production Technician I,M2554,EW,Production,Field Operations,Flagger,Contract,Temporary,Zone B,MA,Male,Hispanic,55+,4,Under 1 year,0,0.044,PIP,2,2022-11-23,2022-12-09,Left,Active,Contradicts dates,Resignation,Voluntary,Yes
3015,Production Technician I,M2555,MSC,Production,General - Sga,Clerk,Part-Time,Part-Time,Zone C,MA,Male,Hispanic,45-54,3,2-3 years,2,2.675,PIP,2,2020-12-02,,Employed,Active,Agrees with dates,,,No
3016,Production Technician I,M2556,NEL,Production,Finance & Accounting,Accounting,Part-Time,Part-Time,Zone A,MA,Male,Black,Under 25,0,1-2 years,1,1.582,PIP,4,2022-01-05,,Employed,Active,Agrees with dates,,,No
3017,Production Technician I,M2557,PL,Production,Field Operations,Laborer,Full-Time,Full-Time,Zone B,MA,Female,Other,25-34,1,Under 1 year,0,0.301,PIP,5,2023-04-16,2023-08-04,Left,Active,Contradicts dates,Voluntary,Voluntary,Yes
3018,Production Technician I,M1374,PYZ,Production,Project Management - Con,Manager,Contract,Part-Time,Zone C,MA,Female,Black,45-54,3,2-3 years,2,2.7,PIP,2,2020-10-10,2023-06-23,Left,Active,Contradicts dates,Retirement,Retirement,No
3019,Production Technician I,M2558,SVG,Production,Finance & Accounting,Administrative,Contract,Full-Time,Zone B,MA,Female,Asian,35-44,2,1-2 years,1,1.218,PIP,2,2022-04-15,2023-07-04,Left,Active,Contradicts dates,Voluntary,Voluntary,No
3020,Production Technician I,M2559,TNS,Production,General - Con,Technician,Part-Time,Part-Time,Zone C,MA,Male,Black,55+,4,Under 1 year,0,0.033,PIP,2,2023-07-25,,Employed,Active,Agrees with dates,,,No
3021,Production Technician I,M2560,WBL,Production,Wireline Construction,Administrative,Contract,Temporary,Zone A,MA,Male,Other,35-44,2,2-3 years,2,2.93,PIP,2,2020-08-31,,Employed,Active,Agrees with dates,,,No
3022,Production Technician I,M2561,BPC,Production,Splicing,Laborer,Full-Time,Full-Time,Zone C,MA,Male,Other,45-54,3,1-2 years,1,1.602,PIP,1,2018-10-10,2020-05-17,Left,Active,Contradicts dates,Retirement,Retirement,No
3023,Production Technician II,M2562,TNS,Production,General - Con,Technician,Contract,Part-Time,Zone B,MA,Female,Black,55+,4,2-3 years,2,2.215,PIP,2,2019-01-15,2021-04-03,Left,Voluntarily Terminated,Agrees with dates,Retirement,Retirement,No
3024,Production Technician II,M2563,BPC,Production,Project Management - Con,Supervisor,Contract,Full-Time,Zone A,MA,Female,Hispanic,55+,4,1-2 years,1,1.61,Fully Meets,2,2021-12-26,,Employed,Active,Agrees with dates,,,No
3025,Production Technician II,M2564,CCDR,Production,Project Management - Con,Technician,Contract,Temporary,Zone C,MA,Female,Black,Under 25,0,1-2 years,1,1.205,Fully Meets,1,2022-05-23,,Employed,Active,Agrees with dates,,,No
3026,Production Technician II,M2565,EW,Production,Project Management - Con,Lineman,Contract,Part-Time,Zone C,MA,Female,Asian,55+,4,Under 1 year,0,0.953,Fully Meets,2,2022-08-23,,Employed,Active,Agrees with dates,,,No
3027,Production Technician II,M2566,MSC,Production,General - Eng,Administrative,Part-Time,Full-Time,Zone A,MA,Female,White,55+,4,Under 1 year,0,0.17,Fully Meets,5,2023-05-27,2023-07-28,Left,Active,Contradicts dates,Voluntary,Voluntary,Yes
3028,Production Technician II,M2567,NEL,Production,Engineers,Engineer,Contract,Temporary,Zone B,MA,Female,Asian,Under 25,0,2-3 years,2,2.957,Fully Meets,2,2018-08-10,2021-07-25,Left,Voluntarily Terminated,Agrees with dates,Resignation,Voluntary,No
3029,Production Technician II,M2568,PL,Production,Finance & Accounting,Clerk,Contract,Full-Time,Zone C,MA,Female,Asian,55+,4,1-2 years,1,1.279,Fully Meets,4,2021-10-24,2023-02-03,Left,Active,Contradicts dates,Voluntary,Voluntary,No
3030,Production Technician II,M2569,PYZ,Production,Wireline Construction,Laborer,Full-Time,Part-Time,Zone C,MA,Female,White,55+,4,Under 1 year,0,0.498,Fully Meets,1,2022-07-05,2023-01-03,Left,Active,Contradicts dates,Voluntary,Voluntary,Yes
3031,Production Technician I,M1428,SVG,Production,Project Management - Con,Supervisor,Contract,Temporary,Zone B,MA,Male,Asian,55+,4,1-2 years,1,1.109,Fully Meets,1,2022-01-22,2023-03-03,Left,Active,Contradicts dates,Resignation,Voluntary,No
3032,Production Technician I,M2570,EW,Production,General - Con,Supervisor,Part-Time,Full-Time,Zone A,MA,Male,Asian,55+,4,Under 1 year,0,0.323,Fully Meets,2,2023-03-27,2023-07-23,Left,Leave of Absence,Contradicts dates,Voluntary,Voluntary,Yes
3033,Production Technician I,M2571,MSC,Production,Engineers,Field Project Manager,Contract,Part-Time,Zone C,MA,Male,White,55+,4,2-3 years,2,2.535,Fully Meets,2,2019-08-26,2022-03-09,Left,Leave of Absence,Contradicts dates,Voluntary,Voluntary,No
3034,Production Technician I,M2572,TNS,Production,Field Operations,Foreman,Full-Time,Temporary,Zone B,MA,Female,White,55+,4,1-2 years,1,1.804,Fully Meets,2,2021-10-16,,Employed,Active,Agrees with dates,,,No
3035,Production Technician I,M2573,PYZ,Production,Engineers,Director,Contract,Temporary,Zone C,MA,Female,Other,55+,4,3-5 years,3,4.145,Fully Meets,1,2019-06-14,,Employed,Active,Agrees with dates,,,No
3036,Production Technician I,M2574,WBL,Production,Technology / It,Administrator,Full-Time,Temporary,Zone B,MA,Female,White,55+,4,3-5 years,3,3.086,Fully Meets,2,2020-07-05,,Employed,Active,Agrees with dates,,,No
3037,Production Technician I,M2575,NEL,Production,Field Operations,Director,Full-Time,Full-Time,Zone C,MA,Male,Asian,25-34,1,3-5 years,3,3.428,Fully Meets,4,2020-03-02,,Employed,Active,Agrees with dates,,,No
3038,Production Technician I,M2576,PL,Production,Field Operations,Laborer,Part-Time,Temporary,Zone B,MA,Male,White,55+,4,Under 1 year,0,0.46,Fully Meets,2,2020-11-11,2021-04-28,Left,Active,Contradicts dates,Involuntary,Involuntary,Yes
3039,Production Technician I,M2577,BPC,Production,Project Management - Con,Supervisor,Contract,Temporary,Zone B,MA,Female,Other,55+,4,3-5 years,3,3.622,Fully Meets,5,2019-12-22,,Employed,Active,Agrees with dates,,,No
3040,Production Technician I,M2578,CCDR,Production,Field Operations,Groundman,Full-Time,Full-Time,Zone A,MA,Female,White,35-44,2,2-3 years,2,2.642,Fully Meets,5,2020-12-14,,Employed,Active,Agrees with dates,,,No
3041,Production Technician I,M2579,SVG,Production,General - Con,Laborer,Contract,Full-Time,Zone C,MA,Female,White,Under 25,0,3-5 years,3,3.127,Fully Meets,2,2020-06-20,,Employed,Active,Agrees with dates,,,No
3042,Production Technician I,M2580,EW,Production,Fielders,Engineer,Contract,Temporary,Zone B,MA,Female,White,55+,4,Under 1 year,0,0.09,Exceeds,4,2023-06-09,2023-07-12,Left,Active,Contradicts dates,Resignation,Voluntary,Yes
3043,Production Technician I,M2581,MSC,Production,Catv,Supervisor,Contract,Full-Time,Zone C,MA,Male,Black,55+,4,Under 1 year,0,0.862,Exceeds,2,2022-09-25,,Employed,Active,Agrees with dates,,,No
3044,Production Technician I,M2582,TNS,Production,General - Con,Laborer,Contract,Part-Time,Zone B,MA,Male,White,55+,4,Under 1 year,0,0.345,Exceeds,2,2020-08-26,2020-12-30,Left,Active,Contradicts dates,Retirement,Retirement,Yes
3045,Production Technician I,M2583,PYZ,Production,General - Eng,Engineer,Full-Time,Temporary,Zone C,MA,Male,Other,55+,4,3-5 years,3,3.94,Exceeds,2,2019-08-28,,Employed,Active,Agrees with dates,,,No
3046,Production Technician II,M2584,TNS,Production,Wireline Construction,Supervisor,Part-Time,Full-Time,Zone A,MA,Female,Other,35-44,2,Under 1 year,0,0.101,Exceeds,4,2023-06-02,2023-07-09,Left,Voluntarily Terminated,Agrees with dates,Resignation,Voluntary,Yes
3047,Production Technician II,M2585,PYZ,Production,Engineers,Administrative,Full-Time,Full-Time,Zone C,MA,Female,White,55+,4,3-5 years,3,4.898,Exceeds,5,2018-09-12,,Employed,Active,Agrees with dates,,,No
3048,Production Technician II,M2586,WBL,Production,Isp,Apprentice,Contract,Part-Time,Zone B,MA,Female,White,45-54,3,Under 1 year,0,0.06,Fully Meets,2,2023-07-15,,Employed,Active,Agrees with dates,,,No
3049,Production Technician II,M2587,NEL,Production,General - Con,Laborer,Part-Time,Temporary,Zone A,MA,Female,Asian,55+,4,Under 1 year,0,0.063,Fully Meets,4,2023-07-02,2023-07-25,Left,Active,Contradicts dates,Involuntary,Involuntary,Yes
3050,Production Technician II,M2588,PL,Production,Splicing,Splicer,Contract,Full-Time,Zone C,MA,Female,White,45-54,3,3-5 years,3,3.485,Fully Meets,4,2020-02-10,,Employed,Active,Agrees with dates,,,No
3051,Production Technician II,M2589,BPC,Production,Underground,Lineman,Contract,Temporary,Zone B,MA,Female,Asian,45-54,3,Under 1 year,0,0.676,Fully Meets,5,2021-08-27,2022-05-01,Left,Voluntarily Terminated,Agrees with dates,Voluntary,Voluntary,Yes
3052,Production Technician II,M2590,CCDR,Production,General - Sga,Project Coordinator,Full-Time,Full-Time,Zone A,MA,Female,White,55+,4,3-5 years,3,3.031,Fully Meets,5,2020-01-25,2023-02-05,Left,Active,Contradicts dates,Involuntary,Involuntary,No
3053,Production Technician II,M2591,SVG,Production,General - Con,Lineman,Part-Time,Full-Time,Zone A,MA,Female,Asian,55+,4,1-2 years,1,1.536,Fully Meets,2,2020-03-26,2021-10-08,Left,Active,Contradicts dates,Resignation,Voluntary,No
3054,Production Technician I,M2592,SVG,Production,Field Operations,Laborer,Contract,Full-Time,Zone C,MA,Male,White,55+,4,2-3 years,2,2.784,Fully Meets,1,2020-10-23,,Employed,Active,Agrees with dates,,,No
3055,Production Technician I,M2593,EW,Production,Field Operations,Technician,Part-Time,Part-Time,Zone A,MA,Male,Other,35-44,2,Under 1 year,0,0.945,Fully Meets,2,2020-12-27,2021-12-07,Left,Leave of Absence,Contradicts dates,Retirement,Retirement,Yes
3056,Production Technician I,M2098,MSC,Production,Wireless,Manager,Part-Time,Temporary,Zone A,MA,Female,Other,55+,4,1-2 years,1,1.125,Fully Meets,5,2022-06-21,,Employed,Active,Agrees with dates,,,No
3057,Production Technician I,M2594,TNS,Production,General - Con,Laborer,Full-Time,Temporary,Zone A,MA,Female,Black,35-44,2,Under 1 year,0,0.663,Fully Meets,4,2022-11-09,2023-07-09,Left,Leave of Absence,Contradicts dates,Retirement,Retirement,Yes
3058,Production Technician I,M2595,PYZ,Production,Yard (Material Handling),Coordinator,Part-Time,Temporary,Zone A,MA,Male,Asian,55+,4,1-2 years,1,1.465,Fully Meets,1,2019-02-11,2020-07-30,Left,Leave of Absence,Contradicts dates,Involuntary,Involuntary,No
3059,Production Technician I,M2596,WBL,Production,Project Management - Con,Coordinator,Part-Time,Temporary,Zone A,MA,Female,White,45-54,3,2-3 years,2,2.357,Fully Meets,1,2021-03-28,,Employed,Active,Agrees with dates,,,No
3060,Production Technician I,M2597,NEL,Production,Yard (Material Handling),Coordinator,Part-Time,Part-Time,Zone A,MA,Male,Asian,55+,4,2-3 years,2,2.935,Fully Meets,2,2020-08-29,,Employed,Active,Agrees with dates,,,No
3061,Production Technician I,M2598,PL,Production,Wireline Construction,Foreman,Part-Time,Full-Time,Zone C,MA,Male,Other,55+,4,Under 1 year,0,0.586,Fully Meets,4,2023-01-03,2023-08-05,Left,Active,Contradicts dates,Resignation,Voluntary,Yes
3062,Production Technician I,M2599,BPC,Production,General - Con,Supervisor,Part-Time,Temporary,Zone A,MA,Female,Asian,35-44,2,Under 1 year,0,0.687,Fully Meets,1,2022-11-28,,Employed,Active,Agrees with dates,,,No
3063,Production Technician I,M2600,CCDR,Production,Field Operations,Supervisor,Contract,Part-Time,Zone B,MA,Female,Other,35-44,2,1-2 years,1,1.613,Fully Meets,5,2021-12-22,2023-08-03,Left,Active,Contradicts dates,Voluntary,Voluntary,No
3064,Production Technician I,M2601,SVG,Production,Field Operations,Laborer,Contract,Full-Time,Zone A,MA,Female,Other,55+,4,Under 1 year,0,0.079,Fully Meets,4,2023-07-08,,Employed,Active,Agrees with dates,,,No
3065,Production Technician I,M232,EW,Production,Field Operations,Tower Hand,Part-Time,Temporary,Zone A,MA,Female,Black,45-54,3,Under 1 year,0,0.419,Fully Meets,4,2021-04-21,2021-09-21,Left,Active,Contradicts dates,Resignation,Voluntary,Yes
3066,Production Technician I,M2602,MSC,Production,Field Operations,Operator,Full-Time,Full-Time,Zone B,MA,Male,Hispanic,55+,4,Under 1 year,0,0.23,Fully Meets,1,2022-07-28,2022-10-20,Left,Active,Contradicts dates,Retirement,Retirement,Yes
3067,Production Technician I,M2603,TNS,Production,Field Operations,Technician,Part-Time,Part-Time,Zone B,MA,Male,Hispanic,35-44,2,3-5 years,3,3.751,Fully Meets,4,2019-11-05,,Employed,Active,Agrees with dates,,,No
3068,Production Technician I,M2604,PYZ,Production,Finance & Accounting,Assistant,Full-Time,Temporary,Zone A,MA,Male,Asian,55+,4,Under 1 year,0,0.548,Fully Meets,5,2022-05-22,2022-12-08,Left,Terminated for Cause,Agrees with dates,Resignation,Voluntary,Yes
3069,Production Technician II,M2605,WBL,Production,General - Con,Clerk,Full-Time,Temporary,Zone A,MA,Female,White,Under 25,0,2-3 years,2,2.125,Fully Meets,4,2019-10-19,2021-12-03,Left,Active,Contradicts dates,Involuntary,Involuntary,No
3070,Production Technician II,M2606,BPC,Production,Wireline Construction,Laborer,Full-Time,Temporary,Zone C,MA,Female,White,45-54,3,1-2 years,1,1.58,Fully Meets,1,2019-12-25,2021-07-24,Left,Active,Contradicts dates,Involuntary,Involuntary,No
3071,Production Technician II,M2607,CCDR,Production,General - Con,Lineman,Full-Time,Part-Time,Zone B,MA,Female,Black,55+,4,Under 1 year,0,0.06,Fully Meets,2,2022-11-04,2022-11-26,Left,Active,Contradicts dates,Voluntary,Voluntary,Yes
3072,Production Technician II,M2608,EW,Production,Wireless,Foreman,Full-Time,Part-Time,Zone B,MA,Female,Asian,35-44,2,Under 1 year,0,0.093,Fully Meets,1,2023-04-26,2023-05-30,Left,Active,Contradicts dates,Involuntary,Involuntary,Yes
3073,Production Technician II,M2609,MSC,Production,General - Con,Laborer,Contract,Part-Time,Zone A,MA,Female,Black,35-44,2,Under 1 year,0,0.553,Fully Meets,4,2022-10-26,2023-05-16,Left,Voluntarily Terminated,Agrees with dates,Retirement,Retirement,Yes
3074,Production Technician II,M2610,NEL,Production,Splicing,Splicer,Contract,Full-Time,Zone A,MA,Female,Hispanic,55+,4,1-2 years,1,1.952,Fully Meets,1,2020-07-14,2022-06-27,Left,Voluntarily Terminated,Agrees with dates,Resignation,Voluntary,No
3075,Production Technician II,M2611,PL,Production,Fielders,Engineer,Full-Time,Part-Time,Zone B,MA,Female,Other,45-54,3,Under 1 year,0,0.402,Fully Meets,5,2023-03-12,,Employed,Active,Agrees with dates,,,No
3076,Production Technician II,M2612,PYZ,Production,General - Con,Foreman,Part-Time,Full-Time,Zone C,MA,Male,White,25-34,1,Under 1 year,0,0.279,Fully Meets,5,2023-04-26,,Employed,Active,Agrees with dates,,,No
3077,Production Technician I,M2613,CCDR,Production,General - Con,Clerk,Contract,Temporary,Zone A,MA,Male,Hispanic,55+,4,Under 1 year,0,0.734,Fully Meets,1,2022-09-17,2023-06-12,Left,Active,Contradicts dates,Involuntary,Involuntary,Yes
3078,Production Technician I,M2614,SVG,Production,General - Con,Foreman,Contract,Part-Time,Zone B,MA,Male,Black,55+,4,2-3 years,2,2.226,Fully Meets,1,2021-01-08,2023-04-01,Left,Active,Contradicts dates,Voluntary,Voluntary,No
3079,Production Technician I,M717,EW,Production,Aerial,Engineer,Part-Time,Part-Time,Zone B,MA,Female,Black,45-54,3,1-2 years,1,1.744,Fully Meets,4,2020-12-18,2022-09-16,Left,Leave of Absence,Contradicts dates,Retirement,Retirement,No
3080,Production Technician I,M2615,MSC,Production,General - Con,Lineman,Contract,Part-Time,Zone B,MA,Female,Hispanic,Under 25,0,2-3 years,2,2.193,Fully Meets,2,2020-09-12,2022-11-22,Left,Leave of Absence,Contradicts dates,Voluntary,Voluntary,No
3081,Production Technician I,M2616,TNS,Production,Finance & Accounting,Controller,Part-Time,Part-Time,Zone C,MA,Male,White,35-44,2,2-3 years,2,2.793,Fully Meets,2,2020-10-20,,Employed,Active,Agrees with dates,,,No
3082,Production Technician I,M2617,PYZ,Production,Field Operations,Manager,Part-Time,Part-Time,Zone A,MA,Female,Other,25-34,1,Under 1 year,0,0.715,Fully Meets,1,2022-11-18,,Employed,Active,Agrees with dates,,,No
3083,Production Technician I,M2618,WBL,Production,Aerial,Laborer,Contract,Full-Time,Zone C,MA,Male,Asian,55+,4,Under 1 year,0,0.559,Fully Meets,2,2023-01-14,,Employed,Active,Agrees with dates,,,No
3084,Production Technician I,M2619,NEL,Production,General - Con,Clerk,Part-Time,Temporary,Zone A,MA,Male,Black,25-34,1,1-2 years,1,1.613,Fully Meets,4,2020-10-27,2022-06-08,Left,Active,Contradicts dates,Voluntary,Voluntary,No
3085,Production Technician I,M2620,PL,Production,Field Operations,Operator,Full-Time,Full-Time,Zone C,MA,Female,Asian,55+,4,2-3 years,2,2.935,Fully Meets,2,2020-08-29,,Employed,Active,Agrees with dates,,,No
3086,Production Technician I,M2621,BPC,Production,Aerial,Foreman,Part-Time,Temporary,Zone B,MA,Female,Asian,35-44,2,3-5 years,3,3.617,Fully Meets,1,2019-12-23,2023-08-05,Left,Active,Contradicts dates,Retirement,Retirement,No
3087,Production Technician I,M2622,CCDR,Production,Project Management - Con,Coordinator,Contract,Part-Time,Zone B,MA,Female,Black,55+,4,Under 1 year,0,0.093,Fully Meets,4,2023-07-03,,Employed,Active,Agrees with dates,,,No
3088,Production Technician I,M2623,SVG,Production,Field Operations,Technician,Part-Time,Part-Time,Zone B,MA,Female,Other,55+,4,Under 1 year,0,0.86,Fully Meets,5,2022-09-26,,Employed,Active,Agrees with dates,,,No
3089,Production Technician I,M2624,EW,Production,Field Operations,Laborer,Contract,Temporary,Zone A,MA,Female,Black,55+,4,3-5 years,3,3.209,Fully Meets,4,2020-05-09,2023-07-25,Left,Active,Contradicts dates,Voluntary,Voluntary,No
3090,Production Technician I,M2625,MSC,Production,Field Operations,Foreman,Part-Time,Part-Time,Zone B,MA,Male,Black,55+,4,Under 1 year,0,0.413,Fully Meets,5,2023-03-08,,Employed,Active,Agrees with dates,,,No
3091,Production Technician I,M2626,TNS,Production,Billable Consultants,Technician,Contract,Part-Time,Zone B,MA,Male,White,55+,4,1-2 years,1,1.509,Fully Meets,5,2019-02-27,2020-08-31,Left,Terminated for Cause,Agrees with dates,Involuntary,Involuntary,No
3092,Production Technician II,M2627,TNS,Production,Field Operations,Lineman,Contract,Full-Time,Zone A,MA,Female,Other,35-44,2,3-5 years,3,3.496,Fully Meets,2,2020-01-12,2023-07-12,Left,Active,Contradicts dates,Voluntary,Voluntary,No
3093,Production Technician II,M2628,PYZ,Production,Splicing,Labor,Full-Time,Full-Time,Zone B,MA,Female,Asian,45-54,3,1-2 years,1,1.536,Fully Meets,2,2019-06-29,2021-01-10,Left,Active,Contradicts dates,Voluntary,Voluntary,No
3094,Production Technician II,M2629,WBL,Production,Engineers,Engineer,Contract,Full-Time,Zone C,MA,Female,Other,55+,4,Under 1 year,0,0.208,Fully Meets,1,2021-07-15,2021-09-29,Left,Active,Contradicts dates,Voluntary,Voluntary,Yes
3095,Production Technician II,M2630,NEL,Production,Field Operations,Administrative,Contract,Part-Time,Zone A,MA,Female,Other,55+,4,Under 1 year,0,0.964,Fully Meets,4,2022-08-19,,Employed,Active,Agrees with dates,,,No
3096,Production Technician II,M2631,PL,Production,Engineers,Technician,Contract,Part-Time,Zone B,MA,Female,Hispanic,45-54,3,3-5 years,3,3.543,Fully Meets,5,2019-09-23,2023-04-09,Left,Voluntarily Terminated,Agrees with dates,Involuntary,Involuntary,No
3097,Production Technician II,M2632,BPC,Production,Project Management - Con,Administrator,Part-Time,Temporary,Zone C,MA,Female,White,55+,4,Under 1 year,0,0.238,Fully Meets,4,2020-10-11,2021-01-06,Left,Voluntarily Terminated,Agrees with dates,Retirement,Retirement,Yes
3098,Production Technician II,M2633,CCDR,Production,Fielders,Technician,Full-Time,Full-Time,Zone A,MA,Male,Black,55+,4,1-2 years,1,1.966,Fully Meets,4,2021-08-18,,Employed,Active,Agrees with dates,,,No
3099,Production Technician I,M2634,CCDR,Production,Fielders,Engineer,Full-Time,Temporary,Zone A,MA,Male,Black,55+,4,Under 1 year,0,0.635,Exceeds,4,2022-12-17,,Employed,Active,Agrees with dates,,,No
3100,Production Technician I,M2569,SVG,Production,General - Con,Laborer,Contract,Temporary,Zone B,MA,Female,White,55+,4,1-2 years,1,1.175,Fully Meets,5,2020-10-25,2021-12-28,Left,Active,Contradicts dates,Retirement,Retirement,No
3101,Production Technician I,M2635,EW,Production,General - Con,Technician,Full-Time,Full-Time,Zone B,MA,Female,Asian,55+,4,Under 1 year,0,0.534,Fully Meets,2,2023-01-23,,Employed,Active,Agrees with dates,,,No
3102,Production Technician I,M2636,MSC,Production,Field Operations,Laborer,Full-Time,Part-Time,Zone C,MA,Male,Black,25-34,1,3-5 years,3,3.387,Exceeds,2,2019-03-15,2022-08-03,Left,Leave of Absence,Contradicts dates,Resignation,Voluntary,No
3103,Production Technician I,M2637,TNS,Production,Field Operations,Supervisor,Full-Time,Part-Time,Zone A,MA,Male,Asian,55+,4,Under 1 year,0,0.047,Fully Meets,4,2023-07-06,2023-07-23,Left,Leave of Absence,Contradicts dates,Involuntary,Involuntary,Yes
3104,Production Technician I,M2638,PYZ,Production,General - Con,Technician,Contract,Part-Time,Zone C,MA,Female,Black,55+,4,1-2 years,1,1.188,Fully Meets,2,2022-05-29,,Employed,Active,Agrees with dates,,,No
3105,Production Technician I,M2639,WBL,Production,Fielders,Engineer,Full-Time,Temporary,Zone B,MA,Male,Black,55+,4,2-3 years,2,2.086,Fully Meets,1,2020-06-07,2022-07-09,Left,Active,Contradicts dates,Resignation,Voluntary,No
3106,Production Technician I,M2640,NEL,Production,Field Operations,Warehouse Manager,Part-Time,Temporary,Zone A,MA,Male,Hispanic,Under 25,0,3-5 years,3,3.376,Fully Meets,4,2020-03-21,,Employed,Active,Agrees with dates,,,No
3107,Production Technician I,M2641,PL,Production,Wireline Construction,Operator,Full-Time,Temporary,Zone A,MA,Female,Black,45-54,3,1-2 years,1,1.391,Fully Meets,4,2021-06-21,2022-11-11,Left,Active,Contradicts dates,Voluntary,Voluntary,No
3108,Production Technician I,M2642,BPC,Production,General - Con,Laborer,Full-Time,Temporary,Zone B,MA,Female,Hispanic,55+,4,Under 1 year,0,0.553,Fully Meets,2,2021-10-22,2022-05-12,Left,Active,Contradicts dates,Retirement,Retirement,Yes
3109,Production Technician I,M2643,CCDR,Production,Fielders,Engineer,Full-Time,Temporary,Zone A,MA,Female,White,Under 25,0,3-5 years,3,4.794,PIP,2,2018-10-20,,Employed,Active,Agrees with dates,,,No
3110,Production Technician I,M2644,SVG,Production,Wireline Construction,Apprentice,Contract,Full-Time,Zone C,MA,Female,Hispanic,55+,4,1-2 years,1,1.391,Fully Meets,2,2022-03-16,,Employed,Active,Agrees with dates,,,No
3111,Production Technician I,M2645,EW,Production,Field Operations,Technician,Part-Time,Temporary,Zone B,MA,Female,Other,55+,4,3-5 years,3,4.646,Fully Meets,1,2018-12-13,,Employed,Active,Agrees with dates,,,No
3112,Production Technician I,M2646,MSC,Production,Shop (Fleet),Mechanic,Part-Time,Full-Time,Zone B,MA,Male,Asian,55+,4,Under 1 year,0,0.841,Fully Meets,4,2021-10-08,2022-08-11,Left,Terminated for Cause,Agrees with dates,Involuntary,Involuntary,Yes
3113,Production Technician II,M2647,TNS,Production,Project Management - Con,Coordinator,Contract,Full-Time,Zone C,MA,Female,White,35-44,2,Under 1 year,0,0.159,Fully Meets,4,2019-02-03,2019-04-02,Left,Active,Contradicts dates,Voluntary,Voluntary,Yes
3114,Production Technician II,M2648,PYZ,Production,Isp,Technician,Contract,Full-Time,Zone C,MA,Female,Asian,55+,4,3-5 years,3,4.849,Fully Meets,2,2018-09-30,,Employed,Active,Agrees with dates,,,No
3115,Production Technician II,M2649,WBL,Production,Project Management - Con,Supervisor,Contract,Temporary,Zone A,MA,Female,Hispanic,55+,4,Under 1 year,0,0.099,Fully Meets,4,2021-07-12,2021-08-17,Left,Active,Contradicts dates,Voluntary,Voluntary,Yes
3116,Production Technician II,M2650,NEL,Production,Field Operations,Lineman,Part-Time,Temporary,Zone B,MA,Female,Hispanic,35-44,2,2-3 years,2,2.423,Fully Meets,5,2021-03-04,,Employed,Active,Agrees with dates,,,No
3117,Production Technician II,M2651,PL,Production,General - Sga,Lineman,Part-Time,Part-Time,Zone C,MA,Female,White,55+,4,3-5 years,3,3.775,Fully Meets,2,2019-10-27,,Employed,Active,Agrees with dates,,,No
3118,Production Technician II,M2652,BPC,Production,Catv,Technician,Part-Time,Full-Time,Zone A,MA,Female,Black,55+,4,1-2 years,1,1.878,Fully Meets,2,2019-01-28,2020-12-14,Left,Voluntarily Terminated,Agrees with dates,Voluntary,Voluntary,No
3119,Production Technician I,M2653,NEL,Production,General - Con,Laborer,Part-Time,Part-Time,Zone C,MA,Male,Other,25-34,1,2-3 years,2,2.568,Fully Meets,5,2021-01-10,,Employed,Active,Agrees with dates,,,No
3120,Production Technician I,M2654,PL,Production,Aerial,Lineman,Part-Time,Full-Time,Zone A,MA,Female,Asian,55+,4,1-2 years,1,1.572,Fully Meets,4,2021-08-05,2023-03-02,Left,Active,Contradicts dates,Resignation,Voluntary,No
3121,Production Technician I,M2655,PYZ,Production,Project Management - Con,Project Manager,Part-Time,Full-Time,Zone C,MA,Female,Black,55+,4,Under 1 year,0,0.315,Fully Meets,4,2022-11-07,2023-03-02,Left,Active,Contradicts dates,Retirement,Retirement,Yes
3122,Production Technician I,M2656,SVG,Production,Project Management - Con,Project Manager,Contract,Part-Time,Zone C,MA,Female,White,55+,4,Under 1 year,0,0.422,Fully Meets,5,2022-01-23,2022-06-26,Left,Leave of Absence,Contradicts dates,Voluntary,Voluntary,Yes
3123,Production Technician I,M2657,TNS,Production,Splicing,Project Manager,Full-Time,Part-Time,Zone C,MA,Male,Hispanic,55+,4,2-3 years,2,2.067,Fully Meets,4,2021-07-12,,Employed,Active,Agrees with dates,,,No
3124,Production Technician I,M2658,WBL,Production,Engineers,Technician,Full-Time,Part-Time,Zone B,MA,Female,White,25-34,1,2-3 years,2,2.831,Fully Meets,5,2019-01-05,2021-11-04,Left,Leave of Absence,Contradicts dates,Resignation,Voluntary,No
3125,Production Technician I,M2659,PYZ,Production,Aerial,Laborer,Part-Time,Part-Time,Zone C,MA,Male,Black,25-34,1,Under 1 year,0,0.953,Fully Meets,4,2020-04-07,2021-03-21,Left,Leave of Absence,Contradicts dates,Resignation,Voluntary,Yes
3126,Production Technician I,M2660,WBL,Production,Project Management - Con,Coordinator,Contract,Full-Time,Zone C,MA,Male,Black,45-54,3,1-2 years,1,1.276,Fully Meets,2,2022-04-27,,Employed,Active,Agrees with dates,,,No
3127,Production Technician I,M2661,NEL,Production,Project Management - Con,Supervisor,Part-Time,Part-Time,Zone A,MA,Male,White,25-34,1,Under 1 year,0,0.476,Fully Meets,2,2022-06-14,2022-12-05,Left,Active,Contradicts dates,Resignation,Voluntary,Yes
3128,Production Technician I,M2662,PL,Production,Field Operations,Technician,Part-Time,Temporary,Zone A,MA,Female,Black,45-54,3,3-5 years,3,4.561,Fully Meets,2,2019-01-13,,Employed,Active,Agrees with dates,,,No
3129,Production Technician I,M2663,BPC,Production,Underground,Laborer,Full-Time,Part-Time,Zone A,MA,Female,Black,35-44,2,3-5 years,3,4.126,Fully Meets,5,2019-06-21,,Employed,Active,Agrees with dates,,,No
3130,Production Technician I,M2664,CCDR,Production,Wireline Construction,Manager,Part-Time,Temporary,Zone A,MA,Female,Black,35-44,2,2-3 years,2,2.428,Fully Meets,5,2020-08-10,2023-01-14,Left,Active,Contradicts dates,Voluntary,Voluntary,No
3131,Production Technician I,M2665,SVG,Production,Wireline Construction,Laborer,Contract,Temporary,Zone C,MA,Female,Hispanic,55+,4,1-2 years,1,1.161,Fully Meets,2,2021-04-13,2022-06-11,Left,Active,Contradicts dates,Resignation,Voluntary,No
3132,Production Technician I,M2666,EW,Production,Field Operations,Laborer,Full-Time,Full-Time,Zone A,MA,Female,Asian,35-44,2,2-3 years,2,2.475,Fully Meets,4,2020-04-27,2022-10-18,Left,Active,Contradicts dates,Involuntary,Involuntary,No
3133,Production Technician I,M2667,MSC,Production,Project Management - Con,Coordinator,Contract,Part-Time,Zone C,MA,Male,White,55+,4,Under 1 year,0,0.014,Fully Meets,5,2022-02-25,2022-03-02,Left,Terminated for Cause,Agrees with dates,Resignation,Voluntary,Yes
3134,Production Technician II,M2668,TNS,Production,Fielders,Engineer,Part-Time,Full-Time,Zone C,MA,Female,Hispanic,55+,4,3-5 years,3,3.986,Exceeds,5,2018-12-06,2022-12-01,Left,Active,Contradicts dates,Voluntary,Voluntary,No
3135,Production Technician II,M2669,BPC,Production,Project Management - Con,Administrative,Part-Time,Temporary,Zone A,MA,Female,White,25-34,1,3-5 years,3,3.233,Fully Meets,4,2020-03-12,2023-06-06,Left,Active,Contradicts dates,Involuntary,Involuntary,No
3136,Production Technician II,M2138,CCDR,Production,Project Management - Con,Foreman,Full-Time,Full-Time,Zone B,MA,Female,Hispanic,25-34,1,Under 1 year,0,0.72,Fully Meets,4,2022-11-16,,Employed,Active,Agrees with dates,,,No
3137,Production Technician II,M2670,EW,Production,Field Operations,Laborer,Contract,Temporary,Zone B,MA,Female,Other,25-34,1,3-5 years,3,4.542,Fully Meets,2,2018-12-09,2023-06-25,Left,Voluntarily Terminated,Agrees with dates,Involuntary,Involuntary,No
3138,Production Technician II,M2671,MSC,Production,Field Operations,Laborer,Contract,Full-Time,Zone A,MA,Female,Black,35-44,2,Under 1 year,0,0.2,Fully Meets,4,2022-12-25,2023-03-08,Left,Voluntarily Terminated,Agrees with dates,Voluntary,Voluntary,Yes
3139,Production Technician II,M2672,NEL,Production,Field Operations,Technician,Part-Time,Temporary,Zone A,MA,Female,Asian,45-54,3,1-2 years,1,1.711,Fully Meets,4,2021-11-19,,Employed,Active,Agrees with dates,,,No
3140,Production Technician I,M2673,PL,Production,Catv,Laborer,Contract,Full-Time,Zone C,MA,Male,Hispanic,25-34,1,1-2 years,1,1.432,Fully Meets,5,2022-03-01,,Employed,Active,Agrees with dates,,,No
3141,Production Technician I,M2674,BPC,Production,Field Operations,Foreman,Full-Time,Temporary,Zone B,MA,Male,Black,45-54,3,2-3 years,2,2.387,Exceeds,2,2021-03-17,,Employed,Active,Agrees with dates,,,No
3142,Production Technician I,M2675,CCDR,Production,General - Con,Flagger,Full-Time,Part-Time,Zone B,MA,Female,White,55+,4,2-3 years,2,2.483,Fully Meets,4,2021-02-10,,Employed,Active,Agrees with dates,,,No
3143,Production Technician I,M2676,SVG,Production,Aerial,Lineman,Full-Time,Temporary,Zone A,MA,Female,Black,55+,4,3-5 years,3,4.854,Fully Meets,2,2018-09-28,,Employed,Active,Agrees with dates,,,No
3144,Production Technician I,M2677,EW,Production,Engineers,Engineer,Contract,Part-Time,Zone C,MA,Male,Hispanic,55+,4,2-3 years,2,2.486,Exceeds,2,2021-02-09,,Employed,Active,Agrees with dates,,,No
3145,Production Technician I,M2678,MSC,Production,Field Operations,Driller,Part-Time,Temporary,Zone C,MA,Male,Asian,25-34,1,1-2 years,1,1.432,Fully Meets,2,2020-09-27,2022-03-04,Left,Leave of Absence,Contradicts dates,Retirement,Retirement,No
3146,Production Technician I,M2679,TNS,Production,Project Management - Con,Coordinator,Part-Time,Temporary,Zone C,MA,Female,White,35-44,2,3-5 years,3,4.638,Fully Meets,4,2018-12-16,,Employed,Active,Agrees with dates,,,No
3147,Production Technician I,M2680,PYZ,Production,General - Sga,Engineer,Contract,Temporary,Zone B,MA,Male,Hispanic,Under 25,0,Under 1 year,0,0.03,Fully Meets,5,2023-07-17,2023-07-28,Left,Active,Contradicts dates,Involuntary,Involuntary,Yes
3148,Production Technician I,M2681,WBL,Production,Aerial,Foreman,Full-Time,Temporary,Zone C,MA,Male,White,55+,4,1-2 years,1,1.547,Exceeds,2,2020-05-28,2021-12-14,Left,Active,Contradicts dates,Voluntary,Voluntary,No
3149,Production Technician I,M2682,NEL,Production,Field Operations,Laborer,Full-Time,Part-Time,Zone A,MA,Female,Black,35-44,2,2-3 years,2,2.094,Exceeds,2,2021-03-01,2023-04-05,Left,Active,Contradicts dates,Voluntary,Voluntary,No
3150,Production Technician I,M2683,PL,Production,Aerial,Foreman,Full-Time,Part-Time,Zone C,MA,Female,Asian,55+,4,1-2 years,1,1.478,Fully Meets,2,2022-02-12,,Employed,Active,Agrees with dates,,,No
3151,Production Technician I,M2684,BPC,Production,Field Operations,Engineer,Part-Time,Temporary,Zone C,MA,Female,White,55+,4,1-2 years,1,1.44,Exceeds,4,2022-02-26,,Employed,Active,Agrees with dates,,,No
3152,Production Technician I,M2685,CCDR,Production,Field Operations,Laborer,Contract,Temporary,Zone C,MA,Female,Black,55+,4,Under 1 year,0,0.482,Exceeds,5,2022-07-05,2022-12-28,Left,Active,Contradicts dates,Voluntary,Voluntary,Yes
3153,Production Technician I,M2686,SVG,Production,Field Operations,Technician,Part-Time,Full-Time,Zone A,MA,Female,Other,25-34,1,2-3 years,2,2.281,Fully Meets,4,2019-11-29,2022-03-11,Left,Active,Contradicts dates,Retirement,Retirement,No
3154,Production Technician I,M2687,EW,Production,Engineers,Engineer,Full-Time,Temporary,Zone B,MA,Female,Black,55+,4,3-5 years,3,4.452,Fully Meets,2,2019-02-22,,Employed,Active,Agrees with dates,,,No
3155,Production Technician I,M2688,MSC,Production,General - Con,Lineman,Contract,Temporary,Zone B,MA,Male,Black,55+,4,1-2 years,1,1.585,Fully Meets,2,2020-07-16,2022-02-15,Left,Terminated for Cause,Agrees with dates,Voluntary,Voluntary,No
3156,Production Technician II,M2689,MSC,Production,General - Con,Lineman,Contract,Part-Time,Zone B,MA,Female,Black,55+,4,Under 1 year,0,0.591,Fully Meets,5,2019-07-18,2020-02-19,Left,Voluntarily Terminated,Agrees with dates,Voluntary,Voluntary,Yes
3157,Production Technician II,M2690,TNS,Production,Billable Consultants,Engineer,Contract,Full-Time,Zone A,MA,Female,White,35-44,2,2-3 years,2,2.689,Exceeds,5,2019-03-10,2021-11-16,Left,Active,Contradicts dates,Voluntary,Voluntary,No
3158,Production Technician II,M2555,PYZ,Production,General - Sga,Director,Part-Time,Full-Time,Zone A,MA,Female,Hispanic,45-54,3,Under 1 year,0,0.142,Exceeds,2,2023-05-30,2023-07-21,Left,Active,Contradicts dates,Retirement,Retirement,Yes
3159,Production Technician II,M2691,WBL,Production,Field Operations,Groundman,Full-Time,Part-Time,Zone B,MA,Female,Asian,45-54,3,Under 1 year,0,0.821,Fully Meets,4,2018-08-23,2019-06-19,Left,Active,Contradicts dates,Voluntary,Voluntary,Yes
3160,Production Technician II,M2692,NEL,Production,Splicing,Splicer,Full-Time,Part-Time,Zone A,MA,Female,Other,55+,4,3-5 years,3,4.419,Exceeds,4,2019-03-06,,Employed,Active,Agrees with dates,,,No
3161,Production Technician II,M2693,PL,Production,General - Con,Laborer,Full-Time,Full-Time,Zone C,MA,Female,Black,35-44,2,Under 1 year,0,0.003,Fully Meets,1,2023-08-01,2023-08-02,Left,Voluntarily Terminated,Agrees with dates,Involuntary,Involuntary,Yes
3162,Production Technician II,M2694,BPC,Production,Isp,Manager,Part-Time,Temporary,Zone A,MA,Male,White,25-34,1,Under 1 year,0,0.832,Fully Meets,5,2020-02-24,2020-12-24,Left,Active,Contradicts dates,Resignation,Voluntary,Yes
3163,Production Technician I,M2695,PL,Production,Catv,Laborer,Contract,Full-Time,Zone A,MA,Male,Black,35-44,2,3-5 years,3,3.86,Fully Meets,4,2019-09-26,,Employed,Active,Agrees with dates,,,No
3164,Production Technician I,M2696,BPC,Production,Field Operations,Foreman,Full-Time,Temporary,Zone C,MA,Female,Other,25-34,1,Under 1 year,0,0.501,Fully Meets,5,2022-12-07,2023-06-08,Left,Voluntarily Terminated,Agrees with dates,Resignation,Voluntary,Yes
3165,Production Technician I,M2697,CCDR,Production,Field Operations,Laborer,Part-Time,Full-Time,Zone C,MA,Female,Black,25-34,1,1-2 years,1,1.925,Fully Meets,2,2019-03-08,2021-02-08,Left,Active,Contradicts dates,Retirement,Retirement,No
3166,Production Technician I,M2698,SVG,Production,Field Operations,Laborer,Part-Time,Full-Time,Zone A,MA,Female,White,25-34,1,2-3 years,2,2.973,Exceeds,2,2019-08-06,2022-07-27,Left,Active,Contradicts dates,Resignation,Voluntary,No
3167,Production Technician I,M2699,EW,Production,Splicing,Lineman,Full-Time,Part-Time,Zone B,MA,Male,Other,55+,4,3-5 years,3,4.131,Exceeds,4,2019-06-19,,Employed,Active,Agrees with dates,,,No
3168,Production Technician I,M2700,MSC,Production,Sales & Marketing,Assistant,Part-Time,Full-Time,Zone A,MA,Male,Hispanic,25-34,1,1-2 years,1,1.437,Fully Meets,2,2022-02-08,2023-07-18,Left,Leave of Absence,Contradicts dates,Voluntary,Voluntary,No
3169,Production Technician I,M2701,TNS,Production,Aerial,Lineman,Part-Time,Part-Time,Zone B,MA,Female,Other,55+,4,1-2 years,1,1.645,Exceeds,4,2019-06-08,2021-01-29,Left,Active,Contradicts dates,Resignation,Voluntary,No
3170,Production Technician I,M2702,PYZ,Production,Field Operations,Technician,Full-Time,Full-Time,Zone C,MA,Male,Asian,25-34,1,1-2 years,1,1.399,Fully Meets,2,2022-01-28,2023-06-23,Left,Active,Contradicts dates,Retirement,Retirement,No
3171,Production Technician I,M2703,WBL,Production,Engineers,Engineer,Part-Time,Part-Time,Zone A,MA,Female,White,25-34,1,1-2 years,1,1.958,Fully Meets,5,2020-08-26,2022-08-11,Left,Active,Contradicts dates,Involuntary,Involuntary,No
3172,Production Technician I,M1162,NEL,Production,Shop (Fleet),Mechanic,Contract,Part-Time,Zone C,MA,Female,Asian,35-44,2,3-5 years,3,4.29,Fully Meets,4,2019-04-22,,Employed,Active,Agrees with dates,,,No
3173,Production Technician I,M2704,PL,Production,Billable Consultants,Engineer,Contract,Part-Time,Zone A,MA,Female,Asian,55+,4,Under 1 year,0,0.438,Fully Meets,1,2022-12-21,2023-05-30,Left,Active,Contradicts dates,Resignation,Voluntary,Yes
3174,Production Technician I,M2705,BPC,Production,Catv,Foreman,Full-Time,Part-Time,Zone C,MA,Female,Hispanic,55+,4,Under 1 year,0,0.723,Fully Meets,5,2022-10-12,2023-07-03,Left,Active,Contradicts dates,Involuntary,Involuntary,Yes
3175,Production Technician I,M2706,CCDR,Production,Fielders,Engineer,Full-Time,Full-Time,Zone B,MA,Female,Asian,55+,4,Under 1 year,0,0.025,Fully Meets,1,2023-07-23,2023-08-01,Left,Active,Contradicts dates,Voluntary,Voluntary,Yes
3176,Production Technician I,M1224,SVG,Production,Project Management - Con,Coordinator,Full-Time,Full-Time,Zone A,MA,Female,Other,Under 25,0,1-2 years,1,1.528,Exceeds,1,2018-12-13,2020-06-23,Left,Active,Contradicts dates,Resignation,Voluntary,No
3177,Production Technician I,M2707,EW,Production,Project Management - Con,Coordinator,Full-Time,Full-Time,Zone A,MA,Female,Asian,Under 25,0,1-2 years,1,1.73,Fully Meets,1,2019-09-30,2021-06-23,Left,Terminated for Cause,Agrees with dates,Resignation,Voluntary,No
3178,Production Technician II,M2708,MSC,Production,Field Operations,Administrator,Part-Time,Part-Time,Zone C,MA,Female,White,25-34,1,3-5 years,3,3.373,PIP,1,2020-01-24,2023-06-09,Left,Voluntarily Terminated,Agrees with dates,Involuntary,Involuntary,No
3179,Production Technician II,M2709,TNS,Production,Field Operations,Lineman,Full-Time,Full-Time,Zone C,MA,Male,Black,55+,4,Under 1 year,0,0.23,Fully Meets,2,2020-12-23,2021-03-17,Left,Active,Contradicts dates,Voluntary,Voluntary,Yes
3180,Production Technician II,M2710,PYZ,Production,Field Operations,Technician,Full-Time,Temporary,Zone B,MA,Female,Hispanic,25-34,1,Under 1 year,0,0.597,Fully Meets,4,2019-06-07,2020-01-11,Left,Voluntarily Terminated,Agrees with dates,Retirement,Retirement,Yes
3181,Production Technician II,M2711,WBL,Production,General - Con,Foreman,Contract,Temporary,Zone C,MA,Female,Other,55+,4,1-2 years,1,1.889,Fully Meets,4,2019-12-25,2021-11-14,Left,Active,Contradicts dates,Voluntary,Voluntary,No
3182,Production Technician II,M2712,NEL,Production,Field Operations,Technician,Contract,Temporary,Zone B,MA,Female,White,45-54,3,Under 1 year,0,0.526,PIP,2,2023-01-26,,Employed,Active,Agrees with dates,,,No
3183,Production Technician II,M2713,PL,Production,Engineers,Technician,Full-Time,Temporary,Zone A,MA,Male,Other,55+,4,Under 1 year,0,0.747,PIP,3,2022-11-03,2023-08-03,Left,Voluntarily Terminated,Agrees with dates,Resignation,Voluntary,Yes
3184,Production Technician I,M2714,MSC,Production,Field Operations,Tower Hand,Part-Time,Full-Time,Zone A,MA,Female,Hispanic,45-54,3,1-2 years,1,1.232,PIP,5,2022-05-13,,Employed,Active,Agrees with dates,,,No
3185,Production Technician I,M2715,NEL,Production,Field Operations,Assistant,Contract,Temporary,Zone C,MA,Female,Other,Under 25,0,2-3 years,2,2.472,PIP,2,2020-09-23,2023-03-15,Left,Voluntarily Terminated,Agrees with dates,Voluntary,Voluntary,No
3186,Production Technician I,M1499,PL,Production,Aerial,Supervisor,Part-Time,Full-Time,Zone A,MA,Female,Black,55+,4,1-2 years,1,1.194,Fully Meets,2,2021-08-29,2022-11-08,Left,Active,Contradicts dates,Voluntary,Voluntary,No
3187,Production Technician I,M2716,PYZ,Production,Wireline Construction,Project Manager,Contract,Full-Time,Zone C,MA,Female,Black,55+,4,Under 1 year,0,0.079,PIP,3,2022-12-13,2023-01-11,Left,Active,Contradicts dates,Resignation,Voluntary,Yes
3188,Production Technician I,M2717,SVG,Production,Field Operations,Laborer,Part-Time,Part-Time,Zone C,MA,Male,Hispanic,35-44,2,Under 1 year,0,0.747,Fully Meets,4,2022-11-06,,Employed,Active,Agrees with dates,,,No
3189,Production Technician I,M2718,TNS,Production,Project Management - Con,Project Manager,Full-Time,Temporary,Zone C,MA,Female,Asian,55+,4,Under 1 year,0,0.005,PIP,1,2023-08-04,,Employed,Active,Agrees with dates,,,No
3190,Production Technician I,M2719,WBL,Production,General - Con,Administration,Contract,Part-Time,Zone C,MA,Male,White,25-34,1,2-3 years,2,2.721,PIP,2,2020-11-15,,Employed,Active,Agrees with dates,,,No
3191,Production Technician I,M2720,BPC,Production,Technology / It,Technician,Part-Time,Part-Time,Zone A,MA,Male,Black,55+,4,Under 1 year,0,0.101,Fully Meets,2,2022-07-06,2022-08-12,Left,Active,Contradicts dates,Retirement,Retirement,Yes
3192,Production Technician I,M2721,CCDR,Production,Aerial,Laborer,Full-Time,Part-Time,Zone A,MA,Female,Black,25-34,1,2-3 years,2,2.73,Fully Meets,3,2019-04-21,2022-01-12,Left,Active,Contradicts dates,Resignation,Voluntary,No
3193,Production Technician I,M2722,EW,Production,General - Con,Laborer,Full-Time,Temporary,Zone C,MA,Female,Black,55+,4,1-2 years,1,1.938,PIP,3,2021-08-28,,Employed,Active,Agrees with dates,,,No
3194,Production Technician I,M2723,MSC,Production,Field Operations,Groundman,Contract,Full-Time,Zone B,MA,Female,Asian,25-34,1,2-3 years,2,2.366,Fully Meets,1,2021-03-25,,Employed,Active,Agrees with dates,,,No
3195,Production Technician I,M2724,NEL,Production,General - Con,Technician,Full-Time,Full-Time,Zone A,MA,Female,White,35-44,2,Under 1 year,0,0.249,Fully Meets,2,2020-07-16,2020-10-15,Left,Active,Contradicts dates,Resignation,Voluntary,Yes
3196,Production Technician I,M2725,PL,Production,Engineers,Project Manager,Full-Time,Temporary,Zone B,MA,Female,Other,45-54,3,2-3 years,2,2.71,Fully Meets,2,2018-11-28,2021-08-14,Left,Active,Contradicts dates,Involuntary,Involuntary,No
3197,Production Technician I,M2726,PYZ,Production,General - Con,Lineman,Contract,Full-Time,Zone A,MA,Female,Hispanic,45-54,3,3-5 years,3,4.11,PIP,1,2019-06-27,,Employed,Active,Agrees with dates,,,No
3198,Production Technician I,M2727,SVG,Production,General - Con,Laborer,Contract,Temporary,Zone A,MA,Female,Asian,35-44,2,Under 1 year,0,0.586,Fully Meets,2,2023-01-04,,Employed,Active,Agrees with dates,,,No
3199,Production Technician I,M2728,BPC,Production,Engineers,Engineer,Full-Time,Full-Time,Zone B,MA,Female,Hispanic,45-54,3,3-5 years,3,4.704,Fully Meets,2,2018-11-22,,Employed,Active,Agrees with dates,,,No
3200,Production Technician II,M2729,PL,Production,Billable Consultants,Engineer,Part-Time,Temporary,Zone B,MA,Male,Asian,45-54,3,2-3 years,2,2.574,Fully Meets,4,2021-01-08,,Employed,Active,Agrees with dates,,,No
3201,Production Technician I,M2730,EW,Production,Aerial,Technician,Part-Time,Part-Time,Zone A,MA,Female,Asian,35-44,2,Under 1 year,0,0.715,Fully Meets,4,2022-11-18,,Employed,Active,Agrees with dates,,,No
3202,Production Technician I,M2731,WBL,Production,Engineers,Engineer,Contract,Full-Time,Zone A,MA,Female,Other,Under 25,0,3-5 years,3,3.003,Fully Meets,4,2020-06-21,2023-06-23,Left,Voluntarily Terminated,Agrees with dates,Involuntary,Involuntary,No
3203,Production Technician I,M2732,PYZ,Production,General - Sga,Administrator,Contract,Part-Time,Zone C,MA,Female,White,55+,4,1-2 years,1,1.643,Fully Meets,4,2021-01-19,2022-09-11,Left,Voluntarily Terminated,Agrees with dates,Voluntary,Voluntary,No
3204,Production Technician I,M2733,BPC,Production,General - Sga,Administration,Contract,Full-Time,Zone C,MA,Male,White,55+,4,Under 1 year,0,0.172,Fully Meets,4,2023-06-04,,Employed,Active,Agrees with dates,,,No
3205,Production Technician I,M2734,TNS,Production,Aerial,Lineman,Contract,Part-Time,Zone C,MA,Female,Asian,35-44,2,1-2 years,1,1.095,Fully Meets,4,2020-08-13,2021-09-17,Left,Leave of Absence,Contradicts dates,Voluntary,Voluntary,No
3206,Production Technician I,M2735,BPC,Production,Wireline Construction,Groundman,Part-Time,Part-Time,Zone A,MA,Male,Hispanic,55+,4,3-5 years,3,3.915,Fully Meets,2,2019-09-06,,Employed,Active,Agrees with dates,,,No
3207,Production Technician I,M2736,PYZ,Production,Project Management - Con,Supervisor,Full-Time,Temporary,Zone C,MA,Female,White,35-44,2,1-2 years,1,1.361,Fully Meets,5,2022-03-27,,Employed,Active,Agrees with dates,,,No
3208,Production Technician I,M2737,CCDR,Production,Field Operations,Operator,Contract,Temporary,Zone A,MA,Male,Hispanic,45-54,3,2-3 years,2,2.198,Fully Meets,2,2020-12-25,2023-03-08,Left,Voluntarily Terminated,Agrees with dates,Resignation,Voluntary,No
3209,Production Technician II,M2738,PL,Production,General - Con,Technician,Contract,Full-Time,Zone A,MA,Male,Hispanic,35-44,2,2-3 years,2,2.283,Fully Meets,5,2021-04-24,,Employed,Active,Agrees with dates,,,No
3210,Production Technician I,M2739,WBL,Production,Aerial,Lineman,Full-Time,Full-Time,Zone A,MA,Female,Hispanic,25-34,1,3-5 years,3,3.233,Fully Meets,5,2020-05-12,,Employed,Active,Agrees with dates,,,No
3211,Production Technician II,M2740,SVG,Production,General - Sga,Administrator,Part-Time,Part-Time,Zone B,MA,Female,Other,55+,4,Under 1 year,0,0.205,Fully Meets,2,2023-05-23,,Employed,Active,Agrees with dates,,,No
3212,Production Technician II,M2741,PYZ,Production,Field Operations,Foreman,Full-Time,Part-Time,Zone C,MA,Male,Asian,45-54,3,1-2 years,1,1.399,Fully Meets,5,2020-12-27,2022-05-22,Left,Voluntarily Terminated,Agrees with dates,Resignation,Voluntary,No
3213,Production Technician I,M2742,WBL,Production,Field Operations,Laborer,Full-Time,Part-Time,Zone A,MA,Male,Hispanic,55+,4,1-2 years,1,1.109,Fully Meets,2,2018-11-17,2019-12-27,Left,Active,Contradicts dates,Involuntary,Involuntary,No
3214,Production Technician I,M2743,PYZ,Production,General - Con,Laborer,Part-Time,Temporary,Zone B,MA,Female,Asian,45-54,3,3-5 years,3,4.057,Fully Meets,2,2019-07-16,,Employed,Active,Agrees with dates,,,No
3215,Production Technician II,M2744,SVG,Production,General - Sga,Administrator,Contract,Part-Time,Zone A,MA,Male,White,45-54,3,3-5 years,3,3.529,Fully Meets,3,2020-01-25,,Employed,Active,Agrees with dates,,,No
3216,Production Technician I,M2745,MSC,Production,Fielders,Engineer,Part-Time,Temporary,Zone A,MA,Female,Other,45-54,3,1-2 years,1,1.971,Fully Meets,5,2021-08-16,,Employed,Active,Agrees with dates,,,No
3217,Production Technician II,M2746,BPC,Production,General - Con,Technician,Contract,Full-Time,Zone B,MA,Female,White,45-54,3,Under 1 year,0,0.695,Fully Meets,3,2019-01-20,2019-10-01,Left,Voluntarily Terminated,Agrees with dates,Resignation,Voluntary,Yes
3218,Production Technician I,M2747,SVG,Production,Field Operations,Laborer,Full-Time,Part-Time,Zone C,MA,Male,Other,45-54,3,3-5 years,3,4.92,Fully Meets,5,2018-09-04,,Employed,Active,Agrees with dates,,,No
3219,Production Technician II,M2748,PL,Production,Executive,Administrator,Full-Time,Full-Time,Zone B,MA,Female,Black,Under 25,0,3-5 years,3,3.877,Fully Meets,3,2019-09-20,,Employed,Active,Agrees with dates,,,No
3220,Production Technician I,M2749,SVG,Production,Field Operations,Tower Hand,Part-Time,Full-Time,Zone A,MA,Female,Other,35-44,2,Under 1 year,0,0.036,Fully Meets,1,2023-07-24,,Employed,Active,Agrees with dates,,,No
3221,Production Technician I,M2750,PL,Production,Wireline Construction,Foreman,Full-Time,Temporary,Zone B,MA,Male,Other,55+,4,Under 1 year,0,0.088,Fully Meets,4,2023-07-05,,Employed,Active,Agrees with dates,,,No
3222,Production Technician I,M2751,BPC,Production,Shop (Fleet),Manager,Contract,Part-Time,Zone A,MA,Female,Hispanic,25-34,1,2-3 years,2,2.565,Fully Meets,2,2021-01-11,,Employed,Active,Agrees with dates,,,No
3223,Production Technician I,M2752,CCDR,Production,Splicing,Splicer,Full-Time,Full-Time,Zone A,MA,Female,Asian,55+,4,Under 1 year,0,0.747,Fully Meets,5,2022-11-06,,Employed,Active,Agrees with dates,,,No
3224,Production Technician I,M2753,SVG,Production,People Services,Manager,Part-Time,Part-Time,Zone A,MA,Female,White,45-54,3,Under 1 year,0,0.342,Fully Meets,5,2023-04-03,,Employed,Active,Agrees with dates,,,No
3225,Production Technician I,M2754,EW,Production,General - Con,Foreman,Contract,Part-Time,Zone B,MA,Female,White,45-54,3,2-3 years,2,2.042,Fully Meets,3,2021-06-07,2023-06-23,Left,Active,Contradicts dates,Retirement,Retirement,No
3226,Production Technician I,M2755,MSC,Production,General - Eng,Technician,Contract,Full-Time,Zone B,MA,Female,Black,25-34,1,3-5 years,3,4.542,Fully Meets,4,2019-01-20,,Employed,Active,Agrees with dates,,,No
3227,Production Technician I,M2756,TNS,Production,Aerial,Groundman,Contract,Temporary,Zone A,MA,Female,Black,45-54,3,Under 1 year,0,0.542,Fully Meets,2,2021-11-20,2022-06-06,Left,Leave of Absence,Contradicts dates,Involuntary,Involuntary,Yes
3228,Production Technician I,M2757,PYZ,Production,Field Operations,Technician,Full-Time,Temporary,Zone C,MA,Male,Hispanic,55+,4,3-5 years,3,3.228,Fully Meets,2,2019-05-27,2022-08-18,Left,Voluntarily Terminated,Agrees with dates,Involuntary,Involuntary,No
3229,Production Technician I,M2758,WBL,Production,Engineers,Program Manager,Contract,Temporary,Zone C,MA,Male,Other,55+,4,Under 1 year,0,0.632,Fully Meets,1,2022-12-18,,Employed,Active,Agrees with dates,,,No
3230,Production Technician I,M2759,NEL,Production,Field Operations,Laborer,Full-Time,Full-Time,Zone C,MA,Female,White,25-34,1,2-3 years,2,2.166,Fully Meets,1,2021-05-13,2023-07-13,Left,Leave of Absence,Contradicts dates,Resignation,Voluntary,No
3231,Production Technician I,M222,PL,Production,Shop (Fleet),Shop,Full-Time,Part-Time,Zone C,MA,Female,White,25-34,1,2-3 years,2,2.201,Exceeds,2,2021-05-24,,Employed,Active,Agrees with dates,,,No
3232,Production Technician I,M2760,BPC,Production,General - Con,Laborer,Part-Time,Temporary,Zone B,MA,Male,Other,45-54,3,Under 1 year,0,0.616,Fully Meets,1,2021-10-06,2022-05-19,Left,Leave of Absence,Contradicts dates,Resignation,Voluntary,Yes
3233,Production Technician I,M2761,CCDR,Production,Engineers,Engineer,Contract,Part-Time,Zone C,MA,Male,Asian,45-54,3,Under 1 year,0,0.011,Fully Meets,2,2020-08-22,2020-08-26,Left,Leave of Absence,Contradicts dates,Voluntary,Voluntary,Yes
3234,Production Technician I,M2762,SVG,Production,General - Con,Administration,Part-Time,Temporary,Zone B,MA,Male,Black,55+,4,1-2 years,1,1.952,Fully Meets,3,2021-08-23,,Employed,Active,Agrees with dates,,,No
3235,Production Technician I,M2763,EW,Production,Engineers,Engineer,Contract,Temporary,Zone C,MA,Male,Hispanic,55+,4,Under 1 year,0,0.816,Fully Meets,2,2021-12-23,2022-10-17,Left,Active,Contradicts dates,Resignation,Voluntary,Yes
3236,Production Technician II,M2764,NEL,Production,People Services,Cpo,Contract,Full-Time,Zone C,MA,Female,Asian,35-44,2,Under 1 year,0,0.17,Fully Meets,5,2022-01-24,2022-03-27,Left,Active,Contradicts dates,Involuntary,Involuntary,Yes
3237,Production Technician II,M2765,PL,Production,General - Eng,Drafter,Contract,Temporary,Zone B,MA,Male,White,35-44,2,Under 1 year,0,0.706,Fully Meets,4,2022-11-21,,Employed,Active,Agrees with dates,,,No
3238,Production Technician II,M2766,PYZ,Production,Wireline Construction,Vp,Contract,Part-Time,Zone A,MA,Male,Other,Under 25,0,3-5 years,3,3.573,Fully Meets,4,2018-12-04,2022-07-01,Left,Voluntarily Terminated,Agrees with dates,Voluntary,Voluntary,No
3239,Production Technician II,M2767,SVG,Production,Field Operations,Operator,Part-Time,Temporary,Zone C,MA,Male,Black,25-34,1,3-5 years,3,4.178,Fully Meets,3,2019-06-02,,Employed,Active,Agrees with dates,,,No
3240,Production Technician II,M2768,TNS,Production,Shop (Fleet),Shop,Full-Time,Temporary,Zone C,MA,Female,Asian,35-44,2,Under 1 year,0,0.895,Fully Meets,2,2018-08-12,2019-07-05,Left,Voluntarily Terminated,Agrees with dates,Voluntary,Voluntary,Yes
3241,Production Technician II,M2769,WBL,Production,General - Sga,Administrator,Part-Time,Full-Time,Zone B,MA,Female,White,55+,4,1-2 years,1,1.227,Fully Meets,1,2022-05-15,,Employed,Active,Agrees with dates,,,No
3242,Production Technician I,M2770,NEL,Production,Aerial,Lineman,Contract,Full-Time,Zone C,MA,Male,Hispanic,55+,4,Under 1 year,0,0.408,Fully Meets,3,2021-11-23,2022-04-21,Left,Voluntarily Terminated,Agrees with dates,Resignation,Voluntary,Yes
3243,Production Technician I,M2771,PL,Production,Splicing,Technician,Full-Time,Full-Time,Zone C,MA,Male,Hispanic,55+,4,2-3 years,2,2.645,Fully Meets,2,2020-12-13,,Employed,Active,Agrees with dates,,,No
3244,Production Technician I,M2772,BPC,Production,Shop (Fleet),Mechanic,Part-Time,Temporary,Zone C,MA,Female,Black,55+,4,2-3 years,2,2.023,Fully Meets,2,2021-07-28,,Employed,Active,Agrees with dates,,,No
3245,Production Technician I,M2773,CCDR,Production,Field Operations,Laborer,Full-Time,Full-Time,Zone A,MA,Female,Black,55+,4,2-3 years,2,2.565,Fully Meets,1,2019-06-07,2021-12-30,Left,Terminated for Cause,Agrees with dates,Voluntary,Voluntary,No
3246,Production Technician I,M2774,SVG,Production,Safety,Safety,Part-Time,Part-Time,Zone C,MA,Female,White,35-44,2,1-2 years,1,1.952,Fully Meets,4,2019-06-12,2021-05-25,Left,Terminated for Cause,Agrees with dates,Retirement,Retirement,No
3247,Production Technician I,M2775,EW,Production,General - Con,Operator,Full-Time,Part-Time,Zone C,MA,Female,Black,55+,4,Under 1 year,0,0.296,Fully Meets,3,2023-04-20,2023-08-06,Left,Active,Contradicts dates,Resignation,Voluntary,Yes
3248,Production Technician I,M2776,MSC,Production,General - Con,Clerical,Contract,Part-Time,Zone B,MA,Female,Hispanic,55+,4,3-5 years,3,4.947,Fully Meets,5,2018-08-07,2023-07-19,Left,Active,Contradicts dates,Resignation,Voluntary,No
3249,Production Technician I,M2777,TNS,Production,Underground,Laborer,Contract,Part-Time,Zone C,MA,Male,Black,55+,4,3-5 years,3,4.665,Fully Meets,3,2018-12-06,,Employed,Active,Agrees with dates,,,No
3250,Production Technician I,M2778,PYZ,Production,Project Management - Con,Supervisor,Full-Time,Full-Time,Zone B,MA,Male,Asian,25-34,1,2-3 years,2,2.366,Fully Meets,2,2021-03-25,,Employed,Active,Agrees with dates,,,No
3251,Production Technician I,M2779,WBL,Production,Field Operations,Laborer,Contract,Part-Time,Zone A,MA,Male,White,55+,4,Under 1 year,0,0.189,Fully Meets,5,2019-02-15,2019-04-25,Left,Voluntarily Terminated,Agrees with dates,Resignation,Voluntary,Yes
3252,Production Technician I,M2780,NEL,Production,Shop (Fleet),Mechanic,Full-Time,Part-Time,Zone A,MA,Female,Black,25-34,1,Under 1 year,0,0.397,PIP,4,2023-03-14,,Employed,Active,Agrees with dates,,,No
3253,Production Technician I,M2781,PL,Production,Field Operations,Technician,Part-Time,Part-Time,Zone A,MA,Female,White,25-34,1,1-2 years,1,1.749,Fully Meets,2,2019-09-01,2021-06-01,Left,Leave of Absence,Contradicts dates,Involuntary,Involuntary,No
3254,Production Technician I,M2782,BPC,Production,General - Sga,Administration,Full-Time,Temporary,Zone B,MA,Male,Other,25-34,1,1-2 years,1,1.383,Fully Meets,3,2021-02-23,2022-07-13,Left,Leave of Absence,Contradicts dates,Voluntary,Voluntary,No
3255,Production Technician I,M2783,CCDR,Production,Yard (Material Handling),Runner,Contract,Part-Time,Zone C,MA,Male,Other,55+,4,Under 1 year,0,0.375,Fully Meets,3,2023-03-22,,Employed,Active,Agrees with dates,,,No
3256,Production Technician I,M2784,SVG,Production,General - Con,Flagger,Part-Time,Part-Time,Zone B,MA,Male,Black,55+,4,3-5 years,3,4.531,Fully Meets,5,2019-01-24,,Employed,Active,Agrees with dates,,,No
3257,Production Technician II,M2785,PL,Production,Wireline Construction,Laborer,Full-Time,Full-Time,Zone A,MA,Female,Other,35-44,2,2-3 years,2,2.71,Fully Meets,3,2020-11-19,,Employed,Active,Agrees with dates,,,No
3258,Production Technician II,M2786,BPC,Production,Aerial,Foreman,Part-Time,Temporary,Zone B,MA,Male,White,45-54,3,Under 1 year,0,0.471,Fully Meets,2,2023-02-15,,Employed,Active,Agrees with dates,,,No
3259,Production Technician II,M2787,CCDR,Production,Field Operations,Tower Hand,Full-Time,Full-Time,Zone B,MA,Male,Hispanic,55+,4,Under 1 year,0,0.088,Fully Meets,2,2022-05-09,2022-06-10,Left,Voluntarily Terminated,Agrees with dates,Resignation,Voluntary,Yes
3260,Production Technician II,M2788,SVG,Production,General - Con,Splicer,Contract,Temporary,Zone B,MA,Male,Hispanic,25-34,1,1-2 years,1,1.832,Fully Meets,3,2021-10-06,,Employed,Active,Agrees with dates,,,No
3261,Production Technician II,M2789,EW,Production,Field Operations,Administrative,Part-Time,Temporary,Zone B,MA,Male,Hispanic,55+,4,2-3 years,2,2.434,Fully Meets,4,2021-01-17,2023-06-25,Left,Leave of Absence,Contradicts dates,Involuntary,Involuntary,No
3262,Production Technician II,M2790,MSC,Production,Catv,Laborer,Full-Time,Full-Time,Zone A,MA,Female,Black,35-44,2,1-2 years,1,1.374,PIP,4,2022-03-22,,Employed,Active,Agrees with dates,,,No
3263,Production Technician I,M2791,NEL,Production,Engineers,Drafter,Full-Time,Part-Time,Zone A,MA,Male,Asian,25-34,1,1-2 years,1,1.027,PIP,2,2022-04-20,2023-04-30,Left,Voluntarily Terminated,Agrees with dates,Involuntary,Involuntary,No
3264,Production Technician I,M2792,PL,Production,General - Eng,Engineer,Part-Time,Part-Time,Zone C,MA,Male,Asian,55+,4,1-2 years,1,1.355,Fully Meets,5,2021-12-31,2023-05-10,Left,Terminated for Cause,Agrees with dates,Involuntary,Involuntary,No
3265,Production Technician I,M2793,BPC,Production,Aerial,Groundman,Part-Time,Full-Time,Zone C,MA,Female,Asian,25-34,1,3-5 years,3,4.764,Fully Meets,1,2018-10-31,,Employed,Active,Agrees with dates,,,No
3266,Production Technician I,M2794,CCDR,Production,Wireline Construction,Laborer,Contract,Full-Time,Zone A,MA,Female,Black,25-34,1,3-5 years,3,3.034,Fully Meets,2,2020-07-24,,Employed,Active,Agrees with dates,,,No
3267,Production Technician I,M2795,SVG,Production,Splicing,Laborer,Contract,Part-Time,Zone C,MA,Female,Other,55+,4,Under 1 year,0,0.099,Fully Meets,5,2019-12-12,2020-01-17,Left,Active,Contradicts dates,Voluntary,Voluntary,Yes
3268,Production Technician I,M2796,EW,Production,Field Operations,Driver,Contract,Temporary,Zone A,MA,Female,Asian,55+,4,Under 1 year,0,0.123,Fully Meets,2,2023-06-22,,Employed,Active,Agrees with dates,,,No
3269,Production Technician I,M2797,MSC,Production,Field Operations,Laborer,Full-Time,Temporary,Zone C,MA,Male,Asian,Under 25,0,2-3 years,2,2.127,Fully Meets,1,2021-06-20,,Employed,Active,Agrees with dates,,,No
3270,Production Technician I,M2798,TNS,Production,Splicing,Technician,Full-Time,Full-Time,Zone B,MA,Male,Asian,55+,4,3-5 years,3,3.765,Fully Meets,2,2019-10-31,,Employed,Active,Agrees with dates,,,No
3271,Production Technician I,M2799,PYZ,Production,Engineers,Engineer,Contract,Part-Time,Zone B,MA,Male,Asian,45-54,3,3-5 years,3,3.403,Fully Meets,3,2019-07-02,2022-11-26,Left,Voluntarily Terminated,Agrees with dates,Involuntary,Involuntary,No
3272,Production Technician I,M2800,WBL,Production,Aerial,Flagger,Contract,Part-Time,Zone C,MA,Male,Other,55+,4,Under 1 year,0,0.485,Fully Meets,3,2023-02-10,,Employed,Active,Agrees with dates,,,No
3273,Production Technician I,M2801,NEL,Production,People Services,Coordinator,Full-Time,Temporary,Zone A,MA,Female,Asian,Under 25,0,Under 1 year,0,0.887,Fully Meets,4,2022-09-16,,Employed,Active,Agrees with dates,,,No
3274,Production Technician I,M2802,PL,Production,Aerial,Foreman,Part-Time,Full-Time,Zone B,MA,Female,Other,55+,4,Under 1 year,0,0.52,PIP,3,2020-01-21,2020-07-29,Left,Leave of Absence,Contradicts dates,Retirement,Retirement,Yes
3275,Production Technician I,M2803,BPC,Production,General - Con,Foreman,Part-Time,Temporary,Zone B,MA,Male,Other,25-34,1,Under 1 year,0,0.72,PIP,3,2022-11-16,,Employed,Active,Agrees with dates,,,No
3276,Production Technician I,M2804,CCDR,Production,Engineers,Project Manager,Contract,Temporary,Zone A,MA,Male,Asian,25-34,1,2-3 years,2,2.527,Fully Meets,2,2021-01-25,,Employed,Active,Agrees with dates,,,No
3277,Production Technician II,M2805,NEL,Production,Aerial,Foreman,Part-Time,Temporary,Zone B,MA,Female,Hispanic,35-44,2,Under 1 year,0,0.022,Fully Meets,5,2023-06-16,2023-06-24,Left,Active,Contradicts dates,Retirement,Retirement,Yes
3278,Production Technician II,M2806,PL,Production,Field Operations,Laborer,Contract,Part-Time,Zone A,MA,Female,Black,55+,4,1-2 years,1,1.106,Fully Meets,4,2020-09-08,2021-10-17,Left,Active,Contradicts dates,Retirement,Retirement,No
3279,Production Technician II,M2807,BPC,Production,Engineers,Project Manager,Full-Time,Full-Time,Zone A,MA,Male,Black,25-34,1,1-2 years,1,1.837,Fully Meets,5,2019-01-23,2020-11-24,Left,Active,Contradicts dates,Involuntary,Involuntary,No
3280,Production Technician II,M2808,CCDR,Production,Project Management - Con,Manager,Part-Time,Temporary,Zone A,MA,Male,Other,35-44,2,Under 1 year,0,0.151,Fully Meets,5,2023-05-29,2023-07-23,Left,Voluntarily Terminated,Agrees with dates,Involuntary,Involuntary,Yes
3281,Production Technician II,M218,SVG,Production,General - Con,Laborer,Contract,Full-Time,Zone B,MA,Male,Hispanic,55+,4,3-5 years,3,3.973,Fully Meets,5,2019-08-16,,Employed,Active,Agrees with dates,,,No
3282,Production Technician II,M2809,EW,Production,Wireline Construction,Lineman,Full-Time,Full-Time,Zone B,MA,Female,Asian,45-54,3,3-5 years,3,3.17,Fully Meets,3,2020-06-04,,Employed,Active,Agrees with dates,,,No
3283,Production Technician II,M2810,MSC,Production,Wireline Construction,Lineman,Contract,Part-Time,Zone B,MA,Female,Hispanic,25-34,1,3-5 years,3,3.042,Fully Meets,3,2020-07-21,,Employed,Active,Agrees with dates,,,No
3284,Production Technician I,M2811,EW,Production,Fielders,Technician,Contract,Part-Time,Zone A,MA,Male,Other,55+,4,Under 1 year,0,0.602,Fully Meets,2,2022-08-21,2023-03-29,Left,Voluntarily Terminated,Agrees with dates,Resignation,Voluntary,Yes
3285,Production Technician I,M2812,MSC,Production,Wireline Construction,Laborer,Contract,Part-Time,Zone B,MA,Male,Other,55+,4,1-2 years,1,1.906,PIP,4,2021-07-16,2023-06-12,Left,Terminated for Cause,Agrees with dates,Retirement,Retirement,No
3286,Production Technician I,M2813,NEL,Production,Project Management - Con,Project Manager,Full-Time,Temporary,Zone C,MA,Female,White,45-54,3,3-5 years,3,3.748,PIP,3,2019-11-06,,Employed,Active,Agrees with dates,,,No
3287,Production Technician I,M2814,PL,Production,General - Con,Laborer,Part-Time,Temporary,Zone A,MA,Female,Asian,35-44,2,2-3 years,2,2.593,Fully Meets,1,2021-01-01,,Employed,Active,Agrees with dates,,,No
3288,Production Technician I,M2815,PYZ,Production,Field Operations,Foreman,Full-Time,Temporary,Zone A,MA,Female,White,55+,4,3-5 years,3,3.866,Fully Meets,2,2019-09-24,,Employed,Active,Agrees with dates,,,No
3289,Production Technician I,M2816,SVG,Production,General - Con,Groundman,Contract,Full-Time,Zone A,MA,Female,White,35-44,2,3-5 years,3,3.22,Fully Meets,4,2020-05-17,,Employed,Active,Agrees with dates,,,No
3290,Production Technician I,M2817,TNS,Production,Field Operations,Mechanic,Part-Time,Full-Time,Zone A,MA,Male,Other,25-34,1,3-5 years,3,4.997,Fully Meets,3,2018-08-07,,Employed,Active,Agrees with dates,,,No
3291,Production Technician I,M2818,WBL,Production,General - Con,Flagger,Contract,Full-Time,Zone C,MA,Male,Hispanic,55+,4,Under 1 year,0,0.014,Fully Meets,2,2023-08-01,,Employed,Active,Agrees with dates,,,No
3292,Production Technician I,M2819,PYZ,Production,Field Operations,Engineer,Part-Time,Part-Time,Zone C,MA,Male,Asian,55+,4,Under 1 year,0,0.991,Fully Meets,4,2019-01-12,2020-01-09,Left,Voluntarily Terminated,Agrees with dates,Retirement,Retirement,Yes
3293,Production Technician I,M2820,WBL,Production,General - Con,Technician,Contract,Full-Time,Zone C,MA,Female,Black,55+,4,1-2 years,1,1.64,Fully Meets,3,2021-04-09,2022-11-29,Left,Voluntarily Terminated,Agrees with dates,Retirement,Retirement,No
3294,Production Technician I,M2821,NEL,Production,Aerial,Lineman,Full-Time,Temporary,Zone A,MA,Female,Other,55+,4,Under 1 year,0,0.556,Fully Meets,3,2022-06-04,2022-12-24,Left,Leave of Absence,Contradicts dates,Retirement,Retirement,Yes
3295,Production Technician I,M2822,PL,Production,Aerial,Groundman,Part-Time,Full-Time,Zone C,MA,Female,Black,55+,4,3-5 years,3,4.183,Fully Meets,5,2019-05-31,,Employed,Active,Agrees with dates,,,No
3296,Production Technician I,M2823,BPC,Production,Field Operations,Foreman,Part-Time,Full-Time,Zone C,MA,Male,White,55+,4,Under 1 year,0,0.75,PIP,2,2019-01-07,2019-10-08,Left,Leave of Absence,Contradicts dates,Voluntary,Voluntary,Yes
3297,Production Technician I,M2824,CCDR,Production,Field Operations,Engineer,Contract,Temporary,Zone A,MA,Male,Black,55+,4,Under 1 year,0,0.756,Fully Meets,4,2020-07-18,2021-04-20,Left,Leave of Absence,Contradicts dates,Retirement,Retirement,Yes
3298,Production Technician II,M2825,EW,Production,Field Operations,Technician,Full-Time,Full-Time,Zone A,MA,Female,Hispanic,25-34,1,Under 1 year,0,0.501,Fully Meets,5,2020-11-19,2021-05-21,Left,Active,Contradicts dates,Involuntary,Involuntary,Yes
3299,Production Technician II,M2826,MSC,Production,Wireline Construction,Supervisor,Part-Time,Full-Time,Zone A,MA,Male,White,45-54,3,Under 1 year,0,0.736,Fully Meets,4,2022-11-10,,Employed,Active,Agrees with dates,,,No
3300,Production Technician II,M2827,NEL,Production,Field Operations,Technician,Full-Time,Part-Time,Zone B,MA,Male,White,55+,4,1-2 years,1,1.12,Fully Meets,2,2021-03-25,2022-05-08,Left,Active,Contradicts dates,Resignation,Voluntary,No
3301,Production Technician II,M2828,PL,Production,Field Operations,Construction Manager,Contract,Full-Time,Zone B,MA,Male,Black,25-34,1,3-5 years,3,3.253,Fully Meets,1,2019-05-13,2022-08-13,Left,Voluntarily Terminated,Agrees with dates,Retirement,Retirement,No
3302,Production Technician II,M2829,PYZ,Production,General - Con,Lineman,Full-Time,Part-Time,Zone A,MA,Female,Hispanic,55+,4,3-5 years,3,3.417,Fully Meets,4,2019-06-07,2022-11-06,Left,Leave of Absence,Contradicts dates,Retirement,Retirement,No
3303,Production Technician II,M2830,SVG,Production,Field Operations,Laborer,Full-Time,Part-Time,Zone A,MA,Female,Black,35-44,2,Under 1 year,0,0.463,Fully Meets,3,2023-02-18,,Employed,Active,Agrees with dates,,,No
3304,Production Technician II,M2831,TNS,Production,Wireline Construction,Foreman,Part-Time,Temporary,Zone A,MA,Female,Other,35-44,2,3-5 years,3,4.345,Fully Meets,4,2019-04-02,,Employed,Active,Agrees with dates,,,No
3305,Production Technician I,M2832,WBL,Production,Project Management - Con,Coordinator,Contract,Part-Time,Zone C,MA,Female,Other,25-34,1,1-2 years,1,1.895,Fully Meets,4,2020-11-30,2022-10-23,Left,Voluntarily Terminated,Agrees with dates,Involuntary,Involuntary,No
3306,Production Technician I,M2833,NEL,Production,Field Operations,Laborer,Full-Time,Temporary,Zone A,MA,Male,White,25-34,1,Under 1 year,0,0.09,PIP,4,2022-09-24,2022-10-27,Left,Voluntarily Terminated,Agrees with dates,Voluntary,Voluntary,Yes
3307,Production Technician I,M2834,PL,Production,Executive,Vp,Full-Time,Full-Time,Zone C,MA,Male,Asian,35-44,2,3-5 years,3,4.126,Fully Meets,4,2019-06-21,,Employed,Active,Agrees with dates,,,No
3308,Production Technician I,M2835,BPC,Production,General - Sga,Administrative,Contract,Temporary,Zone C,MA,Female,Black,Under 25,0,1-2 years,1,1.155,Fully Meets,3,2022-06-10,,Employed,Active,Agrees with dates,,,No
3309,Production Technician I,M2836,CCDR,Production,Finance & Accounting,Assistant,Part-Time,Part-Time,Zone B,MA,Female,White,Under 25,0,2-3 years,2,2.798,Fully Meets,1,2020-10-18,,Employed,Active,Agrees with dates,,,No
3310,Production Technician I,M2837,SVG,Production,Executive,Vp,Part-Time,Part-Time,Zone B,MA,Female,Asian,45-54,3,1-2 years,1,1.005,Fully Meets,3,2022-02-02,2023-02-04,Left,Active,Contradicts dates,Retirement,Retirement,No
3311,Production Technician I,M2838,EW,Production,Field Operations,Project Manager,Contract,Temporary,Zone A,MA,Female,Black,45-54,3,Under 1 year,0,0.463,Fully Meets,4,2021-06-17,2021-12-03,Left,Active,Contradicts dates,Retirement,Retirement,Yes
3312,Production Technician I,M2839,MSC,Production,Engineers,Engineer,Part-Time,Temporary,Zone C,MA,Male,Hispanic,55+,4,3-5 years,3,4.679,Fully Meets,4,2018-12-01,,Employed,Active,Agrees with dates,,,No
3313,Production Technician I,M2840,TNS,Production,Wireline Construction,Assistant,Full-Time,Full-Time,Zone B,MA,Male,Hispanic,45-54,3,2-3 years,2,2.242,Fully Meets,3,2021-05-09,,Employed,Active,Agrees with dates,,,No
3314,Production Technician I,M2841,PYZ,Production,General - Eng,Project Manager,Part-Time,Temporary,Zone A,MA,Male,Other,55+,4,3-5 years,3,4.594,Fully Meets,4,2019-01-01,,Employed,Active,Agrees with dates,,,No
3315,Production Technician I,M2842,WBL,Production,Field Operations,Locator,Full-Time,Temporary,Zone C,MA,Female,Other,55+,4,1-2 years,1,1.429,Fully Meets,3,2018-10-13,2020-03-18,Left,Voluntarily Terminated,Agrees with dates,Involuntary,Involuntary,No
3316,Production Technician I,M2843,NEL,Production,Catv,Lineman,Part-Time,Full-Time,Zone C,MA,Female,Hispanic,45-54,3,2-3 years,2,2.634,Fully Meets,3,2020-04-25,2022-12-13,Left,Leave of Absence,Contradicts dates,Retirement,Retirement,No
3317,Production Technician I,M2844,PL,Production,Finance & Accounting,Specialist,Part-Time,Full-Time,Zone C,MA,Female,Other,35-44,2,1-2 years,1,1.388,Fully Meets,3,2022-03-17,,Employed,Active,Agrees with dates,,,No
3318,Production Technician I,M2845,BPC,Production,People Services,Administrator,Part-Time,Full-Time,Zone A,MA,Male,White,25-34,1,2-3 years,2,2.231,Fully Meets,3,2019-11-18,2022-02-10,Left,Leave of Absence,Contradicts dates,Resignation,Voluntary,No
3319,Production Technician II,M2846,NEL,Production,Field Operations,Laborer,Full-Time,Temporary,Zone B,MA,Female,Hispanic,55+,4,3-5 years,3,3.825,Fully Meets,3,2019-10-09,,Employed,Active,Agrees with dates,,,No
3320,Production Technician II,M2847,PL,Production,General - Con,Foreman,Part-Time,Part-Time,Zone A,MA,Male,Other,45-54,3,3-5 years,3,3.217,Fully Meets,5,2020-05-18,,Employed,Active,Agrees with dates,,,No
3321,Production Technician II,M2848,BPC,Production,Engineers,Technician,Contract,Full-Time,Zone B,MA,Male,White,35-44,2,3-5 years,3,4.465,Fully Meets,2,2019-02-17,,Employed,Active,Agrees with dates,,,No
3322,Production Technician II,M2849,CCDR,Production,Aerial,Lineman,Part-Time,Full-Time,Zone B,MA,Male,White,55+,4,2-3 years,2,2.157,Fully Meets,4,2020-07-31,2022-09-27,Left,Voluntarily Terminated,Agrees with dates,Voluntary,Voluntary,No
3323,Production Technician II,M2850,SVG,Production,Project Management - Con,Laborer,Full-Time,Temporary,Zone C,MA,Female,Black,55+,4,Under 1 year,0,0.071,Fully Meets,4,2023-06-17,2023-07-13,Left,Leave of Absence,Contradicts dates,Voluntary,Voluntary,Yes
3324,Production Technician II,M2851,EW,Production,Splicing,Splicer,Part-Time,Part-Time,Zone A,MA,Female,Black,55+,4,3-5 years,3,3.066,PIP,3,2019-06-30,2022-07-24,Left,Leave of Absence,Contradicts dates,Involuntary,Involuntary,No
3325,Production Technician II,M2852,MSC,Production,Field Operations,Technician,Contract,Part-Time,Zone A,MA,Female,White,25-34,1,Under 1 year,0,0.66,Fully Meets,3,2021-07-13,2022-03-11,Left,Voluntarily Terminated,Agrees with dates,Involuntary,Involuntary,Yes
3326,Production Technician I,M2853,PYZ,Production,General - Con,Laborer,Contract,Temporary,Zone A,MA,Male,Hispanic,55+,4,1-2 years,1,1.558,Fully Meets,3,2022-01-14,,Employed,Active,Agrees with dates,,,No
3327,Production Technician I,M2854,WBL,Production,Fielders,Technician,Contract,Full-Time,Zone C,MA,Female,Hispanic,35-44,2,3-5 years,3,3.595,Fully Meets,1,2020-01-01,,Employed,Active,Agrees with dates,,,No
3328,Production Technician I,M2855,NEL,Production,Engineers,Engineer,Part-Time,Full-Time,Zone A,MA,Male,White,55+,4,2-3 years,2,2.461,Fully Meets,3,2020-10-24,2023-04-11,Left,Voluntarily Terminated,Agrees with dates,Resignation,Voluntary,No
3329,Production Technician I,M2856,PL,Production,General - Sga,Coordinator,Part-Time,Full-Time,Zone B,MA,Male,Hispanic,35-44,2,2-3 years,2,2.782,Fully Meets,4,2020-10-24,,Employed,Active,Agrees with dates,,,No
3330,Production Technician I,M2857,BPC,Production,Fielders,Engineer,Part-Time,Part-Time,Zone C,MA,Female,White,45-54,3,2-3 years,2,2.99,Fully Meets,4,2020-08-09,,Employed,Active,Agrees with dates,,,No
3331,Production Technician I,M2858,CCDR,Production,Field Operations,Technician,Full-Time,Part-Time,Zone A,MA,Female,Other,55+,4,1-2 years,1,1.566,Fully Meets,2,2019-03-24,2020-10-16,Left,Active,Contradicts dates,Voluntary,Voluntary,No
3332,Production Technician I,M2859,SVG,Production,Wireline Construction,Driver,Part-Time,Temporary,Zone B,MA,Female,Other,55+,4,Under 1 year,0,0.769,Fully Meets,3,2022-10-29,,Employed,Active,Agrees with dates,,,No
3333,Production Technician I,M2860,EW,Production,Field Operations,Administrative,Contract,Temporary,Zone B,MA,Male,Hispanic,25-34,1,Under 1 year,0,0.225,Fully Meets,3,2023-05-16,,Employed,Active,Agrees with dates,,,No
3334,Production Technician I,M2861,MSC,Production,Project Management - Con,Drafter,Part-Time,Part-Time,Zone B,MA,Male,White,25-34,1,Under 1 year,0,0.186,Fully Meets,3,2023-05-30,,Employed,Active,Agrees with dates,,,No
3335,Production Technician I,M2862,TNS,Production,Field Operations,Driller,Part-Time,Temporary,Zone B,MA,Male,Other,25-34,1,2-3 years,2,2.47,Fully Meets,3,2019-06-28,2021-12-16,Left,Voluntarily Terminated,Agrees with dates,Resignation,Voluntary,No
3336,Production Technician I,M2863,PYZ,Production,General - Con,Coordinator,Contract,Part-Time,Zone A,MA,Male,Asian,35-44,2,Under 1 year,0,0.145,Fully Meets,3,2023-03-25,2023-05-17,Left,Voluntarily Terminated,Agrees with dates,Retirement,Retirement,Yes
3337,Production Technician I,M2864,WBL,Production,Engineers,Project Manager,Full-Time,Part-Time,Zone A,MA,Female,Black,45-54,3,Under 1 year,0,0.945,Fully Meets,3,2022-08-26,,Employed,Active,Agrees with dates,,,No
3338,Production Technician I,M2865,NEL,Production,General - Con,Laborer,Contract,Temporary,Zone C,MA,Female,Hispanic,55+,4,3-5 years,3,3.723,Fully Meets,3,2019-11-15,,Employed,Active,Agrees with dates,,,No
3339,Production Technician I,M2866,PL,Production,Technology / It,Engineer,Part-Time,Part-Time,Zone C,MA,Male,Hispanic,55+,4,1-2 years,1,1.955,Fully Meets,5,2021-08-22,,Employed,Active,Agrees with dates,,,No
3340,Production Technician I,M2867,BPC,Production,General - Con,Technician,Part-Time,Full-Time,Zone A,MA,Male,White,55+,4,Under 1 year,0,0.684,Fully Meets,3,2022-11-29,,Employed,Active,Agrees with dates,,,No
3341,Production Technician II,M2868,WBL,Production,General - Con,Splicer,Full-Time,Temporary,Zone C,MA,Female,White,55+,4,Under 1 year,0,0.279,Fully Meets,1,2022-10-15,2023-01-25,Left,Active,Contradicts dates,Involuntary,Involuntary,Yes
3342,Production Technician II,M2869,NEL,Production,Aerial,Lineman,Full-Time,Part-Time,Zone C,MA,Male,Other,Under 25,0,2-3 years,2,2.015,Fully Meets,2,2021-07-31,,Employed,Active,Agrees with dates,,,No
3343,Production Technician II,M2870,PL,Production,Field Operations,Mechanic,Part-Time,Full-Time,Zone A,MA,Male,Hispanic,55+,4,1-2 years,1,1.257,Fully Meets,4,2022-02-21,2023-05-26,Left,Active,Contradicts dates,Retirement,Retirement,No
3344,Production Technician II,M2871,BPC,Production,General - Con,Lineman,Contract,Temporary,Zone B,MA,Male,White,55+,4,1-2 years,1,1.936,Fully Meets,3,2021-08-29,,Employed,Active,Agrees with dates,,,No
3345,Production Technician II,M2872,CCDR,Production,Project Management - Con,Director,Full-Time,Part-Time,Zone C,MA,Male,Asian,35-44,2,1-2 years,1,1.128,Fully Meets,4,2021-12-13,2023-01-29,Left,Voluntarily Terminated,Agrees with dates,Retirement,Retirement,No
3346,Production Technician II,M2873,SVG,Production,Yard (Material Handling),Lineman,Part-Time,Temporary,Zone B,MA,Female,Other,55+,4,Under 1 year,0,0.873,Fully Meets,2,2021-03-30,2022-02-12,Left,Leave of Absence,Contradicts dates,Involuntary,Involuntary,Yes
3347,Production Technician II,M2874,EW,Production,Catv,Operator,Contract,Temporary,Zone C,MA,Female,Hispanic,55+,4,1-2 years,1,1.273,Fully Meets,3,2021-02-02,2022-05-13,Left,Leave of Absence,Contradicts dates,Resignation,Voluntary,No
3348,Production Technician II,M1566,MSC,Production,General - Con,Laborer,Part-Time,Part-Time,Zone A,MA,Female,Asian,35-44,2,3-5 years,3,3.765,Fully Meets,2,2019-10-31,,Employed,Active,Agrees with dates,,,No
3349,Production Technician I,M2875,WBL,Production,General - Eng,Drafter,Contract,Full-Time,Zone A,MA,Male,Hispanic,55+,4,Under 1 year,0,0.745,Fully Meets,3,2022-11-07,,Employed,Active,Agrees with dates,,,No
3350,Production Technician I,M2876,BPC,Production,Project Management - Con,Technician,Full-Time,Part-Time,Zone B,MA,Female,Hispanic,45-54,3,Under 1 year,0,0.709,Fully Meets,5,2022-11-20,,Employed,Active,Agrees with dates,,,No
3351,Production Technician I,M2877,CCDR,Production,Shop (Fleet),Warehouse,Contract,Part-Time,Zone C,MA,Male,Hispanic,45-54,3,Under 1 year,0,0.307,Fully Meets,2,2021-12-15,2022-04-06,Left,Voluntarily Terminated,Agrees with dates,Involuntary,Involuntary,Yes
3352,Production Technician I,M2878,EW,Production,Field Operations,Groundman,Part-Time,Full-Time,Zone B,MA,Male,Other,35-44,2,Under 1 year,0,0.452,Fully Meets,3,2023-02-22,,Employed,Active,Agrees with dates,,,No
3353,Production Technician I,M2879,MSC,Production,General - Con,Lineman,Contract,Part-Time,Zone B,MA,Female,Hispanic,45-54,3,3-5 years,3,3.354,Fully Meets,3,2020-03-29,,Employed,Active,Agrees with dates,,,No
3354,Production Technician I,M2880,NEL,Production,Field Operations,Laborer,Part-Time,Temporary,Zone A,MA,Female,Asian,55+,4,1-2 years,1,1.851,Fully Meets,3,2021-08-09,2023-06-16,Left,Active,Contradicts dates,Retirement,Retirement,No
3355,Production Technician I,M2881,PL,Production,Aerial,Technician,Contract,Part-Time,Zone B,MA,Female,White,25-34,1,Under 1 year,0,0.457,Fully Meets,5,2023-01-02,2023-06-18,Left,Active,Contradicts dates,Resignation,Voluntary,Yes
3356,Production Technician I,M2882,PYZ,Production,General - Eng,Technician,Full-Time,Part-Time,Zone C,MA,Female,Asian,25-34,1,3-5 years,3,4.736,Needs Improvement,3,2018-11-10,,Employed,Active,Agrees with dates,,,No
3357,Production Technician I,M2883,SVG,Production,Engineers,Director,Full-Time,Temporary,Zone B,MA,Male,Asian,55+,4,Under 1 year,0,0.934,Exceeds,1,2022-08-30,,Employed,Active,Agrees with dates,,,No
3358,Production Technician I,M2884,TNS,Production,Field Operations,Laborer,Full-Time,Part-Time,Zone A,MA,Male,Black,Under 25,0,1-2 years,1,1.344,Fully Meets,3,2021-07-30,2022-12-03,Left,Leave of Absence,Contradicts dates,Voluntary,Voluntary,No
3359,Production Technician I,M2885,WBL,Production,Field Operations,Laborer,Full-Time,Temporary,Zone C,MA,Male,Hispanic,35-44,2,2-3 years,2,2.683,Exceeds,3,2020-11-29,,Employed,Active,Agrees with dates,,,No
3360,Production Technician I,M2886,BPC,Production,General - Con,Safety,Part-Time,Part-Time,Zone A,MA,Female,Asian,45-54,3,2-3 years,2,2.368,Exceeds,2,2021-03-24,,Employed,Active,Agrees with dates,,,No
3361,Production Technician I,M2887,CCDR,Production,General - Con,Technician,Part-Time,Temporary,Zone B,MA,Female,Other,55+,4,1-2 years,1,1.153,Exceeds,3,2020-12-29,2022-02-23,Left,Voluntarily Terminated,Agrees with dates,Voluntary,Voluntary,No
3362,Production Technician I,M2888,EW,Production,Field Operations,Laborer,Full-Time,Temporary,Zone C,MA,Female,Asian,55+,4,2-3 years,2,2.01,Exceeds,1,2021-08-02,,Employed,Active,Agrees with dates,,,No
3363,Production Technician I,M2889,MSC,Production,Field Operations,Laborer,Part-Time,Temporary,Zone A,MA,Male,Black,55+,4,1-2 years,1,1.352,Exceeds,5,2022-03-30,,Employed,Active,Agrees with dates,,,No
3364,Production Technician II,M2890,WBL,Production,Engineers,Technician,Part-Time,Temporary,Zone A,MA,Female,Hispanic,55+,4,Under 1 year,0,0.509,Exceeds,3,2021-03-05,2021-09-07,Left,Active,Contradicts dates,Retirement,Retirement,Yes
3365,Production Technician II,M2891,NEL,Production,Project Management - Con,Laborer,Contract,Temporary,Zone B,MA,Male,Asian,55+,4,2-3 years,2,2.675,Fully Meets,3,2020-12-02,,Employed,Active,Agrees with dates,,,No
3366,Production Technician II,M2892,PL,Production,General - Con,Project Manager,Contract,Full-Time,Zone C,MA,Male,Black,45-54,3,Under 1 year,0,0.994,Exceeds,4,2019-01-20,2020-01-18,Left,Voluntarily Terminated,Agrees with dates,Voluntary,Voluntary,Yes
3367,Production Technician II,M2893,BPC,Production,Field Operations,Laborer,Full-Time,Full-Time,Zone B,MA,Male,Other,55+,4,1-2 years,1,1.676,Exceeds,2,2020-05-30,2022-02-01,Left,Voluntarily Terminated,Agrees with dates,Retirement,Retirement,No
3368,Production Technician II,M2894,CCDR,Production,Field Operations,Apprentice,Part-Time,Part-Time,Zone B,MA,Male,Black,25-34,1,3-5 years,3,3.496,Exceeds,5,2019-11-14,2023-05-14,Left,Leave of Absence,Contradicts dates,Retirement,Retirement,No
3369,Production Technician II,M2895,SVG,Production,General - Con,Locator,Part-Time,Temporary,Zone A,MA,Female,Other,55+,4,Under 1 year,0,0.657,Exceeds,2,2022-07-27,2023-03-24,Left,Leave of Absence,Contradicts dates,Resignation,Voluntary,Yes
3370,Production Technician II,M2896,EW,Production,General - Con,Laborer,Contract,Temporary,Zone C,MA,Female,Asian,55+,4,1-2 years,1,1.128,Exceeds,3,2022-06-20,,Employed,Active,Agrees with dates,,,No
3371,Production Technician II,M2897,MSC,Production,Wireless,Manager,Full-Time,Full-Time,Zone A,MA,Female,Hispanic,45-54,3,Under 1 year,0,0.252,Exceeds,3,2022-12-20,2023-03-22,Left,Voluntarily Terminated,Agrees with dates,Resignation,Voluntary,Yes
3372,Production Technician I,M2898,TNS,Production,Project Management - Con,Manager,Contract,Part-Time,Zone C,MA,Female,Asian,25-34,1,Under 1 year,0,0.162,Fully Meets,4,2023-01-14,2023-03-14,Left,Voluntarily Terminated,Agrees with dates,Involuntary,Involuntary,Yes
3373,Production Technician I,M2899,PYZ,Production,Aerial,Foreman,Contract,Temporary,Zone A,MA,Male,Other,25-34,1,3-5 years,3,4.871,Exceeds,2,2018-09-22,,Employed,Active,Agrees with dates,,,No
3374,Production Technician I,M2900,WBL,Production,Field Operations,Laborer,Part-Time,Temporary,Zone A,MA,Male,Hispanic,Under 25,0,Under 1 year,0,0.457,Exceeds,4,2022-09-24,2023-03-10,Left,Voluntarily Terminated,Agrees with dates,Involuntary,Involuntary,Yes
3375,Production Technician I,M2901,NEL,Production,Engineers,Program Manager,Full-Time,Full-Time,Zone B,MA,Female,Black,Under 25,0,1-2 years,1,1.095,Exceeds,3,2020-06-08,2021-07-13,Left,Voluntarily Terminated,Agrees with dates,Voluntary,Voluntary,No
3376,Production Technician I,M2902,PL,Production,Field Operations,Technician,Part-Time,Temporary,Zone B,MA,Female,Asian,35-44,2,Under 1 year,0,0.085,Exceeds,5,2023-07-06,,Employed,Active,Agrees with dates,,,No
3377,Production Technician I,M2903,BPC,Production,Splicing,Foreman,Part-Time,Temporary,Zone A,MA,Female,Asian,25-34,1,3-5 years,3,3.214,Exceeds,4,2020-02-24,2023-05-13,Left,Active,Contradicts dates,Resignation,Voluntary,No
3378,Production Technician I,M2904,CCDR,Production,General - Con,Technician,Contract,Temporary,Zone B,MA,Female,White,25-34,1,2-3 years,2,2.196,Exceeds,3,2021-05-26,,Employed,Active,Agrees with dates,,,No
3379,Production Technician I,M2905,SVG,Production,Technology / It,Helpdesk,Contract,Part-Time,Zone C,MA,Female,Hispanic,45-54,3,Under 1 year,0,0.181,Exceeds,4,2023-04-09,2023-06-14,Left,Leave of Absence,Contradicts dates,Voluntary,Voluntary,Yes
3380,Production Technician I,M2906,EW,Production,Field Operations,Technician,Full-Time,Temporary,Zone C,MA,Male,Black,35-44,2,Under 1 year,0,0.11,Exceeds,1,2023-06-27,,Employed,Active,Agrees with dates,,,No
3381,Production Technician I,M2907,MSC,Production,Field Operations,Foreman,Contract,Part-Time,Zone C,MA,Male,White,55+,4,Under 1 year,0,0.627,Exceeds,3,2022-12-20,,Employed,Active,Agrees with dates,,,No
3382,Production Technician I,M2908,TNS,Production,Field Operations,Administrator,Part-Time,Temporary,Zone C,MA,Male,Other,45-54,3,3-5 years,3,4.736,Exceeds,5,2018-11-10,,Employed,Active,Agrees with dates,,,No
3383,Production Technician I,M2909,PYZ,Production,General - Con,Splicer,Part-Time,Part-Time,Zone C,MA,Female,Hispanic,35-44,2,Under 1 year,0,0.137,Exceeds,2,2020-08-13,2020-10-02,Left,Voluntarily Terminated,Agrees with dates,Resignation,Voluntary,Yes
3384,Production Technician I,M2910,WBL,Production,Field Operations,Operator,Full-Time,Full-Time,Zone C,MA,Female,Hispanic,25-34,1,3-5 years,3,4.416,Fully Meets,3,2019-03-07,,Employed,Active,Agrees with dates,,,No
3385,Production Technician I,M2911,NEL,Production,General - Con,Technician,Part-Time,Full-Time,Zone A,MA,Female,Other,45-54,3,1-2 years,1,1.399,Fully Meets,3,2022-03-13,,Employed,Active,Agrees with dates,,,No
3386,Production Technician II,M2912,WBL,Production,General - Con,Laborer,Contract,Temporary,Zone C,MA,Female,Hispanic,25-34,1,1-2 years,1,1.177,Fully Meets,2,2019-11-25,2021-01-28,Left,Active,Contradicts dates,Voluntary,Voluntary,No
3387,Production Technician II,M2913,NEL,Production,General - Sga,Supervisor,Full-Time,Full-Time,Zone C,MA,Male,Other,55+,4,3-5 years,3,4.419,Fully Meets,3,2019-03-06,,Employed,Active,Agrees with dates,,,No
3388,Production Technician II,M2914,PL,Production,Fielders,Technician,Part-Time,Temporary,Zone A,MA,Male,Black,25-34,1,3-5 years,3,4.298,Fully Meets,1,2019-04-19,,Employed,Active,Agrees with dates,,,No
3389,Production Technician II,M2915,BPC,Production,Field Operations,Laborer,Full-Time,Temporary,Zone C,MA,Male,Asian,55+,4,2-3 years,2,2.982,Fully Meets,1,2020-08-12,,Employed,Active,Agrees with dates,,,No
3390,Production Technician II,M2916,CCDR,Production,Billable Consultants,Engineer,Part-Time,Temporary,Zone B,MA,Female,Hispanic,45-54,3,Under 1 year,0,0.208,Fully Meets,1,2022-10-21,2023-01-05,Left,Leave of Absence,Contradicts dates,Voluntary,Voluntary,Yes
3391,Production Technician II,M2917,SVG,Production,General - Sga,Project Manager,Part-Time,Full-Time,Zone C,MA,Female,Black,25-34,1,3-5 years,3,3.562,Fully Meets,3,2020-01-13,,Employed,Active,Agrees with dates,,,No
3392,Production Technician II,M2918,EW,Production,General - Con,Technician,Full-Time,Full-Time,Zone B,MA,Female,Other,35-44,2,1-2 years,1,1.845,Fully Meets,2,2019-11-18,2021-09-22,Left,Voluntarily Terminated,Agrees with dates,Voluntary,Voluntary,No
3393,Production Technician I,M2919,BPC,Production,General - Con,Flagger,Contract,Full-Time,Zone B,MA,Female,Hispanic,55+,4,3-5 years,3,4.947,Needs Improvement,3,2018-08-25,,Employed,Active,Agrees with dates,,,No
3394,Production Technician I,M2920,WBL,Production,Field Operations,Technician,Contract,Temporary,Zone B,MA,Male,Black,55+,4,2-3 years,2,2.201,Fully Meets,2,2021-05-24,,Employed,Active,Agrees with dates,,,No
3395,Production Technician I,M2921,TNS,Production,Field Operations,Driver,Part-Time,Part-Time,Zone A,MA,Female,Other,45-54,3,Under 1 year,0,0.597,Needs Improvement,3,2021-06-09,2022-01-13,Left,Voluntarily Terminated,Agrees with dates,Resignation,Voluntary,Yes
3396,Production Technician I,M2922,SVG,Production,General - Con,Foreman,Part-Time,Full-Time,Zone B,MA,Female,Asian,55+,4,Under 1 year,0,0.652,Fully Meets,4,2021-04-05,2021-11-29,Left,Voluntarily Terminated,Agrees with dates,Voluntary,Voluntary,Yes
3397,Production Technician I,M2923,PYZ,Production,Field Operations,Driller,Part-Time,Part-Time,Zone A,MA,Female,Asian,55+,4,Under 1 year,0,0.75,Fully Meets,3,2022-11-05,,Employed,Active,Agrees with dates,,,No
3398,Production Technician I,M2924,PL,Production,General - Con,Technician,Part-Time,Full-Time,Zone A,MA,Female,Other,55+,4,2-3 years,2,2.817,Fully Meets,3,2019-11-09,2022-09-03,Left,Active,Contradicts dates,Retirement,Retirement,No
3399,Production Technician I,M2925,NEL,Production,Aerial,Lineman,Full-Time,Full-Time,Zone B,MA,Female,White,35-44,2,Under 1 year,0,0.988,Fully Meets,2,2022-06-05,2023-06-01,Left,Active,Contradicts dates,Involuntary,Involuntary,Yes
3400,Production Technician I,M2926,MSC,Production,Shop (Fleet),Mechanic,Full-Time,Temporary,Zone C,MA,Female,Black,45-54,3,1-2 years,1,1.873,Fully Meets,1,2021-09-21,,Employed,Active,Agrees with dates,,,No
3401,Production Technician I,M2927,EW,Production,Field Operations,Laborer,Contract,Full-Time,Zone A,MA,Male,Hispanic,45-54,3,1-2 years,1,1.563,Fully Meets,1,2021-11-10,2023-06-04,Left,Leave of Absence,Contradicts dates,Involuntary,Involuntary,No
3402,Production Technician I,M2928,CCDR,Production,Field Operations,Engineer,Part-Time,Full-Time,Zone C,MA,Male,Black,45-54,3,1-2 years,1,1.109,Fully Meets,3,2021-03-03,2022-04-12,Left,Voluntarily Terminated,Agrees with dates,Voluntary,Voluntary,No
3403,Production Technician I,M2929,BPC,Production,Field Operations,Laborer,Contract,Full-Time,Zone A,MA,Female,Asian,45-54,3,1-2 years,1,1.736,Exceeds,3,2021-02-19,2022-11-15,Left,Voluntarily Terminated,Agrees with dates,Retirement,Retirement,No
3404,Production Technician I,M2930,PYZ,Production,Field Operations,Driller,Part-Time,Full-Time,Zone C,MA,Female,Other,35-44,2,3-5 years,3,3.548,Fully Meets,2,2019-04-25,2022-11-11,Left,Leave of Absence,Contradicts dates,Involuntary,Involuntary,No
3405,Production Technician I,M2931,WBL,Production,Field Operations,Engineer,Contract,Full-Time,Zone B,MA,Female,White,35-44,2,2-3 years,2,2.771,Fully Meets,1,2020-01-13,2022-10-21,Left,Leave of Absence,Contradicts dates,Voluntary,Voluntary,No
3406,Production Technician I,M2932,NEL,Production,Finance & Accounting,Administration,Contract,Temporary,Zone C,MA,Female,Other,55+,4,3-5 years,3,3.086,Fully Meets,5,2020-03-25,2023-04-26,Left,Voluntarily Terminated,Agrees with dates,Involuntary,Involuntary,No
3407,Production Technician II,M2933,WBL,Production,Field Operations,Construction Manager,Part-Time,Temporary,Zone C,MA,Female,Asian,55+,4,2-3 years,2,2.07,Fully Meets,5,2021-04-15,2023-05-11,Left,Active,Contradicts dates,Voluntary,Voluntary,No
3408,Production Technician II,M2934,NEL,Production,Field Operations,Supervisor,Contract,Full-Time,Zone B,MA,Male,Asian,55+,4,Under 1 year,0,0.359,Fully Meets,3,2022-12-15,2023-04-25,Left,Voluntarily Terminated,Agrees with dates,Resignation,Voluntary,Yes
3409,Production Technician II,M2935,PL,Production,Yard (Material Handling),Laborer,Contract,Full-Time,Zone B,MA,Male,Asian,55+,4,Under 1 year,0,0.326,Fully Meets,4,2022-10-08,2023-02-04,Left,Active,Contradicts dates,Resignation,Voluntary,Yes
3410,Production Technician II,M2936,BPC,Production,People Services,Manager,Contract,Temporary,Zone C,MA,Male,Hispanic,35-44,2,3-5 years,3,4.632,Fully Meets,3,2018-12-18,,Employed,Active,Agrees with dates,,,No
3411,Production Technician II,M2937,CCDR,Production,General - Eng,Administrative,Full-Time,Part-Time,Zone B,MA,Female,Asian,55+,4,Under 1 year,0,0.832,Fully Meets,2,2022-10-06,,Employed,Active,Agrees with dates,,,No
3412,Production Technician II,M2938,SVG,Production,Shop (Fleet),Mechanic,Part-Time,Full-Time,Zone A,MA,Female,White,25-34,1,3-5 years,3,3.606,Exceeds,3,2019-12-28,,Employed,Active,Agrees with dates,,,No
3413,Production Technician II,M2939,EW,Production,Field Operations,Laborer,Contract,Temporary,Zone B,MA,Female,White,55+,4,3-5 years,3,3.696,Fully Meets,5,2019-11-25,,Employed,Active,Agrees with dates,,,No
3414,Production Technician I,M2940,MSC,Production,General - Con,Foreman,Contract,Temporary,Zone C,MA,Female,Hispanic,25-34,1,1-2 years,1,1.175,Exceeds,3,2022-06-03,,Employed,Active,Agrees with dates,,,No
3415,Production Technician I,M2941,TNS,Production,Splicing,Driver,Full-Time,Part-Time,Zone A,MA,Male,Hispanic,45-54,3,Under 1 year,0,0.515,Fully Meets,3,2022-09-09,2023-03-16,Left,Voluntarily Terminated,Agrees with dates,Retirement,Retirement,Yes
3416,Production Technician I,M2942,BPC,Production,Finance & Accounting,Director,Full-Time,Part-Time,Zone B,MA,Male,Asian,25-34,1,2-3 years,2,2.842,Fully Meets,2,2020-10-02,,Employed,Active,Agrees with dates,,,No
3417,Production Technician I,M2943,CCDR,Production,Splicing,Splicer,Part-Time,Part-Time,Zone A,MA,Female,Other,Under 25,0,1-2 years,1,1.492,Fully Meets,1,2022-02-07,,Employed,Active,Agrees with dates,,,No
3418,Production Technician I,M2944,EW,Production,General - Con,Coordinator,Part-Time,Temporary,Zone B,MA,Female,Asian,25-34,1,Under 1 year,0,0.81,Fully Meets,4,2022-10-14,,Employed,Active,Agrees with dates,,,No
3419,Production Technician I,M2945,MSC,Production,General - Con,Foreman,Contract,Temporary,Zone C,MA,Female,Black,55+,4,3-5 years,3,3.811,Fully Meets,2,2019-10-14,,Employed,Active,Agrees with dates,,,No
3420,Production Technician I,M2946,NEL,Production,Field Operations,Laborer,Contract,Full-Time,Zone A,MA,Female,Other,55+,4,1-2 years,1,1.818,Fully Meets,2,2020-10-10,2022-08-05,Left,Active,Contradicts dates,Voluntary,Voluntary,No
3421,Production Technician I,M2947,PL,Production,Wireless,Foreman,Part-Time,Part-Time,Zone A,MA,Female,Other,55+,4,Under 1 year,0,0.334,Fully Meets,1,2022-05-09,2022-09-08,Left,Active,Contradicts dates,Retirement,Retirement,Yes
3422,Production Technician I,M2948,PYZ,Production,Engineers,Model Assistant,Part-Time,Part-Time,Zone C,MA,Female,Other,25-34,1,Under 1 year,0,0.126,Fully Meets,3,2022-06-22,2022-08-07,Left,Leave of Absence,Contradicts dates,Retirement,Retirement,Yes
3423,Production Technician I,M2949,SVG,Production,Engineers,Engineer,Part-Time,Full-Time,Zone A,MA,Male,Black,Under 25,0,2-3 years,2,2.604,Fully Meets,3,2020-12-28,,Employed,Active,Agrees with dates,,,No
3424,Production Technician I,M2950,TNS,Production,Wireline Construction,Laborer,Contract,Temporary,Zone B,MA,Male,White,25-34,1,1-2 years,1,1.651,Fully Meets,2,2020-12-09,2022-08-04,Left,Voluntarily Terminated,Agrees with dates,Involuntary,Involuntary,No
3425,Production Technician I,M2951,WBL,Production,Aerial,Foreman,Contract,Full-Time,Zone B,MA,Female,Hispanic,55+,4,2-3 years,2,2.407,Fully Meets,2,2019-05-28,2021-10-23,Left,Voluntarily Terminated,Agrees with dates,Resignation,Voluntary,No
3426,Production Technician I,M2952,BPC,Production,Field Operations,Warehouse Technician,Full-Time,Temporary,Zone B,MA,Female,White,25-34,1,1-2 years,1,1.276,Fully Meets,2,2022-04-27,,Employed,Active,Agrees with dates,,,No
3427,Production Technician I,M001,CCDR,Production,Finance & Accounting,Accounting,Contract,Temporary,Zone C,MA,Female,White,45-54,3,3-5 years,3,3.877,Fully Meets,4,2019-09-20,,Employed,Active,Agrees with dates,,,No
3428,Production Technician I,M002,EW,Production,Aerial,Labor,Contract,Part-Time,Zone A,MA,Male,Hispanic,55+,4,Under 1 year,0,0.482,Fully Meets,3,2023-02-11,,Employed,Active,Agrees with dates,,,No
3429,Area Sales Manager,M003,PL,Sales,General - Sga,Assistant,Full-Time,Part-Time,Zone B,MA,Male,Hispanic,25-34,1,3-5 years,3,4.654,Fully Meets,4,2018-12-10,,Employed,Active,Agrees with dates,,,No
3430,Area Sales Manager,M004,CCDR,Sales,Finance & Accounting,Clerk,Contract,Full-Time,Zone A,ND,Male,Other,25-34,1,2-3 years,2,2.125,Fully Meets,2,2021-06-21,,Employed,Active,Agrees with dates,,,No
3431,Area Sales Manager,M005,TNS,Sales,General - Con,Laborer,Contract,Temporary,Zone A,FL,Female,Other,45-54,3,3-5 years,3,4.104,Fully Meets,3,2019-06-29,,Employed,Active,Agrees with dates,,,No
3432,Area Sales Manager,M006,BPC,Sales,Field Operations,Driver,Contract,Full-Time,Zone B,CT,Male,Black,55+,4,3-5 years,3,3.551,Fully Meets,3,2020-01-17,,Employed,Active,Agrees with dates,,,No
3433,Area Sales Manager,M007,WBL,Sales,General - Eng,Technician,Full-Time,Temporary,Zone B,CA,Female,Hispanic,55+,4,1-2 years,1,1.24,Exceeds,4,2022-04-06,2023-07-03,Left,Active,Contradicts dates,Involuntary,Involuntary,No
3434,Area Sales Manager,M008,CCDR,Sales,Engineers,Engineer,Contract,Full-Time,Zone C,OR,Female,White,55+,4,2-3 years,2,2.229,Fully Meets,2,2020-11-06,2023-01-29,Left,Active,Contradicts dates,Involuntary,Involuntary,No
3435,Area Sales Manager,M009,NEL,Sales,Executive,Executive Assistant,Contract,Part-Time,Zone B,TX,Male,Black,45-54,3,3-5 years,3,4.966,Exceeds,3,2018-08-18,,Employed,Active,Agrees with dates,,,No
3436,Area Sales Manager,M010,BPC,Sales,Engineers,Engineer,Part-Time,Temporary,Zone B,TX,Male,Asian,55+,4,1-2 years,1,1.435,Fully Meets,5,2022-01-21,2023-06-29,Left,Active,Contradicts dates,Resignation,Voluntary,No
3437,Area Sales Manager,M011,SVG,Sales,Field Operations,Technician,Contract,Temporary,Zone B,IN,Female,Other,55+,4,Under 1 year,0,0.005,Fully Meets,5,2023-08-04,,Employed,Active,Agrees with dates,,,No
3438,Area Sales Manager,M012,MSC,Sales,General - Con,Technician,Full-Time,Temporary,Zone C,GA,Female,Asian,55+,4,1-2 years,1,1.235,Fully Meets,3,2018-08-10,2019-11-04,Left,Active,Contradicts dates,Retirement,Retirement,No
3439,Area Sales Manager,M013,EW,Sales,Splicing,Splicer,Full-Time,Temporary,Zone A,CO,Male,Other,35-44,2,Under 1 year,0,0.509,Fully Meets,3,2022-05-25,2022-11-27,Left,Active,Contradicts dates,Involuntary,Involuntary,Yes
3440,Area Sales Manager,M014,CCDR,Sales,Finance & Accounting,Controller,Contract,Full-Time,Zone A,KY,Female,White,55+,4,3-5 years,3,3.203,Fully Meets,3,2019-12-05,2023-02-17,Left,Active,Contradicts dates,Resignation,Voluntary,No
3441,Area Sales Manager,M015,BPC,Sales,General - Con,Lineman,Part-Time,Part-Time,Zone A,NV,Male,Asian,25-34,1,3-5 years,3,4.274,Exceeds,4,2019-04-28,,Employed,Active,Agrees with dates,,,No
3442,Area Sales Manager,M016,PYZ,IT/IS,Field Operations,Laborer,Full-Time,Full-Time,Zone A,MA,Male,Black,55+,4,2-3 years,2,2.938,Exceeds,2,2019-07-09,2022-06-16,Left,Active,Contradicts dates,Retirement,Retirement,No
3443,Area Sales Manager,M017,WBL,IT/IS,Project Management - Con,Coordinator,Full-Time,Part-Time,Zone C,KY,Male,Asian,25-34,1,2-3 years,2,2.1,Fully Meets,3,2021-04-05,2023-05-12,Left,Active,Contradicts dates,Voluntary,Voluntary,No
3444,Area Sales Manager,M018,NEL,Sales,Engineers,Director,Contract,Part-Time,Zone A,KY,Male,Other,35-44,2,Under 1 year,0,0.186,Fully Meets,3,2021-11-28,2022-02-04,Left,Active,Contradicts dates,Voluntary,Voluntary,Yes
3445,Area Sales Manager,M019,PL,Sales,Project Management - Con,Supervisor,Contract,Full-Time,Zone C,KY,Female,Other,35-44,2,2-3 years,2,2.552,Exceeds,4,2021-01-16,,Employed,Active,Agrees with dates,,,No
3446,Area Sales Manager,M020,BPC,Sales,Field Operations,Driller,Part-Time,Part-Time,Zone A,TX,Female,White,25-34,1,1-2 years,1,1.949,Exceeds,2,2021-08-24,,Employed,Active,Agrees with dates,,,No
3447,Area Sales Manager,M021,CCDR,Sales,General - Con,Technician,Part-Time,Part-Time,Zone C,TX,Female,Asian,55+,4,3-5 years,3,3.061,Fully Meets,3,2020-05-26,2023-06-18,Left,Future Start,Contradicts dates,Involuntary,Involuntary,No
3448,Area Sales Manager,M022,SVG,Sales,Engineers,Specialist,Full-Time,Temporary,Zone A,TX,Male,Asian,55+,4,1-2 years,1,1.101,Fully Meets,3,2019-10-01,2020-11-06,Left,Future Start,Contradicts dates,Retirement,Retirement,No
3449,Area Sales Manager,M023,EW,Sales,General - Eng,Technician,Contract,Temporary,Zone B,CO,Male,Black,25-34,1,Under 1 year,0,0.047,Fully Meets,5,2023-05-10,2023-05-27,Left,Future Start,Contradicts dates,Involuntary,Involuntary,Yes
3450,Area Sales Manager,M024,MSC,Sales,Field Operations,Operator,Contract,Temporary,Zone C,CO,Male,Other,25-34,1,2-3 years,2,2.256,Exceeds,2,2020-09-01,2022-12-04,Left,Active,Contradicts dates,Resignation,Voluntary,No
3451,Area Sales Manager,M025,TNS,Sales,General - Con,Technician,Contract,Full-Time,Zone C,CO,Male,Other,55+,4,1-2 years,1,1.728,Exceeds,3,2021-02-18,2022-11-11,Left,Active,Contradicts dates,Voluntary,Voluntary,No
3452,Area Sales Manager,M026,PYZ,Sales,General - Con,Foreman,Part-Time,Part-Time,Zone A,IN,Male,Black,55+,4,Under 1 year,0,0.742,Fully Meets,2,2022-11-08,,Employed,Active,Agrees with dates,,,No
3453,Area Sales Manager,M027,WBL,Sales,Fielders,Engineer,Contract,Part-Time,Zone C,MA,Male,White,35-44,2,Under 1 year,0,0.813,Fully Meets,4,2022-10-13,,Employed,Active,Agrees with dates,,,No
3454,Area Sales Manager,M028,PYZ,IT/IS,General - Con,Foreman,Full-Time,Full-Time,Zone C,KY,Male,Hispanic,45-54,3,Under 1 year,0,0.901,Needs Improvement,4,2022-09-11,,Employed,Active,Agrees with dates,,,No
3455,Area Sales Manager,M029,WBL,Sales,Project Management - Eng,Manager,Full-Time,Temporary,Zone C,KY,Male,Other,Under 25,0,1-2 years,1,1.016,Exceeds,4,2021-06-29,2022-07-05,Left,Active,Contradicts dates,Resignation,Voluntary,No
3456,Area Sales Manager,M030,NEL,Sales,Field Operations,Technician,Full-Time,Temporary,Zone A,KY,Female,Black,55+,4,Under 1 year,0,0.419,Fully Meets,3,2023-03-06,,Employed,Active,Agrees with dates,,,No
3457,Area Sales Manager,M031,PL,Sales,Engineers,Technician,Full-Time,Temporary,Zone B,KY,Female,White,55+,4,2-3 years,2,2.861,Needs Improvement,3,2020-09-25,,Employed,Active,Agrees with dates,,,No
3458,Area Sales Manager,M032,BPC,Sales,Field Operations,Laborer,Contract,Full-Time,Zone A,TX,Female,Hispanic,25-34,1,1-2 years,1,1.07,Needs Improvement,3,2022-04-28,2023-05-24,Left,Future Start,Contradicts dates,Voluntary,Voluntary,No
3459,Area Sales Manager,M033,CCDR,Sales,General - Con,Splicer,Part-Time,Full-Time,Zone A,TX,Male,Black,55+,4,1-2 years,1,1.175,Exceeds,2,2021-04-18,2022-06-21,Left,Future Start,Contradicts dates,Retirement,Retirement,No
3460,Area Sales Manager,M034,SVG,Sales,Aerial,Lineman,Full-Time,Full-Time,Zone A,TX,Male,Asian,55+,4,3-5 years,3,3.461,Fully Meets,3,2020-02-19,,Employed,Active,Agrees with dates,,,No
3461,Area Sales Manager,M035,EW,Sales,General - Con,Foreman,Full-Time,Part-Time,Zone C,CO,Male,Hispanic,25-34,1,2-3 years,2,2.207,Needs Improvement,1,2019-07-18,2021-10-01,Left,Future Start,Contradicts dates,Resignation,Voluntary,No
3462,Area Sales Manager,M036,MSC,Sales,Field Operations,Coordinator,Contract,Full-Time,Zone A,CO,Male,Hispanic,55+,4,3-5 years,3,3.012,Needs Improvement,3,2018-09-13,2021-09-17,Left,Active,Contradicts dates,Involuntary,Involuntary,No
3463,Area Sales Manager,M037,TNS,Sales,Field Operations,Tower Hand,Part-Time,Temporary,Zone A,IN,Male,Hispanic,55+,4,1-2 years,1,1.216,Fully Meets,1,2020-04-30,2021-07-18,Left,Active,Contradicts dates,Retirement,Retirement,No
3464,Area Sales Manager,M038,PYZ,Sales,Shop (Fleet),Mechanic,Contract,Full-Time,Zone B,MA,Male,Black,25-34,1,3-5 years,3,3.767,Needs Improvement,5,2018-12-03,2022-09-09,Left,Active,Contradicts dates,Involuntary,Involuntary,No
3465,Area Sales Manager,M039,WBL,Sales,General - Con,Flagger,Full-Time,Full-Time,Zone B,MA,Male,Asian,55+,4,1-2 years,1,1.741,Needs Improvement,3,2021-11-08,,Employed,Active,Agrees with dates,,,No
3466,Area Sales Manager,M040,PYZ,IT/IS,Aerial,Supervisor,Part-Time,Full-Time,Zone C,KY,Male,Other,35-44,2,Under 1 year,0,0.991,Exceeds,4,2022-04-13,2023-04-10,Left,Active,Contradicts dates,Retirement,Retirement,Yes
3467,Area Sales Manager,M041,WBL,Sales,Fielders,Engineer,Contract,Part-Time,Zone A,KY,Female,Asian,35-44,2,3-5 years,3,3.25,Exceeds,1,2020-05-06,,Employed,Active,Agrees with dates,,,No
3468,Area Sales Manager,M042,NEL,Sales,Wireline Construction,Foreman,Contract,Temporary,Zone B,KY,Female,Black,25-34,1,3-5 years,3,3.907,Fully Meets,4,2019-09-09,,Employed,Active,Agrees with dates,,,No
3469,Area Sales Manager,M043,PL,Sales,Field Operations,Driver,Contract,Full-Time,Zone B,TX,Female,Asian,55+,4,2-3 years,2,2.437,Needs Improvement,3,2020-07-29,2023-01-05,Left,Future Start,Contradicts dates,Resignation,Voluntary,No
3470,Area Sales Manager,M044,BPC,Sales,Field Operations,Technician,Contract,Part-Time,Zone C,TX,Female,Black,25-34,1,Under 1 year,0,0.953,Needs Improvement,3,2018-11-14,2019-10-28,Left,Future Start,Contradicts dates,Retirement,Retirement,Yes
3471,Area Sales Manager,M045,CCDR,Sales,Field Operations,Foreman,Part-Time,Temporary,Zone C,TX,Male,Asian,55+,4,3-5 years,3,3.433,Fully Meets,4,2020-02-29,,Employed,Active,Agrees with dates,,,No
3472,Area Sales Manager,M046,SVG,Sales,Project Management - Con,Director,Contract,Full-Time,Zone C,TX,Male,Other,35-44,2,Under 1 year,0,0.556,Exceeds,4,2023-01-15,,Employed,Active,Agrees with dates,,,No
3473,Area Sales Manager,M047,EW,Sales,Shop (Fleet),Manager,Part-Time,Temporary,Zone A,CO,Male,Hispanic,55+,4,Under 1 year,0,0.104,Exceeds,2,2023-06-29,,Employed,Active,Agrees with dates,,,No
3474,Area Sales Manager,M048,MSC,Sales,Catv,Laborer,Full-Time,Temporary,Zone A,CO,Male,Other,55+,4,3-5 years,3,3.409,Fully Meets,2,2020-03-09,,Employed,Active,Agrees with dates,,,No
3475,Area Sales Manager,M049,TNS,Sales,General - Con,Foreman,Full-Time,Temporary,Zone C,IN,Male,Asian,55+,4,1-2 years,1,1.558,Fully Meets,2,2021-09-21,2023-04-13,Left,Active,Contradicts dates,Resignation,Voluntary,No
3476,Area Sales Manager,M050,PYZ,Sales,Fielders,Engineer,Part-Time,Temporary,Zone A,MA,Male,Asian,55+,4,Under 1 year,0,0.066,Needs Improvement,2,2023-06-12,2023-07-06,Left,Active,Contradicts dates,Voluntary,Voluntary,Yes
3477,Area Sales Manager,M051,PYZ,IT/IS,Aerial,Laborer,Part-Time,Full-Time,Zone A,KY,Female,Asian,45-54,3,3-5 years,3,4.331,Needs Improvement,2,2019-04-07,,Employed,Active,Agrees with dates,,,No
3478,Area Sales Manager,M052,WBL,Sales,Wireline Construction,Groundman,Full-Time,Temporary,Zone C,KY,Female,Hispanic,55+,4,Under 1 year,0,0.312,Fully Meets,2,2018-09-17,2019-01-09,Left,Active,Contradicts dates,Resignation,Voluntary,Yes
3479,Area Sales Manager,M053,NEL,Sales,Project Management - Con,Technician,Contract,Part-Time,Zone A,TX,Female,Hispanic,55+,4,Under 1 year,0,0.665,Fully Meets,2,2022-08-02,2023-04-02,Left,Active,Contradicts dates,Involuntary,Involuntary,Yes
3480,Area Sales Manager,M054,PL,Sales,Catv,Supervisor,Full-Time,Temporary,Zone C,TX,Female,Black,55+,4,Under 1 year,0,0.104,Fully Meets,1,2022-09-08,2022-10-16,Left,Future Start,Contradicts dates,Retirement,Retirement,Yes
3481,Area Sales Manager,M055,BPC,Sales,Wireline Construction,Splicer,Full-Time,Part-Time,Zone C,TX,Male,Other,55+,4,2-3 years,2,2.234,Fully Meets,4,2019-03-07,2021-05-31,Left,Future Start,Contradicts dates,Voluntary,Voluntary,No
3482,Area Sales Manager,M056,CCDR,Sales,Catv,Lineman,Full-Time,Temporary,Zone A,TX,Male,Asian,25-34,1,1-2 years,1,1.279,Needs Improvement,2,2019-10-29,2021-02-07,Left,Future Start,Contradicts dates,Resignation,Voluntary,No
3483,Area Sales Manager,M057,SVG,Sales,Project Management - Con,Coordinator,Part-Time,Temporary,Zone B,CO,Male,Asian,55+,4,1-2 years,1,1.859,Fully Meets,1,2021-09-26,,Employed,Active,Agrees with dates,,,No
3484,Area Sales Manager,M058,EW,Sales,General - Con,Model Assistant,Part-Time,Full-Time,Zone B,CO,Male,Other,25-34,1,3-5 years,3,4.936,Fully Meets,4,2018-08-29,,Employed,Active,Agrees with dates,,,No
3485,Area Sales Manager,M059,MSC,Sales,Field Operations,Laborer,Contract,Full-Time,Zone C,CO,Male,White,25-34,1,1-2 years,1,1.777,Fully Meets,5,2021-10-26,,Employed,Active,Agrees with dates,,,No
3486,Area Sales Manager,M060,TNS,Sales,Fielders,Engineer,Part-Time,Temporary,Zone C,IN,Male,Other,25-34,1,Under 1 year,0,0.602,Fully Meets,4,2022-10-31,2023-06-08,Left,Active,Contradicts dates,Involuntary,Involuntary,Yes
3487,Area Sales Manager,M061,BPC,Sales,General - Sga,Administrator,Contract,Part-Time,Zone B,KY,Female,Other,25-34,1,Under 1 year,0,0.394,Fully Meets,4,2023-03-15,,Employed,Active,Agrees with dates,,,No
3488,Area Sales Manager,M062,CCDR,Sales,Wireline Construction,Lineman,Contract,Full-Time,Zone B,KY,Female,Asian,25-34,1,Under 1 year,0,0.906,Fully Meets,2,2022-09-09,,Employed,Active,Agrees with dates,,,No
3489,Area Sales Manager,M063,EW,Sales,Field Operations,Laborer,Part-Time,Temporary,Zone A,TX,Female,Black,55+,4,1-2 years,1,1.424,Fully Meets,2,2022-03-04,,Employed,Active,Agrees with dates,,,No
3490,Area Sales Manager,M064,MSC,Sales,General - Sga,Director,Part-Time,Part-Time,Zone A,TX,Female,Hispanic,25-34,1,3-5 years,3,4.482,Fully Meets,2,2019-02-11,,Employed,Active,Agrees with dates,,,No
3491,Area Sales Manager,M065,NEL,Sales,Field Operations,Driver,Contract,Full-Time,Zone B,TX,Male,White,45-54,3,2-3 years,2,2.524,Fully Meets,5,2021-01-26,,Employed,Active,Agrees with dates,,,No
3492,Area Sales Manager,M066,PL,Sales,General - Con,Clerk,Full-Time,Full-Time,Zone C,CO,Male,Asian,25-34,1,3-5 years,3,3.693,Fully Meets,1,2019-11-26,,Employed,Active,Agrees with dates,,,No
3493,Area Sales Manager,M067,PYZ,Sales,Project Management - Con,Project Manager,Full-Time,Full-Time,Zone C,CO,Male,Asian,35-44,2,3-5 years,3,4.06,Fully Meets,5,2019-07-15,,Employed,Active,Agrees with dates,,,No
3494,Area Sales Manager,M068,SVG,Sales,General - Con,Technician,Contract,Full-Time,Zone B,CO,Male,Black,25-34,1,3-5 years,3,3.132,Fully Meets,4,2020-06-18,,Employed,Active,Agrees with dates,,,No
3495,Area Sales Manager,M069,TNS,Sales,Wireline Construction,Laborer,Part-Time,Temporary,Zone B,IN,Male,Other,25-34,1,Under 1 year,0,0.082,Fully Meets,4,2023-06-22,2023-07-22,Left,Active,Contradicts dates,Retirement,Retirement,Yes
3496,Area Sales Manager,M070,WBL,Sales,General - Sga,Administrator,Contract,Part-Time,Zone A,CA,Male,Other,55+,4,1-2 years,1,1.676,Fully Meets,5,2021-12-02,,Employed,Active,Agrees with dates,,,No
3497,Area Sales Manager,M071,TNS,Sales,Project Management - Con,Lineman,Part-Time,Temporary,Zone C,OR,Female,Hispanic,35-44,2,1-2 years,1,1.659,Fully Meets,1,2021-12-08,,Employed,Active,Agrees with dates,,,No
3498,Area Sales Manager,M072,PYZ,Sales,General - Sga,Laborer,Full-Time,Full-Time,Zone A,KY,Female,White,Under 25,0,Under 1 year,0,0.156,Fully Meets,2,2023-04-26,2023-06-22,Left,Active,Contradicts dates,Voluntary,Voluntary,Yes
3499,Area Sales Manager,M073,WBL,Sales,Field Operations,Technician,Part-Time,Temporary,Zone C,KY,Female,Asian,45-54,3,3-5 years,3,3.236,Fully Meets,5,2018-09-25,2021-12-20,Left,Active,Contradicts dates,Involuntary,Involuntary,No
3500,Area Sales Manager,M074,NEL,Sales,Shop (Fleet),Mechanic,Full-Time,Part-Time,Zone B,TX,Female,White,Under 25,0,1-2 years,1,1.585,Fully Meets,1,2018-11-20,2020-06-21,Left,Active,Contradicts dates,Voluntary,Voluntary,No
3501,Area Sales Manager,M075,PL,Sales,General - Con,Technician,Part-Time,Part-Time,Zone A,TX,Male,Other,55+,4,1-2 years,1,1.999,Fully Meets,4,2020-08-30,2022-08-30,Left,Future Start,Contradicts dates,Retirement,Retirement,No
3502,Area Sales Manager,M076,BPC,Sales,Splicing,Electrician,Full-Time,Temporary,Zone C,TX,Male,White,45-54,3,3-5 years,3,3.847,Fully Meets,1,2019-10-01,,Employed,Active,Agrees with dates,,,No
3503,Area Sales Manager,M077,CCDR,Sales,Project Management - Con,Manager,Part-Time,Temporary,Zone A,CO,Male,Other,55+,4,1-2 years,1,1.541,Fully Meets,4,2022-01-20,,Employed,Active,Agrees with dates,,,No
3504,Area Sales Manager,M078,SVG,Sales,General - Con,Laborer,Full-Time,Part-Time,Zone B,CO,Male,Hispanic,35-44,2,1-2 years,1,1.821,Fully Meets,2,2021-10-10,,Employed,Active,Agrees with dates,,,No
3505,Area Sales Manager,M079,EW,Sales,Field Operations,Groundman,Contract,Temporary,Zone B,IN,Male,Hispanic,55+,4,2-3 years,2,2.935,Fully Meets,1,2020-08-29,,Employed,Active,Agrees with dates,,,No
3506,Area Sales Manager,M080,MSC,Sales,Field Operations,Technician,Full-Time,Temporary,Zone B,IN,Male,Other,35-44,2,3-5 years,3,3.702,Fully Meets,2,2019-08-27,2023-05-10,Left,Active,Contradicts dates,Voluntary,Voluntary,No
3507,Area Sales Manager,M081,TNS,Sales,Project Management - Con,Manager,Full-Time,Full-Time,Zone A,CA,Male,White,45-54,3,2-3 years,2,2.111,Fully Meets,4,2021-02-25,2023-04-07,Left,Active,Contradicts dates,Retirement,Retirement,No
3508,Area Sales Manager,M082,CCDR,Sales,Aerial,Laborer,Full-Time,Part-Time,Zone B,OR,Male,Asian,55+,4,2-3 years,2,2.064,Fully Meets,5,2021-07-13,,Employed,Active,Agrees with dates,,,No
3509,Area Sales Manager,M083,BPC,Sales,General - Sga,Project Controls,Part-Time,Full-Time,Zone C,KY,Female,Black,45-54,3,2-3 years,2,2.311,Fully Meets,2,2021-04-14,,Employed,Active,Agrees with dates,,,No
3510,Area Sales Manager,M084,PYZ,Sales,General - Con,Laborer,Part-Time,Full-Time,Zone A,KY,Female,Hispanic,55+,4,3-5 years,3,3.485,Fully Meets,2,2020-02-10,,Employed,Active,Agrees with dates,,,No
3511,Area Sales Manager,M085,WBL,Sales,Finance & Accounting,Director,Part-Time,Full-Time,Zone B,KY,Female,Asian,25-34,1,Under 1 year,0,0.372,Fully Meets,4,2021-08-17,2021-12-31,Left,Active,Contradicts dates,Resignation,Voluntary,Yes
3512,Area Sales Manager,M086,NEL,Sales,Yard (Material Handling),Coordinator,Contract,Temporary,Zone C,TX,Female,Black,25-34,1,Under 1 year,0,0.181,Fully Meets,2,2023-04-17,2023-06-22,Left,Future Start,Contradicts dates,Voluntary,Voluntary,Yes
3513,Area Sales Manager,M087,PL,Sales,General - Con,Laborer,Contract,Temporary,Zone C,TX,Male,Other,55+,4,Under 1 year,0,0.723,Fully Meets,5,2022-09-02,2023-05-24,Left,Future Start,Contradicts dates,Involuntary,Involuntary,Yes
3514,Area Sales Manager,M088,BPC,Sales,Wireline Construction,Manager,Full-Time,Part-Time,Zone B,TX,Male,Asian,55+,4,3-5 years,3,3.307,Fully Meets,1,2020-04-15,,Employed,Active,Agrees with dates,,,No
3515,Area Sales Manager,M089,CCDR,Sales,Finance & Accounting,Controller,Part-Time,Part-Time,Zone A,CO,Male,White,25-34,1,Under 1 year,0,0.756,Fully Meets,4,2022-03-09,2022-12-10,Left,Future Start,Contradicts dates,Retirement,Retirement,Yes
3516,Area Sales Manager,M090,SVG,Sales,Project Management - Con,Coordinator,Contract,Part-Time,Zone B,CO,Male,Asian,35-44,2,Under 1 year,0,0.794,Fully Meets,5,2022-04-07,2023-01-22,Left,Active,Contradicts dates,Retirement,Retirement,Yes
3517,Area Sales Manager,M091,EW,Sales,Splicing,Splicer,Part-Time,Part-Time,Zone A,IN,Male,Hispanic,55+,4,3-5 years,3,3.461,Fully Meets,4,2020-02-19,,Employed,Active,Agrees with dates,,,No
3518,Area Sales Manager,M092,MSC,Sales,General - Eng,Coordinator,Contract,Part-Time,Zone B,CA,Female,Hispanic,45-54,3,1-2 years,1,1.232,Fully Meets,2,2021-04-10,2022-07-04,Left,Active,Contradicts dates,Involuntary,Involuntary,No
3519,Area Sales Manager,M093,TNS,Sales,Aerial,Groundman,Part-Time,Temporary,Zone C,CA,Male,Hispanic,55+,4,Under 1 year,0,0.2,Fully Meets,2,2021-12-19,2022-03-02,Left,Active,Contradicts dates,Resignation,Voluntary,Yes
3520,Area Sales Manager,M094,TNS,Sales,Project Management - Con,Manager,Full-Time,Temporary,Zone C,ND,Female,Black,55+,4,2-3 years,2,2.084,Fully Meets,1,2020-12-13,2023-01-13,Left,Active,Contradicts dates,Involuntary,Involuntary,No
3521,Area Sales Manager,M095,WBL,Sales,General - Con,Electrician,Contract,Part-Time,Zone C,KY,Female,Asian,55+,4,3-5 years,3,4.441,Fully Meets,4,2019-02-26,,Employed,Active,Agrees with dates,,,No
3522,Area Sales Manager,M096,BPC,Sales,Splicing,Splicer,Full-Time,Part-Time,Zone C,KY,Female,Other,35-44,2,3-5 years,3,3.428,Fully Meets,1,2020-03-02,,Employed,Active,Agrees with dates,,,No
3523,Area Sales Manager,M097,CCDR,Sales,General - Con,Laborer,Full-Time,Temporary,Zone A,KY,Female,Other,35-44,2,1-2 years,1,1.166,Fully Meets,2,2021-06-25,2022-08-25,Left,Active,Contradicts dates,Resignation,Voluntary,No
3524,Area Sales Manager,M098,EW,Sales,Field Operations,Laborer,Contract,Full-Time,Zone B,TX,Male,Asian,Under 25,0,Under 1 year,0,0.772,Fully Meets,2,2021-07-26,2022-05-04,Left,Future Start,Contradicts dates,Resignation,Voluntary,Yes
3525,Area Sales Manager,M099,MSC,Sales,General - Con,Foreman,Contract,Temporary,Zone B,TX,Male,Hispanic,55+,4,Under 1 year,0,0.523,Fully Meets,2,2022-07-03,2023-01-10,Left,Future Start,Contradicts dates,Retirement,Retirement,Yes
3526,Area Sales Manager,M100,NEL,Sales,General - Con,Foreman,Full-Time,Full-Time,Zone B,TX,Male,White,55+,4,Under 1 year,0,0.89,Fully Meets,4,2022-09-15,,Employed,Active,Agrees with dates,,,No
3527,Area Sales Manager,M101,PL,Sales,Aerial,Lineman,Full-Time,Temporary,Zone B,CO,Male,Black,45-54,3,Under 1 year,0,0.821,Fully Meets,1,2020-05-01,2021-02-25,Left,Active,Contradicts dates,Retirement,Retirement,Yes
3528,Area Sales Manager,M102,PYZ,Sales,Finance & Accounting,Accounting,Full-Time,Part-Time,Zone C,CO,Male,Hispanic,25-34,1,Under 1 year,0,0.813,Fully Meets,2,2022-10-13,,Employed,Active,Agrees with dates,,,No
3529,Area Sales Manager,M103,SVG,Sales,Field Operations,Top Hand,Part-Time,Full-Time,Zone C,IN,Male,Hispanic,25-34,1,Under 1 year,0,0.641,Fully Meets,2,2020-01-03,2020-08-24,Left,Active,Contradicts dates,Voluntary,Voluntary,Yes
3530,Area Sales Manager,M104,TNS,Sales,Field Operations,Tower Hand,Full-Time,Part-Time,Zone B,CA,Female,Black,25-34,1,3-5 years,3,3.729,Fully Meets,2,2019-11-13,,Employed,Active,Agrees with dates,,,No
3531,Area Sales Manager,M105,WBL,Sales,Project Management - Con,Project Manager,Full-Time,Full-Time,Zone C,CA,Male,Black,55+,4,Under 1 year,0,0.137,Fully Meets,1,2023-06-17,,Employed,Active,Agrees with dates,,,No
3532,Area Sales Manager,M106,EW,IT/IS,Wireless,Technician,Part-Time,Full-Time,Zone B,OR,Female,Black,55+,4,1-2 years,1,1.81,Fully Meets,1,2021-10-14,,Employed,Active,Agrees with dates,,,No
3533,Area Sales Manager,M107,MSC,Sales,General - Sga,Administrator,Contract,Full-Time,Zone B,ND,Male,White,55+,4,2-3 years,2,2.122,Fully Meets,2,2021-06-01,2023-07-16,Left,Active,Contradicts dates,Voluntary,Voluntary,No
3534,Area Sales Manager,M108,TNS,Sales,Engineers,Engineer,Full-Time,Full-Time,Zone A,KY,Female,Asian,55+,4,3-5 years,3,4.893,Fully Meets,4,2018-09-14,,Employed,Active,Agrees with dates,,,No
3535,Area Sales Manager,M109,PYZ,Sales,Fielders,Engineer,Full-Time,Temporary,Zone A,KY,Female,Black,25-34,1,3-5 years,3,3.474,Fully Meets,4,2018-12-11,2022-06-02,Left,Active,Contradicts dates,Retirement,Retirement,No
3536,Area Sales Manager,M110,WBL,Sales,General - Sga,Administrative,Contract,Temporary,Zone C,GA,Female,Black,25-34,1,Under 1 year,0,0.999,Fully Meets,2,2022-08-06,,Employed,Active,Agrees with dates,,,No
3537,Area Sales Manager,M111,NEL,Sales,Field Operations,Foreman,Contract,Part-Time,Zone C,TX,Male,Hispanic,55+,4,Under 1 year,0,0.745,Fully Meets,2,2022-05-28,2023-02-24,Left,Future Start,Contradicts dates,Retirement,Retirement,Yes
3538,Area Sales Manager,M112,PL,Sales,Fielders,Engineer,Part-Time,Part-Time,Zone C,TX,Male,Asian,55+,4,2-3 years,2,2.719,Fully Meets,2,2019-06-16,2022-03-05,Left,Future Start,Contradicts dates,Resignation,Voluntary,No
3539,Area Sales Manager,M113,BPC,Sales,General - Con,Foreman,Full-Time,Temporary,Zone C,CO,Male,Hispanic,35-44,2,3-5 years,3,3.661,Fully Meets,5,2019-12-08,,Employed,Active,Agrees with dates,,,No
3540,Area Sales Manager,M114,CCDR,Sales,Splicing,Supervisor,Full-Time,Part-Time,Zone B,CO,Male,White,35-44,2,2-3 years,2,2.576,Exceeds,4,2020-03-12,2022-10-09,Left,Active,Contradicts dates,Retirement,Retirement,No
3541,Area Sales Manager,M115,SVG,Sales,Field Operations,Technician,Full-Time,Full-Time,Zone B,IN,Male,Black,25-34,1,3-5 years,3,3.296,Exceeds,2,2020-04-06,2023-07-24,Left,Active,Contradicts dates,Involuntary,Involuntary,No
3542,Area Sales Manager,M116,EW,Sales,Field Operations,Manager,Contract,Temporary,Zone A,IN,Male,White,55+,4,Under 1 year,0,0.309,Needs Improvement,1,2023-04-15,,Employed,Active,Agrees with dates,,,No
3543,Area Sales Manager,M117,MSC,Sales,General - Con,Laborer,Part-Time,Temporary,Zone A,CA,Female,Black,35-44,2,2-3 years,2,2.735,Fully Meets,2,2020-11-10,,Employed,Active,Agrees with dates,,,No
3544,Area Sales Manager,M118,TNS,Sales,Aerial,Foreman,Contract,Temporary,Zone A,CA,Male,Asian,Under 25,0,Under 1 year,0,0.027,Fully Meets,2,2023-06-29,2023-07-09,Left,Active,Contradicts dates,Retirement,Retirement,Yes
3545,Area Sales Manager,M119,EW,IT/IS,Field Operations,Locator,Full-Time,Temporary,Zone C,OR,Female,Black,55+,4,1-2 years,1,1.415,Fully Meets,1,2022-03-07,,Employed,Active,Agrees with dates,,,No
3546,Area Sales Manager,M120,CCDR,Sales,General - Con,Foreman,Full-Time,Part-Time,Zone B,ND,Male,Hispanic,35-44,2,1-2 years,1,1.492,Exceeds,1,2021-07-31,2023-01-27,Left,Active,Contradicts dates,Voluntary,Voluntary,No
3547,Area Sales Manager,M121,BPC,Sales,Project Management - Eng,Supervisor,Contract,Full-Time,Zone B,KY,Female,Other,55+,4,1-2 years,1,1.541,Needs Improvement,2,2022-01-20,,Employed,Active,Agrees with dates,,,No
3548,Area Sales Manager,M122,WBL,Sales,General - Con,Technician,Part-Time,Full-Time,Zone A,KY,Female,White,55+,4,1-2 years,1,1.248,Fully Meets,1,2021-07-11,2022-10-10,Left,Active,Contradicts dates,Resignation,Voluntary,No
3549,Area Sales Manager,M123,TNS,Sales,Field Operations,Technician,Full-Time,Full-Time,Zone C,GA,Female,Black,55+,4,2-3 years,2,2.01,Fully Meets,2,2018-10-15,2020-10-18,Left,Active,Contradicts dates,Retirement,Retirement,No
3550,Area Sales Manager,M124,SVG,Sales,Wireline Construction,Billing,Part-Time,Temporary,Zone C,TX,Male,White,35-44,2,Under 1 year,0,0.882,Fully Meets,1,2021-11-26,2022-10-14,Left,Future Start,Contradicts dates,Resignation,Voluntary,Yes
3551,Area Sales Manager,M125,PYZ,Sales,Engineers,Engineer,Part-Time,Part-Time,Zone C,TX,Male,Black,55+,4,3-5 years,3,4.986,Needs Improvement,4,2018-08-11,,Employed,Active,Agrees with dates,,,No
3552,Area Sales Manager,M126,PL,Sales,Field Operations,Foreman,Full-Time,Full-Time,Zone B,CO,Male,White,55+,4,Under 1 year,0,0.296,Needs Improvement,1,2020-02-16,2020-06-03,Left,Active,Contradicts dates,Retirement,Retirement,Yes
3553,Area Sales Manager,M127,NEL,Sales,Field Operations,Foreman,Contract,Temporary,Zone C,CO,Male,Black,55+,4,3-5 years,3,3.543,Fully Meets,4,2020-01-20,,Employed,Active,Agrees with dates,,,No
3554,Area Sales Manager,M128,MSC,Sales,People Services,Cpo,Part-Time,Temporary,Zone C,IN,Male,Asian,55+,4,3-5 years,3,4.35,Fully Meets,1,2019-03-31,,Employed,Active,Agrees with dates,,,No
3555,Area Sales Manager,M129,EW,Sales,General - Eng,Drafter,Full-Time,Temporary,Zone C,IN,Female,Hispanic,35-44,2,Under 1 year,0,0.331,Fully Meets,4,2023-01-06,2023-05-07,Left,Active,Contradicts dates,Resignation,Voluntary,Yes
3556,Area Sales Manager,M130,CCDR,Sales,Wireline Construction,Vp,Full-Time,Temporary,Zone B,CA,Male,White,55+,4,Under 1 year,0,0.496,Exceeds,2,2019-07-18,2020-01-15,Left,Active,Contradicts dates,Retirement,Retirement,Yes
3557,Area Sales Manager,M131,BPC,Sales,Field Operations,Operator,Part-Time,Temporary,Zone C,MA,Male,Other,55+,4,3-5 years,3,4.476,Fully Meets,2,2019-02-13,,Employed,Active,Agrees with dates,,,No
3558,Production Technician I,M132,MSC,Production,Yard (Material Handling),Manager,Part-Time,Part-Time,Zone A,MA,Female,Black,55+,4,3-5 years,3,4.6,Fully Meets,1,2018-12-30,,Employed,Active,Agrees with dates,,,No
3559,Production Technician I,M133,NEL,Production,Field Operations,Assistant,Part-Time,Full-Time,Zone C,MA,Male,White,25-34,1,Under 1 year,0,0.835,Fully Meets,2,2019-11-06,2020-09-06,Left,Active,Contradicts dates,Retirement,Retirement,Yes
3560,Production Technician I,M134,MSC,Production,Field Operations,Technician,Contract,Full-Time,Zone C,MA,Female,Asian,55+,4,1-2 years,1,1.18,Exceeds,4,2022-06-01,,Employed,Active,Agrees with dates,,,No
3561,Production Technician II,M135,BPC,Production,General - Con,Technician,Part-Time,Temporary,Zone C,MA,Female,White,55+,4,Under 1 year,0,0.359,Fully Meets,5,2023-03-28,,Employed,Active,Agrees with dates,,,No
3562,Production Technician I,M136,CCDR,Production,Shop (Fleet),Manager,Contract,Full-Time,Zone B,MA,Female,Other,55+,4,3-5 years,3,3.628,Exceeds,2,2019-05-21,2023-01-05,Left,Future Start,Contradicts dates,Retirement,Retirement,No
3563,Production Technician I,M137,WBL,Production,Field Operations,Driver,Contract,Full-Time,Zone B,MA,Male,Black,55+,4,3-5 years,3,4.594,PIP,4,2019-01-01,,Employed,Active,Agrees with dates,,,No
3564,Production Technician II,M138,SVG,Production,Aerial,Lineman,Full-Time,Temporary,Zone C,MA,Female,White,25-34,1,1-2 years,1,1.851,Fully Meets,1,2019-01-26,2020-12-02,Left,Voluntarily Terminated,Agrees with dates,Resignation,Voluntary,No
3565,Production Technician I,M139,WBL,Production,General - Con,Lineman,Part-Time,Full-Time,Zone B,MA,Male,Other,55+,4,1-2 years,1,1.9,Fully Meets,4,2021-09-11,,Employed,Active,Agrees with dates,,,No
3566,Production Technician II,M140,PL,Production,Aerial,Lineman,Part-Time,Part-Time,Zone A,MA,Male,Black,55+,4,1-2 years,1,1.859,Fully Meets,2,2021-09-26,,Employed,Active,Agrees with dates,,,No
3567,Production Technician I,M141,EW,Production,General - Sga,Technician,Full-Time,Full-Time,Zone C,MA,Male,Asian,55+,4,Under 1 year,0,0.424,Fully Meets,4,2023-03-04,,Employed,Active,Agrees with dates,,,No
3568,Production Technician I,M142,EW,Production,Field Operations,Foreman,Full-Time,Part-Time,Zone B,MA,Male,Asian,45-54,3,Under 1 year,0,0.049,Fully Meets,2,2023-07-11,2023-07-29,Left,Voluntarily Terminated,Agrees with dates,Involuntary,Involuntary,Yes
3569,Production Technician I,M143,MSC,Production,Catv,Supervisor,Part-Time,Temporary,Zone B,MA,Female,Hispanic,25-34,1,1-2 years,1,1.55,Fully Meets,2,2019-02-09,2020-08-28,Left,Active,Contradicts dates,Involuntary,Involuntary,No
3570,Production Technician II,M144,TNS,Production,Fielders,Engineer,Full-Time,Temporary,Zone B,MA,Female,Asian,45-54,3,2-3 years,2,2.522,Fully Meets,1,2019-04-19,2021-10-26,Left,Voluntarily Terminated,Agrees with dates,Voluntary,Voluntary,No
3571,Production Technician I,M145,NEL,Production,Field Operations,Engineer,Part-Time,Full-Time,Zone C,MA,Female,White,55+,4,1-2 years,1,1.027,Fully Meets,4,2022-07-07,2023-07-17,Left,Voluntarily Terminated,Agrees with dates,Resignation,Voluntary,No
3572,Production Technician I,M146,WBL,Production,Fielders,Engineer,Contract,Part-Time,Zone A,MA,Male,White,25-34,1,1-2 years,1,1.188,Fully Meets,5,2019-03-12,2020-05-19,Left,Active,Contradicts dates,Retirement,Retirement,No
3573,Production Technician I,M147,NEL,Production,Field Operations,Driller,Contract,Full-Time,Zone B,MA,Female,Asian,35-44,2,1-2 years,1,1.607,Exceeds,4,2020-03-09,2021-10-17,Left,Active,Contradicts dates,Involuntary,Involuntary,No
3574,Production Technician I,M148,WBL,Production,Underground,Laborer,Contract,Full-Time,Zone B,MA,Female,Hispanic,55+,4,Under 1 year,0,0.632,Fully Meets,1,2021-05-18,2022-01-04,Left,Future Start,Contradicts dates,Involuntary,Involuntary,Yes
3575,Production Technician I,M149,MSC,Production,Field Operations,Groundman,Part-Time,Temporary,Zone A,MA,Male,Hispanic,35-44,2,Under 1 year,0,0.726,Exceeds,5,2021-04-28,2022-01-18,Left,Voluntarily Terminated,Agrees with dates,Resignation,Voluntary,Yes
3576,Production Technician II,M150,PL,Production,Engineers,Project Manager,Full-Time,Full-Time,Zone B,MA,Female,Asian,25-34,1,1-2 years,1,1.763,Exceeds,4,2021-07-21,2023-04-26,Left,Active,Contradicts dates,Voluntary,Voluntary,No
3577,Production Technician I,M151,BPC,Production,Field Operations,Tower Hand,Part-Time,Temporary,Zone C,MA,Male,White,55+,4,3-5 years,3,3.89,Fully Meets,4,2019-09-15,,Employed,Active,Agrees with dates,,,No
3578,Production Technician I,M152,WBL,Production,Field Operations,Technician,Full-Time,Temporary,Zone A,MA,Male,Hispanic,55+,4,3-5 years,3,4.257,Exceeds,2,2019-05-04,,Employed,Active,Agrees with dates,,,No
3579,Production Technician II,M153,BPC,Production,Field Operations,Laborer,Full-Time,Part-Time,Zone C,MA,Female,Asian,55+,4,2-3 years,2,2.212,Needs Improvement,4,2021-05-20,,Employed,Active,Agrees with dates,,,No
3580,Production Technician I,M154,PYZ,Production,Field Operations,Foreman,Full-Time,Full-Time,Zone C,MA,Male,Other,55+,4,3-5 years,3,3.639,Fully Meets,4,2019-12-16,,Employed,Active,Agrees with dates,,,No
3581,Production Technician I,M155,SVG,Production,Wireline Construction,Foreman,Full-Time,Part-Time,Zone A,MA,Male,Other,55+,4,2-3 years,2,2.442,Fully Meets,2,2020-11-20,2023-05-01,Left,Active,Contradicts dates,Voluntary,Voluntary,No
3582,Production Technician I,M156,TNS,Production,Yard (Material Handling),Laborer,Part-Time,Part-Time,Zone B,MA,Male,Asian,45-54,3,1-2 years,1,1.706,Fully Meets,4,2020-08-19,2022-05-04,Left,Active,Contradicts dates,Retirement,Retirement,No
3583,Production Technician I,M157,WBL,Production,Field Operations,Construction Manager,Full-Time,Temporary,Zone C,MA,Female,White,55+,4,Under 1 year,0,0.972,Needs Improvement,4,2021-04-28,2022-04-18,Left,Active,Contradicts dates,Retirement,Retirement,Yes
3584,Production Technician I,M158,BPC,Production,Field Operations,Lineman,Contract,Full-Time,Zone C,MA,Female,Other,35-44,2,2-3 years,2,2.976,Fully Meets,4,2020-08-14,,Employed,Active,Agrees with dates,,,No
3585,Production Technician I,M159,CCDR,Production,Yard (Material Handling),Laborer,Full-Time,Full-Time,Zone A,MA,Female,Black,25-34,1,1-2 years,1,1.621,Fully Meets,4,2021-12-22,,Employed,Active,Agrees with dates,,,No
3586,Production Technician I,M160,EW,Production,People Services,Manager,Part-Time,Full-Time,Zone B,MA,Female,Hispanic,Under 25,0,Under 1 year,0,0.025,Fully Meets,2,2019-02-01,2019-02-10,Left,Active,Contradicts dates,Resignation,Voluntary,Yes
3587,Production Technician I,M161,MSC,Production,General - Eng,Administrative,Full-Time,Temporary,Zone B,MA,Male,Other,45-54,3,Under 1 year,0,0.605,Fully Meets,2,2021-05-10,2021-12-17,Left,Active,Contradicts dates,Resignation,Voluntary,Yes
3588,Production Technician I,M162,NEL,Production,Shop (Fleet),Mechanic,Full-Time,Full-Time,Zone C,MA,Male,Black,45-54,3,Under 1 year,0,0.14,Fully Meets,2,2019-06-25,2019-08-15,Left,Active,Contradicts dates,Retirement,Retirement,Yes
3589,Production Technician I,M163,PL,Production,Field Operations,Laborer,Contract,Temporary,Zone B,MA,Male,White,55+,4,3-5 years,3,4.282,Fully Meets,1,2019-04-25,,Employed,Active,Agrees with dates,,,No
3590,Production Technician I,M164,PYZ,Production,Field Operations,Laborer,Part-Time,Full-Time,Zone C,MA,Male,Asian,25-34,1,1-2 years,1,1.629,Fully Meets,4,2021-02-25,2022-10-13,Left,Future Start,Contradicts dates,Retirement,Retirement,No
3591,Production Technician I,M165,SVG,Production,Field Operations,Supervisor,Contract,Part-Time,Zone B,MA,Female,White,Under 25,0,1-2 years,1,1.511,Needs Improvement,5,2021-11-23,2023-05-29,Left,Future Start,Contradicts dates,Voluntary,Voluntary,No
3592,Production Technician I,M166,TNS,Production,Field Operations,Technician,Contract,Full-Time,Zone B,MA,Male,Other,Under 25,0,Under 1 year,0,0.701,Fully Meets,3,2021-10-05,2022-06-18,Left,Future Start,Contradicts dates,Voluntary,Voluntary,Yes
3593,Production Technician I,M167,WBL,Production,General - Con,Foreman,Contract,Full-Time,Zone A,MA,Male,Asian,55+,4,3-5 years,3,3.184,Fully Meets,1,2020-05-30,,Employed,Active,Agrees with dates,,,No
3594,Production Technician I,M168,PYZ,Production,Field Operations,Technician,Part-Time,Part-Time,Zone B,MA,Male,Black,55+,4,3-5 years,3,4.652,Needs Improvement,1,2018-12-11,,Employed,Active,Agrees with dates,,,No
3595,Production Technician I,M169,WBL,Production,Engineers,Technician,Contract,Temporary,Zone A,MA,Male,Other,55+,4,1-2 years,1,1.977,Fully Meets,1,2020-09-22,2022-09-14,Left,Active,Contradicts dates,Resignation,Voluntary,No
3596,Production Technician I,M170,NEL,Production,Splicing,Technician,Part-Time,Full-Time,Zone C,MA,Male,Other,35-44,2,3-5 years,3,4.025,Needs Improvement,2,2019-07-28,,Employed,Active,Agrees with dates,,,No
3597,Production Technician II,M171,PYZ,Production,General - Con,Foreman,Contract,Part-Time,Zone C,MA,Female,Black,35-44,2,Under 1 year,0,0.854,Fully Meets,1,2020-06-06,2021-04-14,Left,Future Start,Contradicts dates,Retirement,Retirement,Yes
3598,Production Technician II,M172,SVG,Production,Project Management - Eng,Supervisor,Part-Time,Full-Time,Zone A,MA,Female,Other,55+,4,3-5 years,3,4.851,Needs Improvement,1,2018-09-28,2023-08-05,Left,Voluntarily Terminated,Agrees with dates,Resignation,Voluntary,No
3599,Production Technician II,M173,TNS,Production,General - Con,Technician,Part-Time,Temporary,Zone A,MA,Female,White,55+,4,3-5 years,3,3.316,Fully Meets,2,2020-04-12,,Employed,Active,Agrees with dates,,,No
3600,Production Technician II,M174,WBL,Production,Field Operations,Technician,Contract,Temporary,Zone B,MA,Female,White,55+,4,Under 1 year,0,0.761,Fully Meets,2,2022-11-01,,Employed,Active,Agrees with dates,,,No
3601,Production Technician II,M175,BPC,Production,Wireline Construction,Billing,Part-Time,Full-Time,Zone B,MA,Female,White,55+,4,Under 1 year,0,0.706,Fully Meets,5,2022-11-21,,Employed,Active,Agrees with dates,,,No
3602,Production Technician II,M176,CCDR,Production,Engineers,Engineer,Full-Time,Part-Time,Zone B,MA,Female,Hispanic,25-34,1,2-3 years,2,2.116,Fully Meets,5,2021-04-11,2023-05-24,Left,Voluntarily Terminated,Agrees with dates,Involuntary,Involuntary,No
3603,Production Technician II,M177,EW,Production,Field Operations,Technician,Full-Time,Part-Time,Zone A,MA,Female,White,45-54,3,Under 1 year,0,0.23,Fully Meets,2,2018-11-29,2019-02-21,Left,Voluntarily Terminated,Agrees with dates,Resignation,Voluntary,Yes
3604,Production Technician II,M178,MSC,Production,Field Operations,Foreman,Part-Time,Full-Time,Zone B,MA,Female,Hispanic,55+,4,3-5 years,3,3.622,Needs Improvement,4,2019-01-16,2022-08-31,Left,Active,Contradicts dates,Resignation,Voluntary,No
3605,Production Technician I,M179,CCDR,Production,Engineers,Technician,Contract,Temporary,Zone C,MA,Male,Other,55+,4,3-5 years,3,3.882,Fully Meets,4,2019-09-18,,Employed,Active,Agrees with dates,,,No
3606,Production Technician I,M180,SVG,Production,Billable Consultants,Engineer,Part-Time,Full-Time,Zone C,MA,Male,Other,55+,4,3-5 years,3,3.472,Fully Meets,3,2019-08-01,2023-01-20,Left,Voluntarily Terminated,Agrees with dates,Involuntary,Involuntary,No
3607,Production Technician I,M181,EW,Production,Project Management - Con,Coordinator,Full-Time,Full-Time,Zone A,MA,Male,Other,45-54,3,1-2 years,1,1.823,Fully Meets,5,2019-06-18,2021-04-14,Left,Active,Contradicts dates,Resignation,Voluntary,No
3608,Production Technician I,M182,MSC,Production,Field Operations,Technician,Full-Time,Part-Time,Zone C,MA,Male,Other,35-44,2,3-5 years,3,4.476,Fully Meets,3,2019-02-13,,Employed,Active,Agrees with dates,,,No
3609,Production Technician I,M183,TNS,Production,Shop (Fleet),Welder,Contract,Full-Time,Zone B,MA,Female,Other,25-34,1,2-3 years,2,2.177,Fully Meets,3,2021-06-02,,Employed,Active,Agrees with dates,,,No
3610,Production Technician I,M184,PYZ,Production,Field Operations,Laborer,Part-Time,Full-Time,Zone C,MA,Female,Other,45-54,3,3-5 years,3,4.819,Fully Meets,3,2018-10-11,,Employed,Active,Agrees with dates,,,No
3611,Production Technician I,M185,WBL,Production,Project Management - Con,Technician,Contract,Full-Time,Zone C,MA,Female,Hispanic,55+,4,2-3 years,2,2.409,Fully Meets,2,2021-03-09,,Employed,Active,Agrees with dates,,,No
3612,Production Technician I,M186,NEL,Production,Field Operations,Technician,Contract,Part-Time,Zone A,MA,Male,Black,35-44,2,1-2 years,1,1.533,PIP,4,2022-01-23,,Employed,Active,Agrees with dates,,,No
3613,Production Technician I,M187,PL,Production,Field Operations,Laborer,Contract,Part-Time,Zone B,MA,Male,Asian,45-54,3,3-5 years,3,4.446,Exceeds,1,2019-02-24,,Employed,Active,Agrees with dates,,,No
3614,Production Technician I,M188,BPC,Production,Project Management - Con,Field Project Manager,Contract,Temporary,Zone B,MA,Male,White,45-54,3,1-2 years,1,1.481,Fully Meets,2,2020-01-08,2021-07-02,Left,Active,Contradicts dates,Voluntary,Voluntary,No
3615,Production Technician I,M189,CCDR,Production,General - Con,Manager,Full-Time,Part-Time,Zone B,MA,Male,Asian,35-44,2,1-2 years,1,1.361,Exceeds,2,2021-05-13,2022-09-22,Left,Future Start,Contradicts dates,Retirement,Retirement,No
3616,Production Technician I,M190,SVG,Production,General - Con,Laborer,Contract,Full-Time,Zone C,MA,Female,Hispanic,35-44,2,1-2 years,1,1.478,Fully Meets,4,2022-02-12,,Employed,Active,Agrees with dates,,,No
3617,Production Technician I,M191,EW,Production,Wireline Construction,Splicer,Full-Time,Full-Time,Zone C,MA,Female,Hispanic,55+,4,Under 1 year,0,0.509,Fully Meets,1,2023-02-01,,Employed,Active,Agrees with dates,,,No
3618,Production Technician I,M192,MSC,Production,Splicing,Splicer,Part-Time,Temporary,Zone B,MA,Male,Black,55+,4,Under 1 year,0,0.501,Fully Meets,3,2023-02-04,,Employed,Active,Agrees with dates,,,No
3619,Production Technician I,M193,TNS,Production,General - Con,Technician,Full-Time,Full-Time,Zone A,MA,Male,Asian,35-44,2,Under 1 year,0,0.107,Fully Meets,3,2023-03-23,2023-05-01,Left,Active,Contradicts dates,Involuntary,Involuntary,Yes
3620,Production Technician I,M194,PYZ,Production,General - Eng,Specialist,Part-Time,Temporary,Zone A,MA,Male,Hispanic,25-34,1,Under 1 year,0,0.312,Fully Meets,2,2023-03-22,2023-07-14,Left,Active,Contradicts dates,Involuntary,Involuntary,Yes
3621,Production Technician I,M195,WBL,Production,Wireless,Laborer,Contract,Full-Time,Zone A,MA,Male,White,25-34,1,3-5 years,3,4.687,Fully Meets,2,2018-11-28,,Employed,Active,Agrees with dates,,,No
3622,Production Technician II,M196,SVG,Production,Field Operations,Laborer,Part-Time,Temporary,Zone A,MA,Female,Hispanic,25-34,1,1-2 years,1,1.002,Fully Meets,3,2020-07-09,2021-07-10,Left,Active,Contradicts dates,Resignation,Voluntary,No
3623,Production Technician II,M197,EW,Production,Engineers,Engineer,Part-Time,Full-Time,Zone A,MA,Female,Asian,55+,4,3-5 years,3,4.482,Fully Meets,3,2019-02-11,,Employed,Active,Agrees with dates,,,No
3624,Production Technician II,M198,MSC,Production,Technology / It,Engineer,Part-Time,Part-Time,Zone B,MA,Female,Asian,25-34,1,3-5 years,3,3.573,Fully Meets,4,2020-01-09,,Employed,Active,Agrees with dates,,,No
3625,Production Technician II,M199,TNS,Production,Engineers,Engineer,Contract,Part-Time,Zone B,MA,Female,Asian,45-54,3,Under 1 year,0,0.717,Fully Meets,5,2021-11-11,2022-07-31,Left,Voluntarily Terminated,Agrees with dates,Resignation,Voluntary,Yes
3626,Production Technician II,M200,PYZ,Production,Field Operations,Foreman,Full-Time,Temporary,Zone B,MA,Female,Asian,25-34,1,2-3 years,2,2.226,Fully Meets,2,2021-05-15,,Employed,Active,Agrees with dates,,,No
3627,Production Technician II,M201,WBL,Production,Field Operations,Supervisor,Contract,Full-Time,Zone C,MA,Female,Black,55+,4,3-5 years,3,3.187,Fully Meets,3,2019-08-21,2022-10-28,Left,Voluntarily Terminated,Agrees with dates,Resignation,Voluntary,No
3628,Production Technician II,M202,NEL,Production,Engineers,Technician,Contract,Part-Time,Zone B,MA,Female,Hispanic,55+,4,2-3 years,2,2.88,Fully Meets,3,2020-09-18,,Employed,Active,Agrees with dates,,,No
3629,Production Technician I,M203,NEL,Production,Field Operations,Laborer,Contract,Full-Time,Zone B,MA,Male,Black,35-44,2,Under 1 year,0,0.268,Fully Meets,5,2022-08-27,2022-12-03,Left,Voluntarily Terminated,Agrees with dates,Voluntary,Voluntary,Yes
3630,Production Technician I,M204,MSC,Production,Field Operations,Laborer,Contract,Full-Time,Zone B,MA,Male,Other,55+,4,3-5 years,3,4.449,Fully Meets,5,2019-02-23,,Employed,Active,Agrees with dates,,,No
3631,Production Technician I,M205,EW,Production,Wireline Construction,Apprentice,Contract,Full-Time,Zone C,MA,Male,Other,55+,4,Under 1 year,0,0.214,Fully Meets,3,2022-08-08,2022-10-25,Left,Active,Contradicts dates,Retirement,Retirement,Yes
3632,Production Technician I,M206,CCDR,Production,Field Operations,Foreman,Contract,Full-Time,Zone C,MA,Male,Asian,55+,4,Under 1 year,0,0.082,Fully Meets,3,2022-09-24,2022-10-24,Left,Active,Contradicts dates,Involuntary,Involuntary,Yes
3633,Production Technician I,M207,BPC,Production,Aerial,Laborer,Contract,Temporary,Zone B,MA,Female,Hispanic,35-44,2,1-2 years,1,1.377,Fully Meets,5,2022-03-21,,Employed,Active,Agrees with dates,,,No
3634,Production Technician I,M208,PYZ,Production,General - Sga,Supervisor,Part-Time,Full-Time,Zone B,MA,Female,Other,55+,4,Under 1 year,0,0.09,Fully Meets,5,2023-06-23,2023-07-26,Left,Active,Contradicts dates,Retirement,Retirement,Yes
3635,Production Technician I,M209,WBL,Production,Yard (Material Handling),Runner,Part-Time,Part-Time,Zone C,MA,Female,Hispanic,45-54,3,2-3 years,2,2.776,Fully Meets,4,2020-10-26,,Employed,Active,Agrees with dates,,,No
3636,Production Technician I,M210,NEL,Production,Catv,Supervisor,Contract,Temporary,Zone B,MA,Male,Asian,35-44,2,3-5 years,3,3.518,Fully Meets,3,2020-01-29,,Employed,Active,Agrees with dates,,,No
3637,Production Technician I,M211,PL,Production,Aerial,Engineer,Full-Time,Full-Time,Zone C,MA,Male,Asian,25-34,1,1-2 years,1,1.287,Fully Meets,3,2022-04-23,,Employed,Active,Agrees with dates,,,No
3638,Production Technician I,M212,BPC,Production,Field Operations,Inspector,Full-Time,Part-Time,Zone C,MA,Male,Hispanic,35-44,2,Under 1 year,0,0.142,Fully Meets,3,2023-06-15,,Employed,Active,Agrees with dates,,,No
3639,Production Technician I,M213,CCDR,Production,Field Operations,Runner,Contract,Full-Time,Zone C,MA,Female,Hispanic,55+,4,Under 1 year,0,0.569,Fully Meets,3,2019-09-19,2020-04-14,Left,Future Start,Contradicts dates,Retirement,Retirement,Yes
3640,Production Technician I,M214,SVG,Production,Field Operations,Foreman,Contract,Temporary,Zone A,MA,Female,Asian,Under 25,0,Under 1 year,0,0.578,Fully Meets,3,2023-01-07,,Employed,Active,Agrees with dates,,,No
3641,Production Technician I,M215,EW,Production,General - Con,Operator,Contract,Full-Time,Zone B,MA,Male,Other,45-54,3,1-2 years,1,1.229,Fully Meets,3,2020-02-07,2021-05-01,Left,Future Start,Contradicts dates,Voluntary,Voluntary,No
3642,Production Technician I,M216,MSC,Production,Field Operations,Laborer,Contract,Full-Time,Zone B,MA,Male,Black,45-54,3,1-2 years,1,1.539,Fully Meets,3,2020-04-29,2021-11-12,Left,Future Start,Contradicts dates,Retirement,Retirement,No
3643,Production Technician I,M217,TNS,Production,Catv,Laborer,Full-Time,Full-Time,Zone A,MA,Male,Asian,55+,4,3-5 years,3,3.305,Fully Meets,3,2020-04-16,,Employed,Active,Agrees with dates,,,No
3644,Production Technician I,M218,PYZ,Production,Field Operations,Laborer,Part-Time,Full-Time,Zone B,MA,Male,Black,35-44,2,1-2 years,1,1.139,Fully Meets,3,2022-06-16,,Employed,Active,Agrees with dates,,,No
3645,Production Technician I,M219,WBL,Production,General - Con,Technician,Part-Time,Full-Time,Zone C,MA,Male,Asian,45-54,3,3-5 years,3,4.041,Fully Meets,3,2019-07-22,,Employed,Active,Agrees with dates,,,No
3646,Production Technician II,M220,SVG,Production,Splicing,Splicer,Part-Time,Full-Time,Zone A,MA,Female,Hispanic,55+,4,Under 1 year,0,0.29,Fully Meets,3,2023-04-22,,Employed,Active,Agrees with dates,,,No
3647,Production Technician II,M221,EW,Production,Engineers,Engineer,Part-Time,Part-Time,Zone A,MA,Female,Black,55+,4,Under 1 year,0,0.09,Fully Meets,3,2020-12-28,2021-01-30,Left,Voluntarily Terminated,Agrees with dates,Involuntary,Involuntary,Yes
3648,Production Technician II,M222,MSC,Production,Aerial,Lineman,Contract,Full-Time,Zone A,MA,Female,Other,55+,4,1-2 years,1,1.448,Exceeds,4,2022-02-23,,Employed,Active,Agrees with dates,,,No
3649,Production Technician II,M223,TNS,Production,Field Operations,Technician,Contract,Part-Time,Zone A,MA,Female,White,55+,4,Under 1 year,0,0.98,Exceeds,4,2022-08-13,,Employed,Active,Agrees with dates,,,No
3650,Production Technician II,M224,PYZ,Production,Field Operations,Laborer,Full-Time,Part-Time,Zone B,MA,Female,White,25-34,1,2-3 years,2,2.407,Fully Meets,3,2019-10-03,2022-02-28,Left,Voluntarily Terminated,Agrees with dates,Retirement,Retirement,No
3651,Production Technician II,M225,WBL,Production,General - Con,Lineman,Full-Time,Full-Time,Zone C,MA,Female,White,25-34,1,3-5 years,3,3.811,Fully Meets,3,2019-10-14,,Employed,Active,Agrees with dates,,,No
3652,Production Technician I,M226,NEL,Production,Field Operations,Supervisor,Part-Time,Part-Time,Zone C,MA,Male,Other,55+,4,2-3 years,2,2.992,Fully Meets,3,2019-08-30,2022-08-27,Left,Voluntarily Terminated,Agrees with dates,Resignation,Voluntary,No
3653,Production Technician I,M227,PL,Production,General - Con,Foreman,Contract,Part-Time,Zone B,MA,Male,Asian,25-34,1,2-3 years,2,2.48,Exceeds,3,2021-02-04,2023-07-30,Left,Voluntarily Terminated,Agrees with dates,Voluntary,Voluntary,No
3654,Production Technician I,M228,PYZ,Production,Aerial,Lineman,Part-Time,Part-Time,Zone A,MA,Male,Asian,25-34,1,Under 1 year,0,0.701,Exceeds,4,2022-11-23,,Employed,Active,Agrees with dates,,,No
3655,Production Technician I,M229,SVG,Production,Engineers,Engineer,Part-Time,Full-Time,Zone C,MA,Male,Asian,Under 25,0,Under 1 year,0,0.444,Fully Meets,3,2023-02-25,,Employed,Active,Agrees with dates,,,No
3656,Production Technician I,M230,TNS,Production,Underground,Laborer,Part-Time,Part-Time,Zone B,MA,Male,Hispanic,Under 25,0,3-5 years,3,3.641,Exceeds,5,2019-12-15,,Employed,Active,Agrees with dates,,,No
3657,Production Technician I,M231,WBL,Production,General - Con,Flagger,Part-Time,Full-Time,Zone C,MA,Female,Black,25-34,1,1-2 years,1,1.936,Fully Meets,4,2021-08-29,,Employed,Active,Agrees with dates,,,No
3658,Production Technician I,M232,BPC,Production,Project Management - Con,Technician,Part-Time,Temporary,Zone C,MA,Female,Black,55+,4,Under 1 year,0,0.671,Fully Meets,3,2022-11-04,2023-07-07,Left,Active,Contradicts dates,Involuntary,Involuntary,Yes
3659,Production Technician I,M233,CCDR,Production,Field Operations,Engineer,Full-Time,Part-Time,Zone A,MA,Male,Other,25-34,1,Under 1 year,0,0.03,Exceeds,1,2019-10-02,2019-10-13,Left,Active,Contradicts dates,Voluntary,Voluntary,Yes
3660,Production Technician I,M234,EW,Production,Field Operations,Supervisor,Full-Time,Full-Time,Zone A,MA,Male,Hispanic,45-54,3,3-5 years,3,4.203,Exceeds,3,2019-05-24,,Employed,Active,Agrees with dates,,,No
3661,Production Technician I,M235,MSC,Production,Executive,Vp,Contract,Temporary,Zone C,MA,Male,Asian,55+,4,Under 1 year,0,0.517,Fully Meets,3,2022-02-28,2022-09-05,Left,Active,Contradicts dates,Involuntary,Involuntary,Yes
3662,Production Technician I,M236,NEL,Production,Wireline Construction,Laborer,Full-Time,Temporary,Zone B,MA,Male,Other,45-54,3,Under 1 year,0,0.148,Exceeds,2,2023-06-13,,Employed,Active,Agrees with dates,,,No
3663,Production Technician I,M237,PL,Production,General - Con,Foreman,Part-Time,Full-Time,Zone B,MA,Female,Black,45-54,3,2-3 years,2,2.294,Exceeds,3,2019-10-07,2022-01-22,Left,Future Start,Contradicts dates,Retirement,Retirement,No
3664,Production Technician I,M238,PYZ,Production,Field Operations,Locator,Full-Time,Part-Time,Zone C,MA,Female,Other,55+,4,1-2 years,1,1.268,Fully Meets,3,2020-10-06,2022-01-12,Left,Future Start,Contradicts dates,Involuntary,Involuntary,No
3665,Production Technician I,M239,SVG,Production,Field Operations,Field Technician,Full-Time,Temporary,Zone B,MA,Male,Asian,35-44,2,3-5 years,3,3.704,Fully Meets,3,2019-11-22,,Employed,Active,Agrees with dates,,,No
3666,Production Technician I,M240,TNS,Production,Field Operations,Laborer,Full-Time,Full-Time,Zone A,MA,Male,Hispanic,55+,4,Under 1 year,0,0.731,Fully Meets,3,2022-04-29,2023-01-21,Left,Active,Contradicts dates,Involuntary,Involuntary,Yes
3667,Production Technician I,M241,WBL,Production,Billable Consultants,Technician,Part-Time,Temporary,Zone B,MA,Male,Black,Under 25,0,Under 1 year,0,0.378,Fully Meets,3,2022-12-11,2023-04-28,Left,Active,Contradicts dates,Resignation,Voluntary,Yes
3668,Production Technician I,M242,BPC,Production,Underground,Operator,Full-Time,Full-Time,Zone C,MA,Male,Asian,25-34,1,Under 1 year,0,0.0,Needs Improvement,3,2023-08-06,2023-08-06,Left,Active,Contradicts dates,Voluntary,Voluntary,Yes
3669,Production Technician I,M243,CCDR,Production,Finance & Accounting,Clerk,Contract,Temporary,Zone A,MA,Male,Black,55+,4,2-3 years,2,2.954,Fully Meets,3,2020-03-28,2023-03-12,Left,Voluntarily Terminated,Agrees with dates,Retirement,Retirement,No
3670,Production Technician II,M244,SVG,Production,Billable Consultants,Engineer,Full-Time,Full-Time,Zone A,MA,Female,Hispanic,45-54,3,Under 1 year,0,0.624,Needs Improvement,3,2022-08-11,2023-03-27,Left,Active,Contradicts dates,Resignation,Voluntary,Yes
3671,Production Technician II,M245,EW,Production,Splicing,Splicer,Part-Time,Temporary,Zone A,MA,Female,Asian,25-34,1,Under 1 year,0,0.394,Needs Improvement,3,2023-01-26,2023-06-19,Left,Voluntarily Terminated,Agrees with dates,Involuntary,Involuntary,Yes
3672,Production Technician II,M246,MSC,Production,General - Con,Foreman,Part-Time,Full-Time,Zone A,MA,Female,Asian,25-34,1,3-5 years,3,4.559,Fully Meets,3,2019-01-14,,Employed,Active,Agrees with dates,,,No
3673,Production Technician II,M247,TNS,Production,People Services,Manager,Full-Time,Temporary,Zone B,MA,Female,Other,45-54,3,Under 1 year,0,0.583,Fully Meets,3,2022-06-11,2023-01-10,Left,Voluntarily Terminated,Agrees with dates,Voluntary,Voluntary,Yes
3674,Production Technician II,M248,BPC,Production,Engineers,Engineer,Part-Time,Part-Time,Zone C,MA,Female,Other,25-34,1,1-2 years,1,1.684,Fully Meets,3,2020-06-25,2022-03-02,Left,Voluntarily Terminated,Agrees with dates,Voluntary,Voluntary,No
3675,Production Technician II,M249,CCDR,Production,Engineers,Technician,Full-Time,Full-Time,Zone C,MA,Female,Hispanic,55+,4,2-3 years,2,2.557,Fully Meets,3,2020-06-08,2022-12-29,Left,Active,Contradicts dates,Resignation,Voluntary,No
3676,Production Technician I,M250,BPC,Production,Yard (Material Handling),Associate,Contract,Part-Time,Zone B,MA,Male,Black,25-34,1,3-5 years,3,4.936,Fully Meets,3,2018-08-29,,Employed,Active,Agrees with dates,,,No
3677,Production Technician I,M251,CCDR,Production,Field Operations,Supervisor,Full-Time,Full-Time,Zone A,MA,Male,Hispanic,55+,4,Under 1 year,0,0.846,Fully Meets,3,2022-10-01,,Employed,Active,Agrees with dates,,,No
3678,Production Technician I,M252,SVG,Production,General - Eng,Drafter,Full-Time,Full-Time,Zone A,MA,Male,Asian,Under 25,0,2-3 years,2,2.04,Fully Meets,3,2021-07-22,,Employed,Active,Agrees with dates,,,No
3679,Production Technician I,M253,EW,Production,Engineers,Engineer,Full-Time,Full-Time,Zone A,MA,Male,Asian,25-34,1,3-5 years,3,3.644,Fully Meets,3,2019-12-14,,Employed,Active,Agrees with dates,,,No
3680,Production Technician I,M254,MSC,Production,Underground,Operator,Part-Time,Full-Time,Zone B,MA,Female,Other,35-44,2,3-5 years,3,3.359,Fully Meets,3,2020-03-27,,Employed,Active,Agrees with dates,,,No
3681,Production Technician I,M255,TNS,Production,Engineers,Project Manager,Part-Time,Temporary,Zone B,MA,Female,Black,45-54,3,1-2 years,1,1.695,Fully Meets,3,2021-11-25,,Employed,Active,Agrees with dates,,,No
3682,Production Technician I,M256,PYZ,Production,Field Operations,Technician,Full-Time,Temporary,Zone C,MA,Female,Black,55+,4,Under 1 year,0,0.079,Fully Meets,4,2023-07-08,,Employed,Active,Agrees with dates,,,No
3683,Production Technician I,M257,WBL,Production,Finance & Accounting,Administration,Part-Time,Temporary,Zone C,MA,Male,Other,55+,4,Under 1 year,0,0.107,Fully Meets,3,2021-11-02,2021-12-11,Left,Active,Contradicts dates,Involuntary,Involuntary,Yes
3684,Production Technician I,M258,NEL,Production,Field Operations,Technician,Contract,Part-Time,Zone C,MA,Male,Hispanic,55+,4,3-5 years,3,3.066,Fully Meets,3,2019-12-01,2022-12-25,Left,Active,Contradicts dates,Involuntary,Involuntary,No
3685,Production Technician I,M259,PL,Production,Project Management - Con,Coordinator,Full-Time,Full-Time,Zone C,MA,Male,Asian,35-44,2,Under 1 year,0,0.235,Fully Meets,3,2022-08-16,2022-11-10,Left,Active,Contradicts dates,Retirement,Retirement,Yes
3686,Production Technician I,M260,BPC,Production,Engineers,Director,Part-Time,Full-Time,Zone A,MA,Male,White,25-34,1,1-2 years,1,1.632,Exceeds,1,2021-04-25,2022-12-12,Left,Future Start,Contradicts dates,Retirement,Retirement,No
3687,Production Technician I,M261,CCDR,Production,Field Operations,Supervisor,Part-Time,Temporary,Zone B,MA,Female,White,55+,4,3-5 years,3,4.222,Exceeds,1,2019-05-17,,Employed,Active,Agrees with dates,,,No
3688,Production Technician I,M262,SVG,Production,Wireline Construction,Manager,Contract,Full-Time,Zone B,MA,Female,Asian,55+,4,2-3 years,2,2.251,Exceeds,3,2019-05-04,2021-08-03,Left,Future Start,Contradicts dates,Involuntary,Involuntary,No
3689,Production Technician I,M263,EW,Production,Field Operations,Laborer,Contract,Temporary,Zone A,MA,Male,Asian,55+,4,2-3 years,2,2.056,Exceeds,3,2021-07-16,,Employed,Active,Agrees with dates,,,No
3690,Production Technician I,M264,MSC,Production,Yard (Material Handling),Laborer,Part-Time,Temporary,Zone A,MA,Male,White,55+,4,Under 1 year,0,0.567,Needs Improvement,3,2020-08-04,2021-02-27,Left,Active,Contradicts dates,Voluntary,Voluntary,Yes
3691,Production Technician I,M265,TNS,Production,Finance & Accounting,Manager,Part-Time,Full-Time,Zone C,MA,Male,Asian,25-34,1,2-3 years,2,2.7,Needs Improvement,1,2020-11-23,,Employed,Active,Agrees with dates,,,No
3692,Production Technician I,M266,PYZ,Production,Aerial,Lineman,Full-Time,Part-Time,Zone B,MA,Male,Black,35-44,2,3-5 years,3,3.734,Needs Improvement,3,2019-11-11,,Employed,Active,Agrees with dates,,,No
3693,Production Technician II,M267,SVG,Production,Project Management - Con,Field Project Manager,Part-Time,Temporary,Zone B,MA,Female,White,45-54,3,1-2 years,1,1.281,Exceeds,2,2019-05-20,2020-08-30,Left,Active,Contradicts dates,Involuntary,Involuntary,No
3694,Production Technician II,M268,EW,Production,Field Operations,Specialist,Full-Time,Part-Time,Zone A,MA,Female,Hispanic,55+,4,2-3 years,2,2.445,PIP,4,2019-11-05,2022-04-16,Left,Voluntarily Terminated,Agrees with dates,Involuntary,Involuntary,No
3695,Production Technician II,M269,MSC,Production,Catv,Laborer,Contract,Temporary,Zone C,MA,Female,Hispanic,25-34,1,2-3 years,2,2.376,PIP,4,2018-09-20,2021-02-04,Left,Voluntarily Terminated,Agrees with dates,Voluntary,Voluntary,No
3696,Production Technician II,M270,TNS,Production,Wireless,Foreman,Contract,Part-Time,Zone B,MA,Female,Hispanic,25-34,1,2-3 years,2,2.727,PIP,3,2020-09-02,2023-05-26,Left,Voluntarily Terminated,Agrees with dates,Resignation,Voluntary,No
3697,Production Technician II,M271,PYZ,Production,Field Operations,Technician,Full-Time,Part-Time,Zone A,MA,Female,Other,25-34,1,3-5 years,3,3.105,PIP,4,2020-06-28,,Employed,Active,Agrees with dates,,,No
3698,Production Technician II,M272,WBL,Production,Catv,Foreman,Full-Time,Full-Time,Zone A,MA,Female,Hispanic,35-44,2,Under 1 year,0,0.189,PIP,3,2023-03-22,2023-05-30,Left,Active,Contradicts dates,Involuntary,Involuntary,Yes
3699,Production Technician I,M273,PYZ,Production,Engineers,Engineer,Part-Time,Temporary,Zone B,MA,Male,Asian,45-54,3,Under 1 year,0,0.057,PIP,2,2022-08-30,2022-09-20,Left,Voluntarily Terminated,Agrees with dates,Involuntary,Involuntary,Yes
3700,Production Technician I,M274,PL,Production,Wireline Construction,Supervisor,Part-Time,Temporary,Zone A,MA,Male,Hispanic,35-44,2,3-5 years,3,3.784,PIP,1,2019-10-24,,Employed,Active,Agrees with dates,,,No
3701,Production Technician I,M275,NEL,Production,Shop (Fleet),Mechanic,Part-Time,Temporary,Zone B,MA,Male,Other,55+,4,3-5 years,3,3.74,PIP,2,2019-11-09,,Employed,Active,Agrees with dates,,,No
3702,Production Technician I,M276,MSC,Production,Aerial,Foreman,Part-Time,Part-Time,Zone C,MA,Male,Asian,45-54,3,3-5 years,3,4.066,Exceeds,3,2019-07-13,,Employed,Active,Agrees with dates,,,No
3703,Production Technician I,M277,EW,Production,Engineers,Engineer,Part-Time,Part-Time,Zone A,MA,Female,White,55+,4,1-2 years,1,1.818,Exceeds,4,2020-08-31,2022-06-26,Left,Active,Contradicts dates,Resignation,Voluntary,No
3704,Production Technician I,M278,CCDR,Production,Field Operations,Associate,Full-Time,Part-Time,Zone C,MA,Female,Asian,45-54,3,2-3 years,2,2.752,Exceeds,5,2019-01-25,2021-10-26,Left,Active,Contradicts dates,Involuntary,Involuntary,No
3705,Production Technician I,M279,BPC,Production,General - Sga,Vp,Full-Time,Part-Time,Zone A,MA,Female,White,55+,4,2-3 years,2,2.379,Exceeds,3,2020-11-21,2023-04-09,Left,Active,Contradicts dates,Involuntary,Involuntary,No
3706,Production Technician I,M280,WBL,Production,Field Operations,Laborer,Full-Time,Part-Time,Zone B,MA,Male,White,45-54,3,3-5 years,3,3.869,Exceeds,3,2019-09-23,,Employed,Active,Agrees with dates,,,No
3707,Production Technician I,M281,TNS,Production,Engineers,Manager,Contract,Temporary,Zone B,MA,Male,Asian,25-34,1,Under 1 year,0,0.652,Exceeds,3,2022-12-11,,Employed,Active,Agrees with dates,,,No
3708,Production Technician I,M282,SVG,Production,Fielders,Engineer,Full-Time,Part-Time,Zone C,MA,Male,Black,45-54,3,2-3 years,2,2.081,Exceeds,4,2020-08-21,2022-09-20,Left,Active,Contradicts dates,Resignation,Voluntary,No
3709,Production Technician I,M283,PYZ,Production,Splicing,Splicer,Full-Time,Part-Time,Zone C,MA,Male,Black,45-54,3,3-5 years,3,4.197,Exceeds,5,2019-02-04,2023-04-17,Left,Active,Contradicts dates,Voluntary,Voluntary,No
3710,Production Technician I,M284,PL,Production,Aerial,Foreman,Full-Time,Part-Time,Zone C,MA,Female,Hispanic,55+,4,1-2 years,1,1.769,Exceeds,1,2021-10-29,,Employed,Active,Agrees with dates,,,No
3711,Production Technician I,M285,NEL,Production,Finance & Accounting,Administrative,Part-Time,Temporary,Zone A,MA,Female,Black,35-44,2,2-3 years,2,2.053,Needs Improvement,1,2021-07-17,,Employed,Active,Agrees with dates,,,No
3712,Production Technician I,M286,MSC,Production,Field Operations,Technician,Part-Time,Temporary,Zone C,MA,Male,Asian,55+,4,3-5 years,3,3.346,Needs Improvement,5,2019-04-28,2022-09-01,Left,Future Start,Contradicts dates,Retirement,Retirement,No
3713,Production Technician I,M287,EW,Production,General - Sga,Administrator,Full-Time,Temporary,Zone B,MA,Male,Hispanic,35-44,2,3-5 years,3,3.042,Fully Meets,3,2020-07-21,,Employed,Active,Agrees with dates,,,No
3714,Production Technician I,M288,CCDR,Production,Field Operations,Laborer,Full-Time,Part-Time,Zone B,MA,Male,White,55+,4,3-5 years,3,3.546,Fully Meets,4,2020-01-19,,Employed,Active,Agrees with dates,,,No
3715,Production Technician I,M289,BPC,Production,Project Management - Con,Coordinator,Contract,Full-Time,Zone A,MA,Male,Black,45-54,3,1-2 years,1,1.897,Fully Meets,4,2021-09-12,,Employed,Active,Agrees with dates,,,No
3716,Production Technician II,M290,SVG,Production,General - Con,Laborer,Full-Time,Full-Time,Zone A,MA,Female,Black,25-34,1,Under 1 year,0,0.553,Fully Meets,1,2022-07-31,2023-02-18,Left,Voluntarily Terminated,Agrees with dates,Voluntary,Voluntary,Yes
3717,Production Technician II,M291,EW,Production,Field Operations,Specialist,Contract,Full-Time,Zone B,MA,Female,Asian,25-34,1,Under 1 year,0,0.219,Fully Meets,2,2023-05-18,,Employed,Active,Agrees with dates,,,No
3718,Production Technician II,M292,MSC,Production,Field Operations,Driver,Contract,Temporary,Zone C,MA,Female,Other,55+,4,Under 1 year,0,0.411,Fully Meets,4,2021-05-25,2021-10-22,Left,Voluntarily Terminated,Agrees with dates,Voluntary,Voluntary,Yes
3719,Production Technician II,M293,TNS,Production,Underground,Laborer,Contract,Full-Time,Zone B,MA,Female,Hispanic,55+,4,1-2 years,1,1.04,Fully Meets,3,2022-07-22,,Employed,Active,Agrees with dates,,,No
3720,Production Technician II,M294,PYZ,Production,Field Operations,Laborer,Part-Time,Full-Time,Zone B,MA,Female,White,55+,4,1-2 years,1,1.309,Fully Meets,3,2019-05-23,2020-09-12,Left,Active,Contradicts dates,Resignation,Voluntary,No
3721,Production Technician I,M295,NEL,Production,Fielders,Engineer,Full-Time,Full-Time,Zone B,MA,Male,Black,55+,4,Under 1 year,0,0.151,Fully Meets,2,2020-02-12,2020-04-07,Left,Active,Contradicts dates,Resignation,Voluntary,Yes
3722,Production Technician I,M296,PL,Production,Field Operations,Laborer,Part-Time,Full-Time,Zone B,MA,Male,White,55+,4,1-2 years,1,1.897,Fully Meets,2,2020-02-16,2022-01-09,Left,Voluntarily Terminated,Agrees with dates,Involuntary,Involuntary,No
3723,Production Technician I,M297,BPC,Production,Wireline Construction,Laborer,Full-Time,Temporary,Zone A,MA,Male,Asian,45-54,3,Under 1 year,0,0.214,Fully Meets,3,2022-04-29,2022-07-16,Left,Voluntarily Terminated,Agrees with dates,Retirement,Retirement,Yes
3724,Production Technician I,M298,CCDR,Production,Field Operations,Laborer,Part-Time,Temporary,Zone C,MA,Male,Asian,45-54,3,2-3 years,2,2.056,Fully Meets,4,2019-10-10,2021-10-30,Left,Voluntarily Terminated,Agrees with dates,Retirement,Retirement,No
3725,Production Technician I,M299,SVG,Production,Aerial,Lineman,Contract,Part-Time,Zone B,MA,Male,Asian,55+,4,3-5 years,3,4.255,Fully Meets,1,2019-04-07,2023-07-09,Left,Active,Contradicts dates,Voluntary,Voluntary,No
3726,Production Technician I,M300,EW,Production,General - Con,Lineman,Contract,Full-Time,Zone A,MA,Female,Other,25-34,1,1-2 years,1,1.183,Fully Meets,4,2020-07-13,2021-09-18,Left,Active,Contradicts dates,Voluntary,Voluntary,No
3727,Production Technician I,M301,MSC,Production,Field Operations,Supervisor,Part-Time,Temporary,Zone C,MA,Female,Other,55+,4,1-2 years,1,1.944,Fully Meets,3,2021-08-26,,Employed,Active,Agrees with dates,,,No
3728,Production Technician I,M302,TNS,Production,Splicing,Laborer,Contract,Part-Time,Zone A,MA,Male,Hispanic,55+,4,1-2 years,1,1.618,Fully Meets,5,2021-12-23,,Employed,Active,Agrees with dates,,,No
3729,Production Technician I,M303,BPC,Production,Wireline Construction,Supervisor,Contract,Part-Time,Zone B,MA,Male,Other,55+,4,Under 1 year,0,0.569,Fully Meets,3,2022-12-08,2023-07-04,Left,Active,Contradicts dates,Voluntary,Voluntary,Yes
3730,Production Technician I,M304,CCDR,Production,Fielders,Engineer,Contract,Temporary,Zone B,MA,Male,Black,55+,4,1-2 years,1,1.547,Fully Meets,4,2022-01-18,,Employed,Active,Agrees with dates,,,No
3731,Production Technician I,M305,EW,Production,Field Operations,Engineer,Part-Time,Part-Time,Zone B,MA,Male,Hispanic,25-34,1,2-3 years,2,2.793,Fully Meets,3,2020-02-28,2022-12-14,Left,Active,Contradicts dates,Retirement,Retirement,No
3732,Production Technician I,M306,MSC,Production,Field Operations,Technician,Part-Time,Part-Time,Zone B,MA,Male,Black,55+,4,3-5 years,3,3.181,Fully Meets,5,2020-05-31,,Employed,Active,Agrees with dates,,,No
3733,Production Technician I,M307,NEL,Production,Field Operations,Driver,Contract,Part-Time,Zone C,MA,Female,Hispanic,25-34,1,2-3 years,2,2.256,Fully Meets,3,2020-04-20,2022-07-23,Left,Future Start,Contradicts dates,Retirement,Retirement,No
3734,Production Technician I,M308,PL,Production,Technology / It,Engineer,Full-Time,Temporary,Zone C,MA,Male,White,55+,4,3-5 years,3,4.416,Fully Meets,3,2019-03-07,,Employed,Active,Agrees with dates,,,No
3735,Production Technician I,M309,PYZ,Production,Wireless,Project Manager,Contract,Temporary,Zone C,MA,Male,White,55+,4,3-5 years,3,4.189,Fully Meets,1,2019-05-29,,Employed,Active,Agrees with dates,,,No
3736,Production Technician I,M310,SVG,Production,Wireline Construction,Laborer,Full-Time,Part-Time,Zone A,MA,Male,Other,45-54,3,2-3 years,2,2.423,Fully Meets,2,2020-10-18,2023-03-22,Left,Active,Contradicts dates,Resignation,Voluntary,No
3737,Production Technician I,M311,TNS,Production,People Services,Director,Part-Time,Part-Time,Zone B,MA,Male,Hispanic,55+,4,3-5 years,3,4.712,Fully Meets,5,2018-11-19,,Employed,Active,Agrees with dates,,,No
3738,Production Technician II,M312,SVG,Production,General - Con,Lineman,Full-Time,Temporary,Zone A,MA,Female,Hispanic,Under 25,0,Under 1 year,0,0.736,Fully Meets,3,2022-04-15,2023-01-09,Left,Voluntarily Terminated,Agrees with dates,Involuntary,Involuntary,Yes
3739,Production Technician II,M313,EW,Production,Field Operations,Tower Hand,Full-Time,Temporary,Zone B,MA,Female,Asian,55+,4,2-3 years,2,2.576,Fully Meets,3,2018-08-24,2021-03-22,Left,Voluntarily Terminated,Agrees with dates,Voluntary,Voluntary,No
3740,Production Technician II,M314,MSC,Production,People Services,Intern,Full-Time,Part-Time,Zone C,MA,Female,Other,Under 25,0,Under 1 year,0,0.342,Fully Meets,4,2022-10-15,2023-02-17,Left,Voluntarily Terminated,Agrees with dates,Voluntary,Voluntary,Yes
3741,Production Technician II,M315,TNS,Production,Field Operations,Engineer,Full-Time,Temporary,Zone A,MA,Female,Hispanic,55+,4,Under 1 year,0,0.079,Fully Meets,1,2023-02-27,2023-03-28,Left,Voluntarily Terminated,Agrees with dates,Voluntary,Voluntary,Yes
3742,Production Technician II,M316,PYZ,Production,Field Operations,Manager,Contract,Temporary,Zone A,MA,Female,Asian,35-44,2,1-2 years,1,1.643,Fully Meets,2,2021-09-22,2023-05-15,Left,Active,Contradicts dates,Resignation,Voluntary,No
3743,Production Technician I,M317,WBL,Production,General - Con,Locator,Contract,Part-Time,Zone A,MA,Male,Black,55+,4,3-5 years,3,3.184,Fully Meets,2,2020-05-30,,Employed,Active,Agrees with dates,,,No
3744,Production Technician I,M318,NEL,Production,Aerial,Lineman,Part-Time,Full-Time,Zone B,MA,Female,Asian,55+,4,2-3 years,2,2.899,Fully Meets,5,2020-09-11,,Employed,Active,Agrees with dates,,,No
3745,Production Technician I,M319,PL,Production,General - Con,Technician,Full-Time,Full-Time,Zone C,MA,Male,Asian,45-54,3,1-2 years,1,1.352,Fully Meets,4,2019-05-31,2020-10-06,Left,Voluntarily Terminated,Agrees with dates,Involuntary,Involuntary,No
3746,Production Technician I,M320,BPC,Production,Shop (Fleet),Mechanic,Part-Time,Full-Time,Zone B,MA,Male,Black,45-54,3,3-5 years,3,3.064,Fully Meets,3,2020-07-13,,Employed,Active,Agrees with dates,,,No
3747,Production Technician I,M321,CCDR,Production,Technology / It,Technician,Part-Time,Temporary,Zone C,MA,Male,Black,55+,4,1-2 years,1,1.421,Fully Meets,2,2021-09-09,2023-02-10,Left,Voluntarily Terminated,Agrees with dates,Retirement,Retirement,No
3748,Production Technician I,M322,SVG,Production,General - Con,Laborer,Full-Time,Part-Time,Zone C,MA,Male,Other,45-54,3,3-5 years,3,4.334,Fully Meets,1,2019-04-06,,Employed,Active,Agrees with dates,,,No
3749,Production Technician I,M323,EW,Production,Project Management - Eng,Planner,Full-Time,Full-Time,Zone A,MA,Female,Other,35-44,2,2-3 years,2,2.467,Fully Meets,4,2021-02-16,,Employed,Active,Agrees with dates,,,No
3750,Production Technician I,M324,MSC,Production,Engineers,Engineer,Full-Time,Part-Time,Zone C,MA,Male,Black,55+,4,3-5 years,3,3.466,Fully Meets,1,2020-02-17,,Employed,Active,Agrees with dates,,,No
3751,Production Technician I,M325,TNS,Production,Aerial,Model Assistant,Contract,Full-Time,Zone A,MA,Male,Other,45-54,3,1-2 years,1,1.807,Fully Meets,3,2021-10-15,,Employed,Active,Agrees with dates,,,No
3752,Production Technician I,M326,PYZ,Production,Engineers,Engineer,Full-Time,Temporary,Zone A,MA,Male,White,55+,4,1-2 years,1,1.084,Fully Meets,2,2022-07-06,,Employed,Active,Agrees with dates,,,No
3753,Production Technician I,M327,WBL,Production,Project Management - Eng,Planner,Part-Time,Part-Time,Zone B,MA,Male,White,55+,4,1-2 years,1,1.769,Fully Meets,4,2019-03-05,2020-12-10,Left,Active,Contradicts dates,Involuntary,Involuntary,No
3754,Production Technician I,M328,NEL,Production,Project Management - Con,Engineer,Full-Time,Full-Time,Zone C,MA,Male,Black,45-54,3,1-2 years,1,1.648,Fully Meets,1,2020-06-02,2022-01-25,Left,Active,Contradicts dates,Voluntary,Voluntary,No
3755,Production Technician I,M329,PL,Production,Executive,Manager,Full-Time,Full-Time,Zone C,MA,Female,Black,Under 25,0,2-3 years,2,2.226,Fully Meets,4,2020-11-26,2023-02-17,Left,Future Start,Contradicts dates,Resignation,Voluntary,No
3756,Production Technician I,M330,BPC,Production,Field Operations,Driller,Full-Time,Temporary,Zone A,MA,Female,Hispanic,55+,4,2-3 years,2,2.201,Fully Meets,3,2021-05-24,,Employed,Active,Agrees with dates,,,No
3757,Production Technician I,M331,CCDR,Production,Aerial,Lineman,Full-Time,Part-Time,Zone B,MA,Male,Asian,25-34,1,Under 1 year,0,0.438,Fully Meets,2,2022-10-17,2023-03-26,Left,Future Start,Contradicts dates,Involuntary,Involuntary,Yes
3758,Production Technician I,M332,SVG,Production,Engineers,Engineer,Contract,Temporary,Zone A,MA,Male,Other,55+,4,Under 1 year,0,0.602,Fully Meets,3,2022-11-16,2023-06-24,Left,Voluntarily Terminated,Agrees with dates,Retirement,Retirement,Yes
3759,Production Technician I,M333,EW,Production,Yard (Material Handling),Laborer,Contract,Full-Time,Zone B,MA,Male,Black,55+,4,Under 1 year,0,0.402,Fully Meets,1,2022-05-01,2022-09-25,Left,Active,Contradicts dates,Retirement,Retirement,Yes
3760,Production Technician I,M334,MSC,Production,General - Con,Technician,Full-Time,Part-Time,Zone A,MA,Male,Other,55+,4,1-2 years,1,1.949,Fully Meets,3,2021-08-24,,Employed,Active,Agrees with dates,,,No
3761,Production Technician II,M335,CCDR,Production,General - Sga,Assistant,Contract,Full-Time,Zone A,MA,Female,Black,35-44,2,Under 1 year,0,0.049,Fully Meets,1,2023-06-22,2023-07-10,Left,Active,Contradicts dates,Involuntary,Involuntary,Yes
3762,Production Technician II,M336,SVG,Production,Engineers,Engineer,Part-Time,Temporary,Zone B,MA,Female,Black,55+,4,3-5 years,3,3.05,Fully Meets,2,2020-07-18,,Employed,Active,Agrees with dates,,,No
3763,Production Technician II,M337,EW,Production,Finance & Accounting,Clerk,Full-Time,Full-Time,Zone B,MA,Female,White,55+,4,Under 1 year,0,0.068,Fully Meets,3,2023-01-12,2023-02-06,Left,Voluntarily Terminated,Agrees with dates,Involuntary,Involuntary,Yes
3764,Production Technician II,M338,MSC,Production,General - Sga,Manager,Full-Time,Temporary,Zone B,MA,Female,Black,25-34,1,1-2 years,1,1.467,Fully Meets,3,2022-02-16,,Employed,Active,Agrees with dates,,,No
3765,Production Technician II,M339,TNS,Production,Yard (Material Handling),Runner,Part-Time,Temporary,Zone A,MA,Female,Hispanic,45-54,3,Under 1 year,0,0.925,Fully Meets,3,2022-09-02,,Employed,Active,Agrees with dates,,,No
3766,Production Technician II,M340,PYZ,Production,Yard (Material Handling),Manager,Part-Time,Part-Time,Zone A,MA,Female,Black,55+,4,3-5 years,3,4.003,Fully Meets,3,2019-02-02,2023-02-03,Left,Active,Contradicts dates,Resignation,Voluntary,No
3767,Production Technician I,M341,TNS,Production,General - Con,Laborer,Full-Time,Part-Time,Zone B,MA,Female,Black,25-34,1,1-2 years,1,1.027,Fully Meets,2,2021-08-26,2022-09-05,Left,Voluntarily Terminated,Agrees with dates,Retirement,Retirement,No
3768,Production Technician I,M342,SVG,Production,Catv,Foreman,Contract,Full-Time,Zone B,MA,Female,Black,25-34,1,2-3 years,2,2.595,Fully Meets,4,2020-12-31,,Employed,Active,Agrees with dates,,,No
3769,Production Technician I,M343,PYZ,Production,Fielders,Engineer,Full-Time,Full-Time,Zone A,MA,Male,Asian,55+,4,2-3 years,2,2.648,Fully Meets,3,2020-12-12,,Employed,Active,Agrees with dates,,,No
3770,Production Technician I,M344,PL,Production,Aerial,Lineman,Contract,Temporary,Zone B,MA,Male,Asian,25-34,1,1-2 years,1,1.24,Fully Meets,3,2022-01-13,2023-04-11,Left,Voluntarily Terminated,Agrees with dates,Involuntary,Involuntary,No
3771,Production Technician I,M345,NEL,Production,General - Con,Foreman,Part-Time,Temporary,Zone B,MA,Male,Asian,35-44,2,2-3 years,2,2.281,Fully Meets,3,2021-01-24,2023-05-07,Left,Voluntarily Terminated,Agrees with dates,Retirement,Retirement,No
3772,Production Technician I,M346,MSC,Production,Engineers,Engineer,Full-Time,Temporary,Zone A,MA,Female,Asian,55+,4,Under 1 year,0,0.449,Fully Meets,3,2022-02-08,2022-07-22,Left,Active,Contradicts dates,Retirement,Retirement,Yes
3773,Production Technician I,M347,EW,Production,Engineers,Engineer,Part-Time,Temporary,Zone A,MA,Female,Hispanic,45-54,3,1-2 years,1,1.377,Fully Meets,3,2020-10-11,2022-02-26,Left,Voluntarily Terminated,Agrees with dates,Retirement,Retirement,No
3774,Production Technician I,M348,CCDR,Production,Engineers,Engineer,Part-Time,Full-Time,Zone B,MA,Male,Black,25-34,1,2-3 years,2,2.316,Fully Meets,3,2019-06-20,2021-10-13,Left,Active,Contradicts dates,Involuntary,Involuntary,No
3775,Production Technician I,M349,BPC,Production,Field Operations,Laborer,Contract,Part-Time,Zone B,MA,Male,Other,35-44,2,1-2 years,1,1.372,Fully Meets,3,2021-07-13,2022-11-26,Left,Active,Contradicts dates,Resignation,Voluntary,No
3776,Production Technician I,M350,WBL,Production,General - Eng,Administrative,Contract,Full-Time,Zone A,MA,Male,Black,35-44,2,Under 1 year,0,0.044,Fully Meets,3,2021-10-14,2021-10-30,Left,Active,Contradicts dates,Resignation,Voluntary,Yes
3777,Production Technician I,M351,TNS,Production,Aerial,Lineman,Contract,Temporary,Zone C,MA,Male,Black,55+,4,1-2 years,1,1.739,Fully Meets,3,2021-11-09,,Employed,Active,Agrees with dates,,,No
3778,Production Technician I,M352,SVG,Production,Wireline Construction,Groundman,Full-Time,Full-Time,Zone A,MA,Male,Other,25-34,1,Under 1 year,0,0.318,Fully Meets,3,2023-04-02,2023-07-27,Left,Active,Contradicts dates,Involuntary,Involuntary,Yes
3779,Production Technician I,M353,PYZ,Production,Shop (Fleet),Technician,Part-Time,Temporary,Zone B,MA,Female,Other,55+,4,Under 1 year,0,0.537,Fully Meets,3,2022-10-19,2023-05-03,Left,Future Start,Contradicts dates,Voluntary,Voluntary,Yes
3780,Production Technician I,M354,PL,Production,General - Con,Technician,Part-Time,Part-Time,Zone C,MA,Female,Black,55+,4,1-2 years,1,1.35,Fully Meets,3,2020-05-09,2021-09-14,Left,Future Start,Contradicts dates,Retirement,Retirement,No
3781,Production Technician I,M355,NEL,Production,General - Con,Laborer,Contract,Full-Time,Zone B,MA,Male,Black,55+,4,2-3 years,2,2.713,Fully Meets,3,2019-08-18,2022-05-05,Left,Future Start,Contradicts dates,Involuntary,Involuntary,No
3782,Production Technician I,M356,MSC,Production,Field Operations,Driver,Full-Time,Temporary,Zone B,MA,Male,Asian,35-44,2,1-2 years,1,1.15,Fully Meets,3,2019-03-09,2020-05-02,Left,Voluntarily Terminated,Agrees with dates,Retirement,Retirement,No
3783,Production Technician I,M357,EW,Production,Fielders,Engineer,Contract,Full-Time,Zone A,MA,Male,Asian,55+,4,3-5 years,3,3.242,Fully Meets,3,2020-05-09,,Employed,Active,Agrees with dates,,,No
3784,Production Technician I,M358,CCDR,Production,Splicing,Supervisor,Contract,Temporary,Zone A,MA,Female,White,25-34,1,Under 1 year,0,0.977,Fully Meets,3,2022-08-14,,Employed,Active,Agrees with dates,,,No
3785,Production Technician II,M359,PL,Production,Project Management - Con,Director,Contract,Temporary,Zone C,MA,Female,Black,45-54,3,1-2 years,1,1.547,Fully Meets,3,2022-01-18,,Employed,Active,Agrees with dates,,,No
3786,Production Technician II,M360,PYZ,Production,Field Operations,Technician,Full-Time,Part-Time,Zone A,MA,Female,Black,55+,4,1-2 years,1,1.092,Fully Meets,3,2021-06-22,2022-07-26,Left,Voluntarily Terminated,Agrees with dates,Resignation,Voluntary,No
3787,Production Technician II,M361,SVG,Production,General - Sga,Supervisor,Full-Time,Part-Time,Zone C,MA,Female,White,45-54,3,Under 1 year,0,0.416,Fully Meets,3,2023-01-19,2023-06-20,Left,Voluntarily Terminated,Agrees with dates,Resignation,Voluntary,Yes
3788,Production Technician II,M362,TNS,Production,Field Operations,Foreman,Part-Time,Full-Time,Zone A,MA,Female,Black,45-54,3,Under 1 year,0,0.074,Fully Meets,3,2023-05-17,2023-06-13,Left,Voluntarily Terminated,Agrees with dates,Involuntary,Involuntary,Yes
3789,Production Technician II,M363,WBL,Production,Wireline Construction,Foreman,Contract,Part-Time,Zone A,MA,Female,Other,45-54,3,3-5 years,3,3.162,Fully Meets,3,2020-06-07,,Employed,Active,Agrees with dates,,,No
3790,Production Technician II,M364,PYZ,Production,Yard (Material Handling),Laborer,Full-Time,Temporary,Zone A,MA,Female,Hispanic,55+,4,Under 1 year,0,0.011,Fully Meets,3,2023-07-07,2023-07-11,Left,Active,Contradicts dates,Resignation,Voluntary,Yes
3791,Production Technician I,M365,WBL,Production,Finance & Accounting,Administration,Full-Time,Full-Time,Zone B,MA,Female,Asian,45-54,3,3-5 years,3,3.357,Fully Meets,3,2020-03-28,,Employed,Active,Agrees with dates,,,No
3792,Production Technician I,M366,NEL,Production,Engineers,Engineer,Part-Time,Full-Time,Zone C,MA,Male,White,25-34,1,2-3 years,2,2.965,Fully Meets,3,2019-05-23,2022-05-10,Left,Active,Contradicts dates,Retirement,Retirement,No
3793,Production Technician I,M367,PL,Production,General - Con,Manager,Full-Time,Full-Time,Zone B,MA,Male,Asian,55+,4,3-5 years,3,4.296,Fully Meets,3,2019-04-20,,Employed,Active,Agrees with dates,,,No
3794,Production Technician I,M368,BPC,Production,General - Con,Foreman,Contract,Full-Time,Zone A,MA,Male,Asian,25-34,1,3-5 years,3,4.906,Fully Meets,5,2018-09-09,,Employed,Active,Agrees with dates,,,No
3795,Production Technician I,M369,CCDR,Production,General - Sga,Manager,Part-Time,Part-Time,Zone A,MA,Male,White,25-34,1,1-2 years,1,1.062,Exceeds,3,2022-07-14,,Employed,Active,Agrees with dates,,,No
3796,Production Technician I,M370,SVG,Production,General - Con,Laborer,Contract,Part-Time,Zone A,MA,Female,Hispanic,55+,4,2-3 years,2,2.628,Exceeds,3,2019-04-17,2021-12-02,Left,Active,Contradicts dates,Resignation,Voluntary,No
3797,Production Technician I,M371,EW,Production,Catv,Splicer,Contract,Full-Time,Zone A,MA,Female,Black,45-54,3,3-5 years,3,3.225,Fully Meets,3,2020-05-15,,Employed,Active,Agrees with dates,,,No
3798,Production Technician I,M372,MSC,Production,General - Con,Lineman,Full-Time,Full-Time,Zone C,MA,Male,Other,55+,4,3-5 years,3,3.247,Fully Meets,3,2020-04-04,2023-07-04,Left,Active,Contradicts dates,Voluntary,Voluntary,No
3799,Production Technician I,M373,TNS,Production,Executive,Director,Full-Time,Temporary,Zone A,MA,Male,Hispanic,55+,4,Under 1 year,0,0.808,Exceeds,3,2022-10-15,,Employed,Active,Agrees with dates,,,No
3800,Production Technician I,M374,PYZ,Production,General - Sga,Administrator,Contract,Part-Time,Zone C,MA,Male,Other,55+,4,3-5 years,3,4.071,Fully Meets,3,2019-07-11,,Employed,Active,Agrees with dates,,,No
3801,Production Technician I,M375,WBL,Production,Field Operations,Laborer,Contract,Temporary,Zone C,MA,Female,Hispanic,55+,4,3-5 years,3,3.844,Fully Meets,3,2019-10-02,,Employed,Active,Agrees with dates,,,No
3802,Production Technician I,M376,NEL,Production,Field Operations,Project Manager,Full-Time,Full-Time,Zone A,MA,Male,White,55+,4,2-3 years,2,2.423,Fully Meets,3,2021-03-04,,Employed,Active,Agrees with dates,,,No
3803,Production Technician I,M377,PL,Production,Field Operations,Tower Hand,Contract,Full-Time,Zone B,MA,Female,Black,35-44,2,Under 1 year,0,0.89,Fully Meets,3,2021-02-10,2022-01-01,Left,Future Start,Contradicts dates,Resignation,Voluntary,Yes
3804,Production Technician I,M378,BPC,Production,General - Con,Lineman,Full-Time,Part-Time,Zone C,MA,Female,Hispanic,35-44,2,3-5 years,3,4.227,Fully Meets,3,2019-05-15,,Employed,Active,Agrees with dates,,,No
3805,Production Technician I,M379,CCDR,Production,General - Con,Mechanic,Full-Time,Part-Time,Zone B,MA,Male,Other,35-44,2,1-2 years,1,1.273,Fully Meets,3,2022-04-28,,Employed,Active,Agrees with dates,,,No
3806,Production Technician I,M380,SVG,Production,Field Operations,Groundman,Contract,Temporary,Zone C,MA,Male,Other,45-54,3,1-2 years,1,1.769,Fully Meets,3,2021-09-23,2023-07-01,Left,Active,Contradicts dates,Resignation,Voluntary,No
3807,Production Technician I,M381,EW,Production,Project Management - Con,Manager,Contract,Temporary,Zone C,MA,Male,Asian,55+,4,Under 1 year,0,0.153,Fully Meets,3,2021-09-15,2021-11-10,Left,Active,Contradicts dates,Resignation,Voluntary,Yes
3808,IT Support,M382,PYZ,IT/IS,General - Sga,Administrator,Contract,Full-Time,Zone B,MA,Female,White,55+,4,Under 1 year,0,0.898,Fully Meets,3,2019-04-27,2020-03-20,Left,Active,Contradicts dates,Resignation,Voluntary,Yes
3809,Network Engineer,M383,TNS,IT/IS,Field Operations,Foreman,Part-Time,Part-Time,Zone B,MA,Male,Hispanic,Under 25,0,Under 1 year,0,0.882,Fully Meets,3,2019-10-06,2020-08-23,Left,Active,Contradicts dates,Resignation,Voluntary,Yes
3810,Sr. Network Engineer,M384,PL,IT/IS,General - Sga,Administrator,Full-Time,Temporary,Zone A,CT,Female,Black,55+,4,3-5 years,3,3.469,Fully Meets,3,2020-02-16,,Employed,Active,Agrees with dates,,,No
3811,Sr. Network Engineer,M385,PL,IT/IS,Fielders,Engineer,Part-Time,Temporary,Zone B,CT,Male,Hispanic,55+,4,Under 1 year,0,0.438,Fully Meets,3,2022-05-14,2022-10-21,Left,Active,Contradicts dates,Involuntary,Involuntary,Yes
3812,Sr. Network Engineer,M386,BPC,IT/IS,General - Eng,Administrative,Contract,Full-Time,Zone B,MA,Female,Hispanic,35-44,2,1-2 years,1,1.478,Fully Meets,3,2019-02-13,2020-08-06,Left,Active,Contradicts dates,Resignation,Voluntary,No
3813,IT Support,M387,SVG,IT/IS,Engineers,Engineer,Part-Time,Part-Time,Zone A,MA,Male,Hispanic,55+,4,Under 1 year,0,0.95,Fully Meets,3,2022-08-24,,Employed,Active,Agrees with dates,,,No
3814,Sr. Network Engineer,M388,EW,IT/IS,Engineers,Coordinator,Part-Time,Full-Time,Zone C,MA,Male,Black,55+,4,1-2 years,1,1.662,Fully Meets,3,2019-01-07,2020-09-05,Left,Leave of Absence,Contradicts dates,Retirement,Retirement,No
3815,Network Engineer,M389,SVG,IT/IS,Project Management - Con,Coordinator,Contract,Part-Time,Zone C,MA,Male,White,35-44,2,2-3 years,2,2.363,Fully Meets,3,2021-03-26,,Employed,Active,Agrees with dates,,,No
3816,IT Support,M390,WBL,IT/IS,Field Operations,Technician,Full-Time,Temporary,Zone A,MA,Male,Hispanic,55+,4,2-3 years,2,2.264,Fully Meets,3,2021-05-01,,Employed,Active,Agrees with dates,,,No
3817,IT Support,M391,CCDR,IT/IS,General - Con,Technician,Part-Time,Full-Time,Zone A,MA,Female,Black,45-54,3,1-2 years,1,1.281,Needs Improvement,3,2021-10-10,2023-01-21,Left,Active,Contradicts dates,Resignation,Voluntary,No
3818,Network Engineer,M392,CCDR,IT/IS,Wireless,Technician,Part-Time,Part-Time,Zone A,MA,Male,Asian,55+,4,2-3 years,2,2.251,Fully Meets,3,2020-01-02,2022-04-03,Left,Active,Contradicts dates,Voluntary,Voluntary,No
3819,Network Engineer,M393,MSC,IT/IS,Aerial,Foreman,Full-Time,Part-Time,Zone B,MA,Female,Asian,55+,4,3-5 years,3,3.543,Fully Meets,3,2020-01-20,,Employed,Active,Agrees with dates,,,No
3820,Network Engineer,M394,EW,IT/IS,General - Con,Foreman,Contract,Full-Time,Zone C,MA,Female,Other,45-54,3,2-3 years,2,2.776,Fully Meets,3,2018-08-11,2021-05-21,Left,Active,Contradicts dates,Voluntary,Voluntary,No
3821,Sr. Network Engineer,M395,TNS,IT/IS,Field Operations,Manager,Contract,Temporary,Zone A,MA,Male,White,35-44,2,1-2 years,1,1.632,Fully Meets,3,2021-12-18,,Employed,Active,Agrees with dates,,,No
3822,Network Engineer,M396,WBL,Executive Office,General - Con,Technician,Full-Time,Part-Time,Zone B,MA,Male,Hispanic,45-54,3,2-3 years,2,2.527,Fully Meets,3,2019-09-24,2022-04-04,Left,Active,Contradicts dates,Retirement,Retirement,No
3823,Network Engineer,M397,TNS,Executive Office,Shop (Fleet),Supervisor,Full-Time,Temporary,Zone A,MA,Male,White,35-44,2,Under 1 year,0,0.69,Needs Improvement,3,2022-10-17,2023-06-26,Left,Active,Contradicts dates,Involuntary,Involuntary,Yes
3824,IT Support,M398,SVG,IT/IS,General - Sga,Administrator,Contract,Full-Time,Zone C,MA,Male,Black,55+,4,3-5 years,3,3.578,Fully Meets,3,2020-01-07,,Employed,Active,Agrees with dates,,,No
3825,IT Support,M399,PYZ,IT/IS,Field Operations,Tower Hand,Full-Time,Part-Time,Zone A,MA,Male,Black,25-34,1,Under 1 year,0,0.75,Fully Meets,3,2022-11-05,,Employed,Active,Agrees with dates,,,No
3826,IT Support,M400,PL,IT/IS,Field Operations,Laborer,Part-Time,Full-Time,Zone B,MA,Male,Asian,Under 25,0,Under 1 year,0,0.104,Fully Meets,3,2023-04-26,2023-06-03,Left,Active,Contradicts dates,Resignation,Voluntary,Yes
3827,IT Support,M401,NEL,IT/IS,General - Eng,Engineer,Part-Time,Part-Time,Zone B,MA,Male,Asian,25-34,1,3-5 years,3,4.189,Fully Meets,3,2019-05-29,,Employed,Active,Agrees with dates,,,No
3828,Sr. Network Engineer,M402,PL,IT/IS,Aerial,Lineman,Part-Time,Full-Time,Zone A,MA,Male,Black,25-34,1,3-5 years,3,3.899,Fully Meets,3,2019-09-12,,Employed,Active,Agrees with dates,,,No
3829,Sr. Network Engineer,M403,BPC,IT/IS,Project Management - Con,Manager,Part-Time,Full-Time,Zone C,MA,Male,Other,55+,4,2-3 years,2,2.084,Exceeds,3,2019-01-27,2021-02-26,Left,Active,Contradicts dates,Resignation,Voluntary,No
3830,Principal Data Architect,M404,CCDR,IT/IS,Field Operations,Tower Hand,Part-Time,Temporary,Zone C,CT,Male,White,55+,4,3-5 years,3,3.962,PIP,3,2019-08-20,,Employed,Active,Agrees with dates,,,No
3831,Enterprise Architect,M405,SVG,IT/IS,Field Operations,Laborer,Part-Time,Part-Time,Zone C,CT,Female,Hispanic,55+,4,3-5 years,3,4.893,Needs Improvement,3,2018-09-14,,Employed,Active,Agrees with dates,,,No
3832,Sr. DBA,M406,EW,IT/IS,Project Management - Eng,Planner,Full-Time,Part-Time,Zone B,MA,Female,Hispanic,55+,4,1-2 years,1,1.158,PIP,3,2021-08-02,2022-09-29,Left,Leave of Absence,Contradicts dates,Resignation,Voluntary,No
3833,Network Engineer,M407,PYZ,Executive Office,Field Operations,Top Hand,Full-Time,Part-Time,Zone A,MA,Male,Asian,55+,4,Under 1 year,0,0.767,PIP,3,2022-01-26,2022-11-02,Left,Active,Contradicts dates,Retirement,Retirement,Yes
3834,Network Engineer,M408,WBL,Executive Office,Field Operations,Technician,Contract,Part-Time,Zone C,MA,Male,Hispanic,55+,4,2-3 years,2,2.24,Fully Meets,3,2019-05-10,2021-08-05,Left,Active,Contradicts dates,Involuntary,Involuntary,No
3835,IT Support,M409,NEL,IT/IS,Yard (Material Handling),Associate,Part-Time,Part-Time,Zone B,MA,Male,Hispanic,25-34,1,3-5 years,3,3.926,Fully Meets,3,2019-01-02,2022-12-06,Left,Active,Contradicts dates,Resignation,Voluntary,No
3836,IT Support,M410,PL,IT/IS,General - Con,Technician,Contract,Temporary,Zone A,MA,Male,Black,55+,4,1-2 years,1,1.979,Fully Meets,3,2021-08-13,,Employed,Active,Agrees with dates,,,No
3837,IT Support,M411,BPC,IT/IS,Finance & Accounting,Administrative,Part-Time,Part-Time,Zone A,MA,Male,Other,55+,4,Under 1 year,0,0.115,PIP,3,2022-10-02,2022-11-13,Left,Active,Contradicts dates,Resignation,Voluntary,Yes
3838,IT Support,M412,CCDR,IT/IS,Field Operations,Assistant,Part-Time,Full-Time,Zone A,MA,Female,Asian,35-44,2,2-3 years,2,2.344,PIP,3,2018-12-17,2021-04-21,Left,Active,Contradicts dates,Voluntary,Voluntary,No
3839,Sr. Network Engineer,M413,PL,IT/IS,General - Con,Lineman,Contract,Part-Time,Zone B,MA,Male,Hispanic,Under 25,0,1-2 years,1,1.818,PIP,3,2021-10-11,,Employed,Active,Agrees with dates,,,No
3840,Sr. Network Engineer,M414,BPC,IT/IS,Field Operations,Foreman,Part-Time,Full-Time,Zone B,MA,Male,Hispanic,45-54,3,Under 1 year,0,0.129,Fully Meets,3,2023-04-01,2023-05-18,Left,Active,Contradicts dates,Voluntary,Voluntary,Yes
3841,Principal Data Architect,M415,CCDR,IT/IS,Wireline Construction,Laborer,Full-Time,Full-Time,Zone C,CT,Male,Asian,45-54,3,2-3 years,2,2.379,Fully Meets,3,2021-03-20,,Employed,Active,Agrees with dates,,,No
3842,Enterprise Architect,M416,SVG,IT/IS,Aerial,Lineman,Part-Time,Part-Time,Zone B,MA,Female,White,55+,4,Under 1 year,0,0.975,Fully Meets,3,2020-08-20,2021-08-11,Left,Leave of Absence,Contradicts dates,Involuntary,Involuntary,Yes
3843,Sr. DBA,M417,EW,IT/IS,Engineers,Engineer,Full-Time,Full-Time,Zone C,MA,Female,Asian,45-54,3,Under 1 year,0,0.038,Fully Meets,3,2023-07-16,2023-07-30,Left,Leave of Absence,Contradicts dates,Resignation,Voluntary,Yes
3844,Network Engineer,M249,PYZ,Executive Office,General - Con,Laborer,Part-Time,Temporary,Zone C,MA,Male,White,55+,4,1-2 years,1,1.188,PIP,3,2021-06-10,2022-08-18,Left,Active,Contradicts dates,Voluntary,Voluntary,No
3845,Network Engineer,M418,WBL,Executive Office,Field Operations,Laborer,Contract,Full-Time,Zone A,MA,Male,Hispanic,45-54,3,3-5 years,3,3.948,PIP,3,2019-08-25,,Employed,Active,Agrees with dates,,,No
3846,IT Support,M419,NEL,IT/IS,Wireline Construction,Driver,Contract,Full-Time,Zone C,MA,Male,Asian,45-54,3,3-5 years,3,3.028,Fully Meets,3,2020-05-04,2023-05-15,Left,Active,Contradicts dates,Retirement,Retirement,No
3847,IT Support,M420,PL,IT/IS,Field Operations,Laborer,Part-Time,Temporary,Zone B,MA,Male,Hispanic,Under 25,0,1-2 years,1,1.295,Fully Meets,3,2019-02-24,2020-06-11,Left,Active,Contradicts dates,Retirement,Retirement,No
3848,IT Support,M421,BPC,IT/IS,Field Operations,Technician,Full-Time,Temporary,Zone C,MA,Male,Asian,25-34,1,3-5 years,3,3.866,Fully Meets,3,2019-09-24,,Employed,Active,Agrees with dates,,,No
3849,IT Support,M422,CCDR,IT/IS,General - Con,Foreman,Contract,Part-Time,Zone A,MA,Female,White,35-44,2,2-3 years,2,2.475,Fully Meets,3,2021-02-13,,Employed,Active,Agrees with dates,,,No
3850,Sr. Network Engineer,M423,MSC,IT/IS,Yard (Material Handling),Administration,Part-Time,Temporary,Zone B,MA,Male,Hispanic,55+,4,2-3 years,2,2.303,Fully Meets,3,2020-01-05,2022-04-25,Left,Active,Contradicts dates,Voluntary,Voluntary,No
3851,Sr. Network Engineer,M424,NEL,IT/IS,Executive,Manager,Contract,Temporary,Zone C,CT,Male,Black,25-34,1,1-2 years,1,1.196,PIP,3,2019-01-18,2020-03-30,Left,Leave of Absence,Contradicts dates,Resignation,Voluntary,No
3852,Principal Data Architect,M425,PL,IT/IS,Field Operations,Laborer,Part-Time,Temporary,Zone A,CT,Female,White,35-44,2,2-3 years,2,2.571,PIP,3,2019-03-01,2021-09-25,Left,Leave of Absence,Contradicts dates,Retirement,Retirement,No
3853,Enterprise Architect,M426,PYZ,IT/IS,General - Con,Operator,Full-Time,Temporary,Zone A,MA,Female,Asian,35-44,2,1-2 years,1,1.227,Fully Meets,3,2021-08-14,2022-11-05,Left,Leave of Absence,Contradicts dates,Resignation,Voluntary,No
3854,Network Engineer,M427,WBL,Executive Office,Technology / It,Manager,Part-Time,Temporary,Zone B,MA,Male,Black,55+,4,Under 1 year,0,0.249,Fully Meets,3,2019-06-06,2019-09-05,Left,Active,Contradicts dates,Retirement,Retirement,Yes
3855,Network Engineer,M428,WBL,Executive Office,People Services,Accountant,Part-Time,Part-Time,Zone B,MA,Male,Other,Under 25,0,1-2 years,1,1.218,Fully Meets,3,2021-05-25,2022-08-13,Left,Active,Contradicts dates,Retirement,Retirement,No
3856,Network Engineer,M429,TNS,Executive Office,Wireline Construction,Groundman,Part-Time,Part-Time,Zone C,MA,Male,Other,25-34,1,Under 1 year,0,0.238,PIP,3,2023-03-17,2023-06-12,Left,Active,Contradicts dates,Involuntary,Involuntary,Yes
3857,IT Support,M430,SVG,IT/IS,Fielders,Engineer,Contract,Temporary,Zone B,MA,Male,Black,55+,4,Under 1 year,0,0.025,PIP,3,2022-10-02,2022-10-11,Left,Active,Contradicts dates,Voluntary,Voluntary,Yes
3858,IT Support,M431,PYZ,IT/IS,Engineers,Technician,Full-Time,Full-Time,Zone B,MA,Male,Other,55+,4,1-2 years,1,1.536,Fully Meets,3,2022-01-22,,Employed,Active,Agrees with dates,,,No
3859,IT Support,M432,PL,IT/IS,Fielders,Engineer,Full-Time,Part-Time,Zone B,MA,Female,Hispanic,25-34,1,2-3 years,2,2.719,PIP,3,2019-11-29,2022-08-18,Left,Active,Contradicts dates,Voluntary,Voluntary,No
3860,IT Support,M433,NEL,IT/IS,Catv,Lineman,Contract,Temporary,Zone B,MA,Female,Asian,25-34,1,2-3 years,2,2.226,Fully Meets,3,2020-07-01,2022-09-22,Left,Active,Contradicts dates,Resignation,Voluntary,No
3861,Sr. Network Engineer,M434,PL,IT/IS,General - Con,Flagger,Full-Time,Part-Time,Zone C,MA,Male,Other,55+,4,1-2 years,1,1.369,PIP,3,2022-03-24,,Employed,Active,Agrees with dates,,,No
3862,Sr. Network Engineer,M435,BPC,IT/IS,Project Management - Con,Engineer,Part-Time,Temporary,Zone B,CT,Male,White,25-34,1,3-5 years,3,4.066,PIP,3,2019-05-13,2023-06-06,Left,Leave of Absence,Contradicts dates,Involuntary,Involuntary,No
3863,Principal Data Architect,M436,CCDR,IT/IS,Aerial,Technician,Contract,Temporary,Zone A,MA,Female,Other,45-54,3,3-5 years,3,4.164,PIP,3,2019-06-07,,Employed,Active,Agrees with dates,,,No
3864,Enterprise Architect,M437,SVG,IT/IS,Aerial,Laborer,Contract,Full-Time,Zone A,MA,Female,Other,45-54,3,Under 1 year,0,0.52,Needs Improvement,3,2022-12-05,2023-06-13,Left,Leave of Absence,Contradicts dates,Resignation,Voluntary,Yes
3865,Network Engineer,M438,MSC,Production,Sales & Marketing,Vp,Part-Time,Temporary,Zone C,MA,Male,Asian,55+,4,1-2 years,1,1.062,Needs Improvement,3,2020-09-29,2021-10-22,Left,Active,Contradicts dates,Involuntary,Involuntary,No
3866,Network Engineer,M439,TNS,Executive Office,Field Operations,Technician,Contract,Full-Time,Zone A,MA,Male,Other,55+,4,Under 1 year,0,0.616,Fully Meets,3,2020-09-04,2021-04-17,Left,Active,Contradicts dates,Retirement,Retirement,Yes
3867,Network Engineer,M440,PYZ,Executive Office,Catv,Clerk,Part-Time,Full-Time,Zone B,MA,Male,Other,35-44,2,3-5 years,3,4.945,Fully Meets,3,2018-08-26,,Employed,Active,Agrees with dates,,,No
3868,Network Engineer,M441,WBL,IT/IS,Finance & Accounting,Administrative,Contract,Part-Time,Zone A,MA,Male,Hispanic,Under 25,0,3-5 years,3,3.97,Fully Meets,3,2019-08-17,,Employed,Active,Agrees with dates,,,No
3869,IT Support,M442,NEL,IT/IS,Field Operations,Drafter,Full-Time,Temporary,Zone A,MA,Male,Hispanic,45-54,3,Under 1 year,0,0.37,Fully Meets,3,2019-09-25,2020-02-07,Left,Active,Contradicts dates,Voluntary,Voluntary,Yes
3870,IT Support,M443,PL,IT/IS,Project Management - Con,Laborer,Contract,Temporary,Zone B,MA,Male,Asian,55+,4,Under 1 year,0,0.0,Fully Meets,3,2023-03-11,2023-03-11,Left,Active,Contradicts dates,Resignation,Voluntary,Yes
3871,IT Support,M444,BPC,IT/IS,General - Con,Lineman,Full-Time,Full-Time,Zone B,MA,Female,White,45-54,3,Under 1 year,0,0.641,Fully Meets,3,2022-12-15,,Employed,Active,Agrees with dates,,,No
3872,IT Support,M445,CCDR,IT/IS,Engineers,Director,Contract,Part-Time,Zone B,MA,Female,Asian,55+,4,2-3 years,2,2.5,Fully Meets,3,2018-08-10,2021-02-08,Left,Active,Contradicts dates,Resignation,Voluntary,No
3873,Sr. Network Engineer,M446,NEL,IT/IS,Executive,General Manager,Full-Time,Part-Time,Zone B,MA,Male,Hispanic,45-54,3,1-2 years,1,1.3,Fully Meets,3,2022-03-04,2023-06-22,Left,Active,Contradicts dates,Resignation,Voluntary,No
3874,Sr. Network Engineer,M447,PL,IT/IS,General - Con,Laborer,Part-Time,Part-Time,Zone C,CT,Male,Hispanic,25-34,1,3-5 years,3,3.176,Fully Meets,3,2020-06-02,,Employed,Active,Agrees with dates,,,No
3875,Sr. Network Engineer,M448,BPC,IT/IS,Underground,Laborer,Contract,Temporary,Zone A,CT,Male,Asian,45-54,3,2-3 years,2,2.103,Fully Meets,3,2021-06-29,,Employed,Active,Agrees with dates,,,No
3876,Principal Data Architect,M449,CCDR,IT/IS,General - Con,Lineman,Contract,Temporary,Zone C,MA,Female,Hispanic,55+,4,1-2 years,1,1.782,PIP,3,2021-10-24,,Employed,Active,Agrees with dates,,,No
3877,Network Engineer,M450,MSC,Executive Office,General - Con,Lineman,Part-Time,Full-Time,Zone A,MA,Male,Asian,45-54,3,1-2 years,1,1.459,PIP,3,2018-10-22,2020-04-07,Left,Active,Contradicts dates,Resignation,Voluntary,No
3878,Network Engineer,M451,TNS,Executive Office,Engineers,Engineer,Contract,Part-Time,Zone B,MA,Male,Other,55+,4,2-3 years,2,2.957,Fully Meets,3,2018-09-08,2021-08-23,Left,Active,Contradicts dates,Voluntary,Voluntary,No
3879,Network Engineer,M452,PYZ,IT/IS,Field Operations,Clerk,Full-Time,Part-Time,Zone C,MA,Male,Hispanic,25-34,1,3-5 years,3,4.044,Fully Meets,3,2019-02-08,2023-02-24,Left,Active,Contradicts dates,Involuntary,Involuntary,No
3880,Network Engineer,M453,WBL,IT/IS,General - Con,Clerical,Part-Time,Temporary,Zone B,MA,Male,Black,45-54,3,Under 1 year,0,0.246,Fully Meets,3,2021-03-29,2021-06-27,Left,Active,Contradicts dates,Voluntary,Voluntary,Yes
3881,IT Support,M454,NEL,IT/IS,Field Operations,Laborer,Part-Time,Part-Time,Zone B,MA,Male,Other,25-34,1,3-5 years,3,4.131,Fully Meets,3,2019-06-19,,Employed,Active,Agrees with dates,,,No
3882,IT Support,M455,PL,IT/IS,Wireless,Operator,Contract,Part-Time,Zone C,MA,Female,Asian,55+,4,3-5 years,3,4.515,Fully Meets,3,2019-01-30,,Employed,Active,Agrees with dates,,,No
3883,IT Support,M456,BPC,IT/IS,Field Operations,Administrator,Contract,Full-Time,Zone B,MA,Female,White,25-34,1,Under 1 year,0,0.392,Fully Meets,3,2022-05-06,2022-09-26,Left,Active,Contradicts dates,Involuntary,Involuntary,Yes
3884,IT Support,M457,CCDR,IT/IS,Engineers,Engineer,Full-Time,Temporary,Zone B,MA,Female,Black,35-44,2,3-5 years,3,4.507,Fully Meets,3,2019-02-02,,Employed,Active,Agrees with dates,,,No
3885,Sr. Network Engineer,M458,EW,IT/IS,Engineers,Engineer,Full-Time,Part-Time,Zone B,CT,Female,Black,55+,4,1-2 years,1,1.659,Fully Meets,3,2021-12-08,,Employed,Active,Agrees with dates,,,No
3886,Sr. Network Engineer,M459,MSC,IT/IS,Wireless,Technician,Part-Time,Temporary,Zone B,CT,Male,Other,45-54,3,3-5 years,3,4.816,Fully Meets,3,2018-10-12,,Employed,Active,Agrees with dates,,,No
3887,Sr. Network Engineer,M460,NEL,IT/IS,General - Con,Flagger,Contract,Temporary,Zone B,CT,Male,White,55+,4,1-2 years,1,1.062,Exceeds,3,2022-04-22,2023-05-15,Left,Leave of Absence,Contradicts dates,Retirement,Retirement,No
3888,Principal Data Architect,M461,PL,IT/IS,Engineers,Engineer,Full-Time,Full-Time,Zone B,MA,Female,Other,35-44,2,Under 1 year,0,0.838,Fully Meets,3,2021-09-05,2022-07-08,Left,Leave of Absence,Contradicts dates,Retirement,Retirement,Yes
3889,Network Engineer,M462,TNS,Executive Office,General - Con,Foreman,Contract,Part-Time,Zone B,MA,Male,Black,35-44,2,Under 1 year,0,0.151,Fully Meets,3,2022-09-05,2022-10-30,Left,Active,Contradicts dates,Resignation,Voluntary,Yes
3890,Network Engineer,M463,WBL,IT/IS,General - Con,Foreman,Full-Time,Temporary,Zone B,MA,Male,Asian,Under 25,0,Under 1 year,0,0.767,Fully Meets,3,2022-07-19,2023-04-25,Left,Active,Contradicts dates,Resignation,Voluntary,Yes
3891,Network Engineer,M464,BPC,IT/IS,Engineers,Engineer,Full-Time,Temporary,Zone C,MA,Male,Other,55+,4,1-2 years,1,1.196,Fully Meets,3,2022-05-26,,Employed,Active,Agrees with dates,,,No
3892,Network Engineer,M465,CCDR,IT/IS,Engineers,Principal,Full-Time,Full-Time,Zone A,MA,Male,Hispanic,45-54,3,Under 1 year,0,0.764,Fully Meets,3,2022-10-31,,Employed,Active,Agrees with dates,,,No
3893,IT Support,M466,EW,IT/IS,General - Con,Laborer,Full-Time,Part-Time,Zone B,MA,Female,Asian,55+,4,Under 1 year,0,0.35,Fully Meets,3,2023-03-22,2023-07-28,Left,Active,Contradicts dates,Involuntary,Involuntary,Yes
3894,IT Support,M467,MSC,IT/IS,Aerial,Lineman,Full-Time,Full-Time,Zone A,MA,Female,Black,55+,4,Under 1 year,0,0.189,Fully Meets,3,2023-05-29,,Employed,Active,Agrees with dates,,,No
3895,IT Support,M468,NEL,IT/IS,Splicing,Tester,Full-Time,Full-Time,Zone C,MA,Female,Other,55+,4,1-2 years,1,1.541,Fully Meets,3,2020-02-23,2021-09-08,Left,Active,Contradicts dates,Retirement,Retirement,No
3896,IT Support,M469,PL,IT/IS,Engineers,Project Manager,Part-Time,Temporary,Zone B,MA,Female,Other,35-44,2,2-3 years,2,2.908,Fully Meets,3,2019-08-13,2022-07-10,Left,Active,Contradicts dates,Involuntary,Involuntary,No
3897,Sr. Network Engineer,M470,NEL,IT/IS,Aerial,Project Manager,Part-Time,Part-Time,Zone A,CT,Female,Black,55+,4,2-3 years,2,2.472,Fully Meets,3,2019-03-25,2021-09-13,Left,Active,Contradicts dates,Retirement,Retirement,No
3898,Sr. Network Engineer,M471,PL,IT/IS,General - Con,Lineman,Part-Time,Temporary,Zone C,CT,Male,Asian,55+,4,3-5 years,3,4.162,Fully Meets,3,2018-12-14,2023-02-11,Left,Leave of Absence,Contradicts dates,Retirement,Retirement,No
3899,Sr. Network Engineer,M472,BPC,IT/IS,Engineers,Engineer,Contract,Part-Time,Zone B,CT,Female,Other,55+,4,Under 1 year,0,0.485,Fully Meets,3,2021-03-07,2021-08-31,Left,Leave of Absence,Contradicts dates,Resignation,Voluntary,Yes
3900,Principal Data Architect,M473,CCDR,IT/IS,Field Operations,Field Technician,Contract,Full-Time,Zone C,MA,Female,Asian,25-34,1,Under 1 year,0,0.14,Fully Meets,3,2023-06-16,,Employed,Active,Agrees with dates,,,No
3901,Network Engineer,M474,EW,Executive Office,Project Management - Eng,Project Manager,Part-Time,Temporary,Zone A,MA,Male,Hispanic,35-44,2,2-3 years,2,2.133,Fully Meets,3,2021-06-18,,Employed,Active,Agrees with dates,,,No
3902,Network Engineer,M475,MSC,Executive Office,Wireline Construction,Groundman,Contract,Temporary,Zone B,MA,Male,Black,55+,4,Under 1 year,0,0.068,Fully Meets,3,2023-05-22,2023-06-16,Left,Active,Contradicts dates,Resignation,Voluntary,Yes
3903,Network Engineer,M476,TNS,IT/IS,Field Operations,Driver,Full-Time,Full-Time,Zone A,MA,Male,Hispanic,25-34,1,3-5 years,3,4.23,Fully Meets,3,2019-05-14,,Employed,Active,Agrees with dates,,,No
3904,Network Engineer,M477,PYZ,IT/IS,Engineers,Engineer,Contract,Part-Time,Zone A,MA,Male,Asian,45-54,3,2-3 years,2,2.606,Fully Meets,3,2020-12-27,,Employed,Active,Agrees with dates,,,No
3905,Network Engineer,M478,WBL,IT/IS,Billable Consultants,Engineer,Full-Time,Full-Time,Zone A,MA,Female,Black,55+,4,1-2 years,1,1.503,Fully Meets,3,2020-08-04,2022-02-04,Left,Active,Contradicts dates,Involuntary,Involuntary,No
3906,IT Support,M479,NEL,IT/IS,Wireline Construction,Splicer,Contract,Temporary,Zone C,MA,Female,Other,45-54,3,2-3 years,2,2.946,Fully Meets,3,2020-08-25,,Employed,Active,Agrees with dates,,,No
3907,IT Support,M480,PL,IT/IS,Engineers,Director,Full-Time,Temporary,Zone A,MA,Female,White,55+,4,1-2 years,1,1.446,Fully Meets,3,2022-02-24,,Employed,Active,Agrees with dates,,,No
3908,IT Support,M481,BPC,IT/IS,Splicing,Splicer,Part-Time,Temporary,Zone C,MA,Female,Black,35-44,2,1-2 years,1,1.624,Needs Improvement,3,2019-08-06,2021-03-21,Left,Active,Contradicts dates,Resignation,Voluntary,No
3909,IT Support,M482,CCDR,IT/IS,General - Eng,Administrative,Part-Time,Part-Time,Zone C,MA,Female,Other,55+,4,Under 1 year,0,0.148,Needs Improvement,3,2021-08-01,2021-09-24,Left,Active,Contradicts dates,Resignation,Voluntary,Yes
3910,Sr. Network Engineer,M483,WBL,IT/IS,Wireless,Technician,Part-Time,Part-Time,Zone A,MA,Female,White,25-34,1,Under 1 year,0,0.528,Needs Improvement,3,2022-07-13,2023-01-22,Left,Active,Contradicts dates,Voluntary,Voluntary,Yes
3911,Sr. Network Engineer,M484,NEL,IT/IS,Splicing,Splicer,Full-Time,Part-Time,Zone A,CT,Male,White,55+,4,2-3 years,2,2.19,Fully Meets,3,2021-05-28,,Employed,Active,Agrees with dates,,,No
3912,Sr. Network Engineer,M485,PL,IT/IS,General - Con,Foreman,Part-Time,Full-Time,Zone C,CT,Male,Hispanic,55+,4,Under 1 year,0,0.537,Needs Improvement,3,2020-07-06,2021-01-18,Left,Leave of Absence,Contradicts dates,Involuntary,Involuntary,Yes
3913,Sr. Network Engineer,M486,BPC,IT/IS,Project Management - Con,Purchasing,Full-Time,Part-Time,Zone A,MA,Female,White,55+,4,2-3 years,2,2.398,Fully Meets,3,2020-01-14,2022-06-08,Left,Leave of Absence,Contradicts dates,Resignation,Voluntary,No
3914,Network Engineer,M487,SVG,Executive Office,Engineers,Project Manager,Contract,Temporary,Zone C,MA,Male,Other,55+,4,Under 1 year,0,0.986,Exceeds,3,2020-02-04,2021-01-29,Left,Active,Contradicts dates,Resignation,Voluntary,Yes
3915,Network Engineer,M488,TNS,IT/IS,Field Operations,Foreman,Contract,Part-Time,Zone B,MA,Male,Other,25-34,1,Under 1 year,0,0.939,Fully Meets,3,2022-08-28,,Employed,Active,Agrees with dates,,,No
3916,Network Engineer,M489,WBL,IT/IS,Project Management - Con,Coordinator,Part-Time,Temporary,Zone C,MA,Male,Other,55+,4,1-2 years,1,1.109,Fully Meets,3,2022-06-27,,Employed,Active,Agrees with dates,,,No
3917,Network Engineer,M490,PYZ,IT/IS,General - Con,Technician,Part-Time,Full-Time,Zone C,MA,Female,Black,25-34,1,3-5 years,3,3.28,Exceeds,3,2019-12-19,2023-03-31,Left,Active,Contradicts dates,Retirement,Retirement,No
3918,Network Engineer,M491,WBL,IT/IS,Field Operations,Laborer,Contract,Full-Time,Zone A,MA,Female,Asian,55+,4,2-3 years,2,2.502,Fully Meets,3,2020-09-24,2023-03-27,Left,Active,Contradicts dates,Voluntary,Voluntary,No
3919,IT Support,M492,NEL,IT/IS,Field Operations,Tower Hand,Contract,Full-Time,Zone C,MA,Female,Asian,55+,4,Under 1 year,0,0.085,Fully Meets,3,2023-07-06,,Employed,Active,Agrees with dates,,,No
3920,IT Support,M493,PL,IT/IS,Field Operations,Laborer,Full-Time,Part-Time,Zone A,MA,Female,Other,55+,4,1-2 years,1,1.689,Fully Meets,3,2021-04-11,2022-12-19,Left,Active,Contradicts dates,Involuntary,Involuntary,No
3921,IT Support,M494,BPC,IT/IS,Splicing,Splicer,Contract,Part-Time,Zone A,MA,Female,Other,55+,4,2-3 years,2,2.42,Fully Meets,3,2020-02-12,2022-07-15,Left,Active,Contradicts dates,Retirement,Retirement,No
3922,IT Support,M495,CCDR,IT/IS,General - Con,Lineman,Part-Time,Full-Time,Zone A,MA,Female,White,25-34,1,3-5 years,3,4.613,Fully Meets,3,2018-12-25,,Employed,Active,Agrees with dates,,,No
3923,Sr. Network Engineer,M496,WBL,IT/IS,Aerial,Foreman,Full-Time,Part-Time,Zone C,MA,Female,Hispanic,55+,4,1-2 years,1,1.481,Exceeds,3,2021-12-25,2023-06-19,Left,Active,Contradicts dates,Involuntary,Involuntary,No
3924,Sr. Network Engineer,M497,NEL,IT/IS,General - Con,Technician,Full-Time,Full-Time,Zone B,CT,Male,Other,25-34,1,2-3 years,2,2.207,Fully Meets,3,2021-05-22,,Employed,Active,Agrees with dates,,,No
3925,Sr. Network Engineer,M498,PL,IT/IS,General - Sga,Vp,Contract,Part-Time,Zone C,MA,Male,Hispanic,55+,4,2-3 years,2,2.533,Fully Meets,3,2020-05-03,2022-11-14,Left,Leave of Absence,Contradicts dates,Resignation,Voluntary,No
3926,Sr. Network Engineer,M499,BPC,IT/IS,Wireless,Supervisor,Full-Time,Full-Time,Zone C,MA,Female,Hispanic,55+,4,3-5 years,3,4.438,Needs Improvement,3,2019-02-27,,Employed,Active,Agrees with dates,,,No
3927,Network Engineer,M500,SVG,Executive Office,Aerial,Lineman,Contract,Temporary,Zone C,MA,Male,Other,35-44,2,2-3 years,2,2.01,Fully Meets,3,2020-03-01,2022-03-05,Left,Active,Contradicts dates,Involuntary,Involuntary,No
3928,Network Engineer,M501,TNS,IT/IS,General - Con,Laborer,Full-Time,Temporary,Zone A,MA,Male,White,55+,4,Under 1 year,0,0.723,Fully Meets,3,2021-01-27,2021-10-18,Left,Active,Contradicts dates,Resignation,Voluntary,Yes
3929,Network Engineer,M502,WBL,IT/IS,Wireline Construction,Clerk,Contract,Part-Time,Zone C,MA,Female,Asian,45-54,3,Under 1 year,0,0.099,Fully Meets,3,2023-06-18,2023-07-24,Left,Active,Contradicts dates,Resignation,Voluntary,Yes
3930,Network Engineer,M503,BPC,IT/IS,General - Con,Helper,Contract,Part-Time,Zone A,MA,Female,Asian,35-44,2,3-5 years,3,3.699,Fully Meets,3,2019-11-24,,Employed,Active,Agrees with dates,,,No
3931,Network Engineer,M504,CCDR,IT/IS,Engineers,Drafter,Part-Time,Temporary,Zone A,MA,Male,Black,55+,4,1-2 years,1,1.864,Fully Meets,3,2021-09-24,,Employed,Active,Agrees with dates,,,No
3932,IT Support,M505,EW,IT/IS,General - Eng,Billing,Contract,Full-Time,Zone B,MA,Female,Black,55+,4,Under 1 year,0,0.969,Fully Meets,3,2022-08-17,,Employed,Active,Agrees with dates,,,No
3933,IT Support,M506,MSC,IT/IS,Engineers,Engineer,Contract,Part-Time,Zone A,MA,Female,White,55+,4,Under 1 year,0,0.301,Fully Meets,3,2023-04-18,,Employed,Active,Agrees with dates,,,No
3934,IT Support,M507,NEL,IT/IS,Executive,Vp,Full-Time,Temporary,Zone C,MA,Female,Asian,35-44,2,2-3 years,2,2.075,Fully Meets,3,2020-04-15,2022-05-13,Left,Active,Contradicts dates,Involuntary,Involuntary,No
3935,IT Support,M508,PL,IT/IS,Aerial,Lineman,Full-Time,Full-Time,Zone C,MA,Male,White,25-34,1,2-3 years,2,2.612,Fully Meets,3,2020-12-25,,Employed,Active,Agrees with dates,,,No
3936,Enterprise Architect,M509,MSC,IT/IS,General - Sga,Director,Full-Time,Temporary,Zone B,CT,Male,Other,25-34,1,Under 1 year,0,0.778,Fully Meets,3,2022-07-21,2023-05-01,Left,Terminated for Cause,Agrees with dates,Involuntary,Involuntary,Yes
3937,Database Administrator,M510,EW,IT/IS,Field Operations,Laborer,Contract,Part-Time,Zone C,MA,Male,White,55+,4,Under 1 year,0,0.753,Fully Meets,3,2022-11-04,,Employed,Active,Agrees with dates,,,No
3938,Data Analyst,M511,BPC,IT/IS,Field Operations,Tower Hand,Part-Time,Temporary,Zone B,MA,Female,Hispanic,55+,4,3-5 years,3,3.294,Fully Meets,3,2020-04-20,,Employed,Active,Agrees with dates,,,No
3939,Data Analyst,M512,CCDR,IT/IS,General - Con,Foreman,Part-Time,Part-Time,Zone A,TX,Male,Black,25-34,1,3-5 years,3,3.918,Fully Meets,3,2019-09-05,,Employed,Active,Agrees with dates,,,No
3940,Sr. DBA,M513,EW,IT/IS,General - Con,Technician,Contract,Full-Time,Zone B,MA,Male,Other,55+,4,3-5 years,3,3.986,Fully Meets,3,2019-08-11,,Employed,Active,Agrees with dates,,,No
3941,Data Analyst,M514,BPC,IT/IS,Field Operations,Laborer,Full-Time,Temporary,Zone B,MA,Male,White,35-44,2,3-5 years,3,4.753,Fully Meets,3,2018-11-04,,Employed,Active,Agrees with dates,,,No
3942,Principal Data Architect,M515,PYZ,IT/IS,Catv,Laborer,Contract,Temporary,Zone B,MA,Female,Asian,55+,4,3-5 years,3,3.132,PIP,3,2018-11-04,2021-12-22,Left,Voluntarily Terminated,Agrees with dates,Resignation,Voluntary,No
3943,Data Analyst,M516,NEL,IT/IS,General - Eng,Administrative,Part-Time,Part-Time,Zone A,MA,Male,Black,45-54,3,1-2 years,1,1.996,Fully Meets,3,2019-07-27,2021-07-25,Left,Voluntarily Terminated,Agrees with dates,Resignation,Voluntary,No
3944,Data Analyst,M517,SVG,IT/IS,General - Sga,Administrator,Full-Time,Full-Time,Zone A,MA,Female,White,25-34,1,2-3 years,2,2.623,Fully Meets,3,2020-12-21,,Employed,Active,Agrees with dates,,,No
3945,Data Analyst,M518,MSC,IT/IS,Engineers,Engineer,Full-Time,Temporary,Zone C,MA,Female,Black,25-34,1,1-2 years,1,1.032,PIP,3,2022-07-25,,Employed,Active,Agrees with dates,,,No
3946,Database Administrator,M519,NEL,IT/IS,Shop (Fleet),Technician,Contract,Temporary,Zone A,MA,Female,White,55+,4,3-5 years,3,4.142,Fully Meets,3,2019-06-15,,Employed,Active,Agrees with dates,,,No
3947,Database Administrator,M520,EW,IT/IS,Field Operations,Field Technician,Full-Time,Full-Time,Zone B,MA,Female,Hispanic,25-34,1,2-3 years,2,2.215,Fully Meets,3,2020-04-04,2022-06-22,Left,Terminated for Cause,Agrees with dates,Resignation,Voluntary,No
3948,Data Analyst,M521,MSC,IT/IS,Aerial,Foreman,Contract,Full-Time,Zone C,MA,Male,Hispanic,55+,4,Under 1 year,0,0.315,Fully Meets,3,2023-02-03,2023-05-29,Left,Voluntarily Terminated,Agrees with dates,Involuntary,Involuntary,Yes
3949,Sr. DBA,M522,SVG,IT/IS,General - Con,Laborer,Full-Time,Temporary,Zone A,MA,Female,White,25-34,1,Under 1 year,0,0.786,Fully Meets,3,2022-09-20,2023-07-04,Left,Future Start,Contradicts dates,Voluntary,Voluntary,Yes
3950,Database Administrator,M523,CCDR,IT/IS,Fielders,Engineer,Full-Time,Part-Time,Zone A,MA,Female,Hispanic,25-34,1,Under 1 year,0,0.068,Fully Meets,3,2023-07-12,,Employed,Active,Agrees with dates,,,No
3951,Database Administrator,M524,MSC,IT/IS,Wireline Construction,Groundman,Contract,Temporary,Zone A,MA,Female,Asian,55+,4,1-2 years,1,1.802,Fully Meets,3,2021-04-25,2023-02-12,Left,Terminated for Cause,Agrees with dates,Resignation,Voluntary,No
3952,Data Analyst,M525,EW,IT/IS,Finance & Accounting,Assistant,Full-Time,Full-Time,Zone A,MA,Male,Black,55+,4,2-3 years,2,2.398,Fully Meets,3,2021-03-13,,Employed,Active,Agrees with dates,,,No
3953,Data Analyst,M526,BPC,IT/IS,General - Eng,Engineer,Full-Time,Full-Time,Zone B,MA,Female,White,55+,4,1-2 years,1,1.971,Fully Meets,3,2021-08-16,,Employed,Active,Agrees with dates,,,No
3954,Database Administrator,M527,CCDR,IT/IS,General - Con,Flagger,Full-Time,Temporary,Zone B,MA,Female,Hispanic,55+,4,1-2 years,1,1.799,Fully Meets,3,2021-10-18,,Employed,Active,Agrees with dates,,,No
3955,Database Administrator,M528,SVG,IT/IS,Project Management - Con,Coordinator,Contract,Full-Time,Zone C,MA,Female,Hispanic,Under 25,0,3-5 years,3,3.077,Fully Meets,3,2020-02-16,2023-03-16,Left,Active,Contradicts dates,Resignation,Voluntary,No
3956,Database Administrator,M529,EW,IT/IS,General - Sga,Foreman,Contract,Temporary,Zone A,TX,Female,Black,25-34,1,3-5 years,3,3.584,Fully Meets,3,2019-08-07,2023-03-08,Left,Active,Contradicts dates,Retirement,Retirement,No
3957,Database Administrator,M530,MSC,IT/IS,Field Operations,Administration,Contract,Temporary,Zone C,TX,Female,Other,25-34,1,1-2 years,1,1.588,Fully Meets,3,2022-01-03,,Employed,Active,Agrees with dates,,,No
3958,Database Administrator,M531,TNS,IT/IS,Field Operations,Foreman,Part-Time,Full-Time,Zone C,TX,Female,Hispanic,45-54,3,2-3 years,2,2.869,PIP,3,2020-09-22,,Employed,Active,Agrees with dates,,,No
3959,Data Architect,M532,PYZ,IT/IS,General - Con,Foreman,Part-Time,Full-Time,Zone A,TX,Male,Hispanic,25-34,1,Under 1 year,0,0.671,Fully Meets,3,2022-11-11,2023-07-14,Left,Terminated for Cause,Agrees with dates,Resignation,Voluntary,Yes
3960,CIO,M533,WBL,IT/IS,Field Operations,Laborer,Part-Time,Full-Time,Zone A,TX,Male,White,55+,4,3-5 years,3,4.986,Fully Meets,3,2018-08-11,,Employed,Active,Agrees with dates,,,No
3961,BI Director,M534,NEL,IT/IS,Aerial,Lineman,Full-Time,Full-Time,Zone A,MA,Male,Black,45-54,3,Under 1 year,0,0.35,Fully Meets,3,2023-03-31,,Employed,Active,Agrees with dates,,,No
3962,Sr. DBA,M535,MSC,IT/IS,Aerial,Lineman,Contract,Part-Time,Zone B,MA,Female,Hispanic,25-34,1,2-3 years,2,2.407,Fully Meets,3,2021-03-10,,Employed,Active,Agrees with dates,,,No
3963,Sr. Accountant,M536,TNS,IT/IS,Field Operations,Foreman,Part-Time,Temporary,Zone B,MA,Female,Black,25-34,1,3-5 years,3,3.934,Fully Meets,3,2019-08-30,,Employed,Active,Agrees with dates,,,No
3964,Sr. Accountant,M537,PYZ,IT/IS,Aerial,Lineman,Part-Time,Temporary,Zone A,MA,Male,Black,Under 25,0,1-2 years,1,1.634,Exceeds,3,2021-06-07,2023-01-25,Left,Future Start,Contradicts dates,Involuntary,Involuntary,No
3965,Software Engineering Manager,M538,WBL,IT/IS,General - Con,Laborer,Contract,Part-Time,Zone B,MA,Female,Other,Under 25,0,3-5 years,3,3.288,Fully Meets,3,2020-04-22,,Employed,Active,Agrees with dates,,,No
3966,Software Engineer,M539,NEL,Software Engineering,Field Operations,Laborer,Contract,Part-Time,Zone A,MA,Female,Black,45-54,3,2-3 years,2,2.877,Fully Meets,3,2018-10-19,2021-09-04,Left,Future Start,Contradicts dates,Voluntary,Voluntary,No
3967,Data Analyst,M540,MSC,IT/IS,Finance & Accounting,Administration,Full-Time,Temporary,Zone A,MA,Female,Black,55+,4,2-3 years,2,2.133,Fully Meets,3,2018-12-03,2021-01-20,Left,Active,Contradicts dates,Involuntary,Involuntary,No
3968,Data Analyst,M541,NEL,IT/IS,Engineers,Engineer,Contract,Temporary,Zone B,MA,Female,Other,55+,4,2-3 years,2,2.456,Fully Meets,3,2021-02-20,,Employed,Active,Agrees with dates,,,No
3969,Database Administrator,M542,PL,IT/IS,Aerial,Lineman,Contract,Full-Time,Zone A,MA,Female,Asian,55+,4,2-3 years,2,2.549,Exceeds,3,2021-01-17,,Employed,Active,Agrees with dates,,,No
3970,Database Administrator,M543,PYZ,IT/IS,Field Operations,Foreman,Part-Time,Full-Time,Zone B,MA,Female,Other,55+,4,2-3 years,2,2.56,Exceeds,3,2020-10-04,2023-04-27,Left,Active,Contradicts dates,Voluntary,Voluntary,No
3971,Database Administrator,M544,SVG,IT/IS,General - Con,Technician,Part-Time,Temporary,Zone A,TX,Female,Other,55+,4,2-3 years,2,2.516,Fully Meets,3,2021-01-29,,Employed,Active,Agrees with dates,,,No
3972,Database Administrator,M545,TNS,IT/IS,General - Con,Foreman,Part-Time,Part-Time,Zone B,TX,Female,Black,55+,4,1-2 years,1,1.029,Fully Meets,3,2022-07-26,,Employed,Active,Agrees with dates,,,No
3973,Database Administrator,M546,WBL,IT/IS,Field Operations,Laborer,Part-Time,Temporary,Zone C,TX,Female,Hispanic,45-54,3,3-5 years,3,4.75,Exceeds,3,2018-09-21,2023-06-22,Left,Terminated for Cause,Agrees with dates,Resignation,Voluntary,No
3974,Data Architect,M547,BPC,IT/IS,General - Eng,Engineer,Part-Time,Full-Time,Zone C,TX,Male,Other,35-44,2,Under 1 year,0,0.539,Exceeds,3,2018-12-25,2019-07-10,Left,Terminated for Cause,Agrees with dates,Involuntary,Involuntary,Yes
3975,CIO,M548,CCDR,IT/IS,Field Operations,Technician,Part-Time,Temporary,Zone B,TX,Male,Asian,Under 25,0,1-2 years,1,1.892,Fully Meets,3,2020-11-03,2022-09-25,Left,Terminated for Cause,Agrees with dates,Voluntary,Voluntary,No
3976,Sr. DBA,M549,MSC,IT/IS,Field Operations,Laborer,Full-Time,Temporary,Zone C,MA,Female,White,25-34,1,1-2 years,1,1.788,Fully Meets,3,2021-10-22,,Employed,Active,Agrees with dates,,,No
3977,Sr. Accountant,M550,TNS,IT/IS,Wireline Construction,Apprentice,Full-Time,Full-Time,Zone A,MA,Female,Black,55+,4,3-5 years,3,4.942,Fully Meets,3,2018-08-27,,Employed,Active,Agrees with dates,,,No
3978,Sr. Accountant,M551,PYZ,IT/IS,General - Con,Laborer,Part-Time,Part-Time,Zone B,MA,Male,Asian,35-44,2,3-5 years,3,3.066,Fully Meets,3,2020-07-12,,Employed,Active,Agrees with dates,,,No
3979,Software Engineering Manager,M552,WBL,IT/IS,Technology / It,Controller,Contract,Temporary,Zone C,MA,Female,Black,55+,4,1-2 years,1,1.374,Fully Meets,3,2021-01-25,2022-06-11,Left,Future Start,Contradicts dates,Resignation,Voluntary,No
3980,Data Analyst,M553,PL,IT/IS,Project Management - Con,Project Manager,Full-Time,Full-Time,Zone C,MA,Female,White,45-54,3,3-5 years,3,3.236,Exceeds,3,2020-05-11,,Employed,Active,Agrees with dates,,,No
3981,Data Analyst,M554,BPC,IT/IS,Field Operations,Laborer,Full-Time,Temporary,Zone A,MA,Female,Black,55+,4,2-3 years,2,2.708,Fully Meets,3,2020-07-24,2023-04-09,Left,Active,Contradicts dates,Resignation,Voluntary,No
3982,Database Administrator,M555,CCDR,IT/IS,Aerial,Laborer,Part-Time,Part-Time,Zone B,MA,Female,Other,55+,4,Under 1 year,0,0.991,Needs Improvement,3,2022-08-09,,Employed,Active,Agrees with dates,,,No
3983,Database Administrator,M556,SVG,IT/IS,Field Operations,Technician,Full-Time,Full-Time,Zone A,MA,Female,Hispanic,55+,4,1-2 years,1,1.15,Exceeds,3,2022-06-12,,Employed,Active,Agrees with dates,,,No
3984,Database Administrator,M557,EW,IT/IS,Wireline Construction,Laborer,Contract,Full-Time,Zone B,TX,Female,Hispanic,55+,4,Under 1 year,0,0.323,Fully Meets,3,2022-02-10,2022-06-08,Left,Active,Contradicts dates,Retirement,Retirement,Yes
3985,Database Administrator,M558,MSC,IT/IS,People Services,Director,Part-Time,Part-Time,Zone A,TX,Male,White,25-34,1,Under 1 year,0,0.345,Fully Meets,3,2023-01-13,2023-05-19,Left,Terminated for Cause,Agrees with dates,Resignation,Voluntary,Yes
3986,Database Administrator,M559,TNS,IT/IS,Catv,Supervisor,Part-Time,Temporary,Zone A,TX,Female,Hispanic,45-54,3,3-5 years,3,3.406,Fully Meets,3,2020-03-10,,Employed,Active,Agrees with dates,,,No
3987,Data Architect,M560,PYZ,IT/IS,Catv,Supervisor,Full-Time,Full-Time,Zone A,TX,Male,Other,35-44,2,Under 1 year,0,0.394,Exceeds,3,2022-02-25,2022-07-19,Left,Terminated for Cause,Agrees with dates,Retirement,Retirement,Yes
3988,Sr. DBA,M561,SVG,IT/IS,Shop (Fleet),Mechanic,Contract,Temporary,Zone A,MA,Female,White,35-44,2,Under 1 year,0,0.337,Fully Meets,3,2022-07-21,2022-11-21,Left,Leave of Absence,Contradicts dates,Voluntary,Voluntary,Yes
3989,Sr. DBA,M562,TNS,IT/IS,General - Con,Foreman,Full-Time,Part-Time,Zone C,MA,Female,Asian,55+,4,1-2 years,1,1.07,Fully Meets,3,2022-07-11,,Employed,Active,Agrees with dates,,,No
3990,Sr. Accountant,M563,WBL,IT/IS,Safety,Safety,Contract,Temporary,Zone C,MA,Male,White,55+,4,Under 1 year,0,0.066,Fully Meets,3,2019-12-02,2019-12-26,Left,Future Start,Contradicts dates,Involuntary,Involuntary,Yes
3991,Sr. Accountant,M564,BPC,IT/IS,Project Management - Con,Coordinator,Contract,Full-Time,Zone B,MA,Male,Black,45-54,3,Under 1 year,0,0.323,Fully Meets,3,2023-04-10,,Employed,Active,Agrees with dates,,,No
3992,Data Analyst,M565,SVG,IT/IS,General - Eng,Technician,Part-Time,Full-Time,Zone A,MA,Male,Black,55+,4,Under 1 year,0,0.411,Fully Meets,3,2022-12-08,2023-05-07,Left,Active,Contradicts dates,Voluntary,Voluntary,Yes
3993,Data Analyst,M566,PYZ,IT/IS,Field Operations,Foreman,Contract,Full-Time,Zone C,MA,Female,Asian,25-34,1,1-2 years,1,1.123,Fully Meets,3,2022-06-22,,Employed,Active,Agrees with dates,,,No
3994,Data Analyst,M567,PL,IT/IS,Field Operations,Top Hand,Full-Time,Full-Time,Zone A,MA,Female,Asian,35-44,2,Under 1 year,0,0.871,Fully Meets,3,2022-09-22,,Employed,Active,Agrees with dates,,,No
3995,Database Administrator,M568,NEL,IT/IS,Wireline Construction,Project Manager,Full-Time,Temporary,Zone A,MA,Female,Black,55+,4,1-2 years,1,1.881,Exceeds,3,2019-07-15,2021-06-01,Left,Active,Contradicts dates,Resignation,Voluntary,No
3996,Database Administrator,M569,MSC,IT/IS,Catv,Laborer,Part-Time,Full-Time,Zone C,MA,Female,White,Under 25,0,1-2 years,1,1.927,Fully Meets,3,2021-09-01,,Employed,Active,Agrees with dates,,,No
3997,Database Administrator,M570,EW,IT/IS,Engineers,Project Manager,Contract,Temporary,Zone A,TX,Male,Black,55+,4,3-5 years,3,4.057,Needs Improvement,3,2019-07-16,,Employed,Active,Agrees with dates,,,No
3998,Database Administrator,M571,CCDR,IT/IS,Yard (Material Handling),Administrative,Full-Time,Full-Time,Zone B,TX,Female,Other,45-54,3,Under 1 year,0,0.589,Fully Meets,3,2021-12-24,2022-07-27,Left,Terminated for Cause,Agrees with dates,Resignation,Voluntary,Yes
3999,Database Administrator,M572,BPC,IT/IS,Engineers,Engineer,Full-Time,Full-Time,Zone B,TX,Male,Asian,55+,4,2-3 years,2,2.335,Exceeds,3,2019-04-17,2021-08-17,Left,Terminated for Cause,Agrees with dates,Involuntary,Involuntary,No
4000,Data Architect,M573,PYZ,IT/IS,Field Operations,Technician,Contract,Full-Time,Zone C,TX,Male,Black,55+,4,1-2 years,1,1.618,Fully Meets,3,2019-10-26,2021-06-08,Left,Terminated for Cause,Agrees with dates,Involuntary,Involuntary,No
