Date,EmpID,ProgramKey,TrainingType,Outcome,Days,Cost,InEmployment
2022-09-21,1001,2,Internal,Failed,4,510.83,Yes
2023-07-19,1002,3,Internal,Failed,2,582.37,No
2023-02-24,1003,5,Internal,Incomplete,4,777.06,No
2023-01-12,1004,2,Internal,Completed,2,824.3,No
2023-05-12,1005,1,External,Passed,4,145.99,Yes
2023-05-08,1006,4,Internal,Failed,2,838.07,No
2023-05-14,1007,3,External,Failed,2,667.32,No
2023-08-02,1008,5,External,Incomplete,2,758.18,No
2022-08-21,1009,2,Internal,Incomplete,2,101.21,Yes
2022-08-19,1010,1,External,Incomplete,5,332.25,No
2022-11-06,1011,1,Internal,Completed,1,803.98,Yes
2023-03-28,1012,5,External,Failed,3,887.08,No
2023-04-08,1013,4,External,Incomplete,2,657.85,Yes
2023-02-21,1014,2,External,Incomplete,2,895.49,Yes
2023-05-13,1015,3,External,Passed,1,539.0,Yes
2023-04-30,1016,1,External,Completed,2,606.68,No
2022-11-14,1017,5,External,Passed,3,265.73,No
2023-03-25,1018,4,Internal,Incomplete,2,673.29,No
2022-10-26,1019,4,External,Passed,5,436.98,Yes
2022-12-30,1020,5,External,Passed,4,578.58,No
2023-03-10,1021,5,Internal,Failed,1,647.16,Yes
2023-01-12,1022,4,Internal,Failed,1,664.23,Yes
2022-10-19,1023,4,Internal,Failed,4,893.07,No
2022-10-11,1024,4,External,Completed,5,868.98,No
2023-01-13,1025,4,Internal,Incomplete,5,761.95,No
2023-04-17,1026,1,External,Incomplete,4,431.57,No
2023-03-16,1027,1,External,Incomplete,4,357.57,No
2023-01-19,1028,5,Internal,Incomplete,3,804.06,No
2023-02-25,1029,4,Internal,Failed,5,729.41,Yes
2023-01-04,1030,1,Internal,Completed,1,169.46,Yes
2022-12-26,1031,1,Internal,Failed,1,833.28,Yes
2022-12-07,1032,5,External,Completed,3,482.23,No
2023-06-20,1033,1,Internal,Incomplete,4,169.85,Yes
2022-11-10,1034,3,Internal,Failed,1,570.62,Yes
2023-03-11,1035,1,Internal,Completed,2,724.14,Yes
2022-12-10,1036,2,External,Failed,3,305.98,No
2022-10-25,1037,3,Internal,Failed,2,646.76,No
2023-07-28,1038,2,External,Failed,2,516.89,Yes
2023-01-24,1039,2,External,Passed,5,520.41,No
2022-12-01,1040,5,Internal,Completed,5,712.84,Yes
2023-03-07,1041,2,Internal,Completed,3,871.12,No
2022-10-05,1042,4,Internal,Passed,1,228.11,Yes
2022-08-10,1043,1,External,Completed,2,289.93,No
2022-09-13,1044,5,External,Incomplete,4,920.78,Yes
2023-06-11,1045,2,External,Completed,2,690.41,No
2023-07-28,1046,3,Internal,Failed,2,211.39,No
2022-11-27,1047,4,Internal,Passed,2,606.63,Yes
2022-12-02,1048,3,Internal,Completed,5,503.99,Yes
2022-11-20,1049,3,Internal,Completed,2,518.54,No
2023-08-03,1050,2,Internal,Completed,1,846.43,Yes
2022-10-13,1051,3,Internal,Passed,3,572.94,Yes
2022-10-25,1052,1,Internal,Incomplete,4,234.76,No
2022-12-19,1053,1,External,Passed,4,704.7,No
2022-11-04,1054,5,External,Failed,3,533.97,No
2022-11-15,1055,2,Internal,Passed,2,125.7,Yes
2023-02-16,1056,3,Internal,Completed,2,442.06,Yes
2022-10-23,1057,4,Internal,Failed,4,649.23,No
2023-04-01,1058,4,External,Incomplete,1,855.67,Yes
2022-09-16,1059,5,Internal,Incomplete,3,256.82,No
2022-09-06,1060,4,Internal,Completed,1,770.84,No
2023-08-01,1061,4,Internal,Incomplete,2,862.33,Yes
2022-11-27,1062,5,Internal,Failed,5,702.84,No
2022-10-15,1063,5,Internal,Completed,1,523.82,Yes
2022-10-06,1064,3,External,Passed,1,819.86,No
2022-12-09,1065,5,External,Passed,4,486.01,Yes
2023-06-14,1066,1,Internal,Completed,5,769.42,No
2023-06-24,1067,4,External,Completed,5,857.65,Yes
2022-11-06,1068,1,External,Completed,1,238.27,Yes
2022-08-22,1069,1,Internal,Failed,5,886.06,Yes
2023-01-14,1070,5,Internal,Failed,1,943.8,No
2023-03-16,1071,1,Internal,Completed,5,234.26,No
2023-05-19,1072,5,Internal,Passed,5,179.91,Yes
2022-10-03,1073,4,Internal,Failed,4,306.3,Yes
2023-07-07,1074,4,Internal,Passed,5,103.42,No
2023-05-16,1075,4,Internal,Passed,4,573.29,No
2022-11-07,1076,5,External,Incomplete,4,619.61,No
2022-12-21,1077,4,Internal,Incomplete,1,947.17,Yes
2023-03-24,1078,4,External,Passed,1,597.64,No
2023-04-15,1079,1,External,Incomplete,5,861.1,No
2023-04-22,1080,2,External,Passed,4,199.14,Yes
2023-06-05,1081,1,External,Failed,3,526.08,No
2023-04-22,1082,2,External,Incomplete,5,662.15,Yes
2022-11-18,1083,4,External,Completed,4,869.89,No
2022-12-17,1084,3,External,Completed,3,295.4,No
2022-11-01,1085,2,External,Passed,5,993.13,Yes
2023-07-15,1086,3,External,Completed,2,641.69,No
2023-05-10,1087,5,Internal,Incomplete,5,197.34,Yes
2023-05-17,1088,3,External,Failed,2,235.15,No
2023-05-27,1089,5,Internal,Passed,2,697.28,Yes
2023-03-21,1090,1,External,Completed,1,910.33,Yes
2022-10-20,1091,2,Internal,Incomplete,2,213.91,No
2022-09-20,1092,1,Internal,Completed,5,971.46,Yes
2023-07-07,1093,2,External,Failed,5,995.52,Yes
2022-08-18,1094,1,Internal,Failed,4,161.4,No
2022-08-17,1095,2,Internal,Passed,4,715.87,No
2022-09-25,1096,5,External,Incomplete,5,778.25,Yes
2022-08-11,1097,2,Internal,Completed,1,609.5,No
2023-05-13,1098,3,External,Failed,5,666.67,Yes
2022-10-30,1099,4,External,Incomplete,5,797.05,No
2023-02-25,1100,1,External,Completed,3,518.56,Yes
2023-03-31,1101,1,Internal,Passed,5,426.82,Yes
2022-12-31,1102,4,External,Failed,2,150.04,Yes
2023-07-05,1103,3,External,Passed,3,308.21,No
2022-08-11,1104,1,Internal,Completed,4,766.77,Yes
2023-01-17,1105,5,Internal,Incomplete,4,172.19,No
2022-10-31,1106,4,Internal,Completed,1,742.55,Yes
2023-01-26,1107,5,Internal,Failed,2,231.28,Yes
2023-05-23,1108,2,Internal,Completed,5,124.54,Yes
2023-01-21,1109,3,External,Completed,5,898.37,No
2022-10-13,1110,2,Internal,Passed,2,764.36,Yes
2022-12-05,1111,4,Internal,Failed,5,786.57,No
2022-09-30,1112,1,Internal,Failed,3,668.05,Yes
2023-01-20,1113,5,External,Incomplete,2,956.92,Yes
2023-02-25,1114,1,Internal,Incomplete,1,912.27,Yes
2023-05-19,1115,2,Internal,Incomplete,4,881.71,Yes
2023-05-16,1116,1,Internal,Incomplete,4,557.68,Yes
2023-01-12,1117,1,Internal,Completed,4,271.68,No
2022-12-16,1118,1,External,Completed,2,299.68,No
2023-07-08,1119,1,Internal,Incomplete,5,440.28,No
2023-03-10,1120,3,Internal,Incomplete,4,553.83,Yes
2022-09-19,1121,3,Internal,Failed,1,428.9,Yes
2023-01-21,1122,1,Internal,Passed,3,444.4,No
2023-01-31,1123,4,Internal,Completed,4,254.38,Yes
2022-11-03,1124,1,Internal,Failed,1,256.21,Yes
2022-12-14,1125,1,Internal,Incomplete,2,756.19,Yes
2023-07-29,1126,5,Internal,Failed,4,500.45,No
2022-09-04,1127,1,External,Incomplete,2,500.83,Yes
2023-05-17,1128,1,Internal,Incomplete,1,773.8,Yes
2022-09-11,1129,5,Internal,Passed,2,768.06,No
2022-11-09,1130,3,External,Completed,3,777.7,Yes
2023-03-31,1131,2,Internal,Incomplete,2,943.05,Yes
2022-09-27,1132,1,Internal,Passed,4,475.91,Yes
2022-08-19,1133,2,External,Passed,3,107.14,Yes
2022-12-09,1134,1,External,Passed,1,271.49,No
2023-03-22,1135,4,Internal,Passed,2,524.23,Yes
2022-12-25,1136,2,External,Completed,3,535.88,No
2022-09-09,1137,1,Internal,Passed,5,270.92,Yes
2022-09-10,1138,2,Internal,Failed,4,155.14,No
2022-10-01,1139,2,External,Completed,1,930.06,No
2022-09-27,1140,2,Internal,Passed,1,949.81,Yes
2023-05-17,1141,5,Internal,Incomplete,1,635.31,Yes
2023-07-17,1142,3,External,Completed,3,675.04,No
2022-12-20,1143,2,Internal,Failed,3,563.38,No
2023-01-10,1144,1,External,Completed,4,750.25,Yes
2022-11-15,1145,5,Internal,Incomplete,2,401.53,Yes
2023-06-28,1146,5,External,Failed,3,894.88,No
2023-01-25,1147,3,Internal,Failed,2,247.58,No
2022-09-01,1148,1,External,Passed,3,529.0,Yes
2023-07-31,1149,3,External,Failed,5,483.99,Yes
2023-06-03,1150,4,External,Incomplete,5,797.35,Yes
2022-12-19,1151,4,External,Passed,4,707.59,Yes
2023-03-29,1152,2,External,Incomplete,2,564.48,Yes
2022-12-02,1153,1,Internal,Failed,4,555.35,No
2022-08-12,1154,2,Internal,Incomplete,3,338.48,Yes
2022-09-10,1155,5,Internal,Failed,1,339.01,No
2022-09-04,1156,2,Internal,Incomplete,5,939.49,Yes
2022-10-11,1157,5,External,Passed,1,276.47,Yes
2022-09-14,1158,2,External,Completed,3,154.71,No
2022-12-27,1159,3,External,Failed,3,674.24,No
2022-11-07,1160,3,External,Failed,2,137.96,No
2022-11-13,1161,5,Internal,Passed,5,926.85,Yes
2022-09-02,1162,1,External,Incomplete,1,846.55,Yes
2023-02-23,1163,1,External,Passed,3,734.77,Yes
2023-03-01,1164,5,Internal,Incomplete,3,315.09,Yes
2022-09-27,1165,1,Internal,Passed,3,686.05,Yes
2022-08-10,1166,1,External,Passed,4,942.51,Yes
2023-02-23,1167,4,Internal,Failed,4,782.82,Yes
2022-09-02,1168,4,Internal,Failed,1,370.64,No
2023-06-30,1169,5,Internal,Incomplete,1,487.66,Yes
2023-08-04,1170,1,External,Incomplete,1,179.85,Yes
2022-09-07,1171,4,Internal,Completed,1,294.74,Yes
2023-03-30,1172,1,External,Passed,5,202.09,No
2023-02-09,1173,2,Internal,Passed,4,901.42,No
2023-05-12,1174,4,External,Incomplete,3,454.23,No
2023-01-04,1175,4,Internal,Passed,3,460.39,No
2023-02-14,1176,3,Internal,Completed,2,644.72,Yes
2022-09-17,1177,2,External,Passed,3,436.86,Yes
2022-12-21,1178,4,External,Failed,1,361.52,No
2023-02-11,1179,5,Internal,Passed,2,229.05,Yes
2022-11-17,1180,5,Internal,Completed,3,787.85,Yes
2022-12-31,1181,1,External,Incomplete,1,483.82,Yes
2022-10-19,1182,1,External,Passed,5,623.64,Yes
2023-07-16,1183,5,Internal,Incomplete,4,351.35,Yes
2023-01-31,1184,2,Internal,Completed,3,512.51,Yes
2022-09-22,1185,4,Internal,Failed,5,957.9,Yes
2023-06-12,1186,1,External,Failed,5,886.45,Yes
2022-10-25,1187,1,Internal,Incomplete,4,443.55,Yes
2023-01-07,1188,5,Internal,Passed,4,899.13,No
2022-09-20,1189,1,External,Completed,1,202.74,No
2023-05-21,1190,4,External,Failed,4,727.81,No
2022-09-23,1191,2,Internal,Completed,2,820.39,Yes
2022-10-11,1192,3,External,Passed,4,111.94,Yes
2023-05-05,1193,5,External,Failed,1,231.96,No
2023-05-07,1194,1,Internal,Completed,2,430.92,No
2023-07-06,1195,5,Internal,Failed,3,638.7,No
2023-02-28,1196,1,Internal,Completed,5,355.3,Yes
2023-02-25,1197,5,Internal,Passed,5,575.1,Yes
2023-06-19,1198,4,Internal,Failed,1,140.82,Yes
2022-11-28,1199,3,External,Passed,2,663.19,Yes
2023-07-29,1200,4,Internal,Incomplete,2,996.77,Yes
2022-10-10,1201,1,External,Passed,2,145.39,No
2022-12-08,1202,5,Internal,Incomplete,1,344.74,No
2022-10-12,1203,4,External,Incomplete,5,308.09,Yes
2023-07-16,1204,4,External,Incomplete,1,610.96,Yes
2023-08-01,1205,1,External,Failed,3,201.83,Yes
2023-07-20,1206,5,Internal,Passed,5,391.85,No
2022-12-07,1207,1,Internal,Completed,5,682.36,Yes
2022-09-20,1208,3,Internal,Passed,3,492.39,No
2023-06-18,1209,1,External,Failed,2,197.78,Yes
2023-01-09,1210,3,External,Incomplete,4,485.44,Yes
2023-07-30,1211,3,External,Passed,3,557.34,No
2023-05-03,1212,4,Internal,Failed,5,817.92,No
2023-02-15,1213,4,External,Failed,4,485.39,Yes
2023-04-02,1214,2,Internal,Completed,3,145.13,Yes
2022-09-13,1215,1,External,Passed,4,751.88,Yes
2023-07-16,1216,3,External,Incomplete,1,136.48,No
2023-04-17,1217,2,External,Completed,1,857.42,No
2023-01-30,1218,3,Internal,Failed,3,733.16,Yes
2022-09-15,1219,1,External,Failed,5,761.31,No
2023-06-29,1220,3,External,Passed,1,920.41,No
2022-08-25,1221,2,Internal,Passed,4,167.69,No
2023-03-10,1222,3,External,Passed,2,931.45,No
2022-08-30,1223,4,External,Completed,1,474.36,Yes
2023-03-18,1224,4,Internal,Incomplete,5,598.72,No
2022-08-14,1225,2,Internal,Completed,5,557.02,No
2023-05-20,1226,2,Internal,Completed,3,939.92,No
2023-05-15,1227,1,External,Failed,3,669.19,No
2022-10-05,1228,5,Internal,Failed,5,525.69,Yes
2023-01-11,1229,2,External,Failed,1,173.66,Yes
2023-04-30,1230,1,External,Completed,1,635.71,Yes
2022-08-06,1231,4,External,Passed,1,896.8,Yes
2022-11-30,1232,3,Internal,Incomplete,4,857.61,Yes
2022-11-29,1233,2,Internal,Failed,3,460.59,Yes
2023-02-19,1234,3,Internal,Passed,1,504.82,No
2023-04-10,1235,4,Internal,Failed,3,737.91,Yes
2023-04-17,1236,2,External,Passed,2,244.25,No
2022-11-11,1237,3,External,Passed,2,762.82,No
2022-11-14,1238,3,Internal,Incomplete,2,640.14,No
2023-04-28,1239,4,Internal,Incomplete,3,726.03,Yes
2023-01-04,1240,1,External,Passed,5,758.75,Yes
2023-02-01,1241,4,External,Failed,5,878.94,No
2023-03-14,1242,4,External,Passed,3,227.9,No
2023-02-05,1243,1,Internal,Incomplete,3,855.27,Yes
2023-02-18,1244,5,External,Incomplete,5,170.62,Yes
2023-06-29,1245,1,Internal,Incomplete,4,392.14,Yes
2022-12-25,1246,1,Internal,Completed,1,206.93,No
2022-12-09,1247,2,External,Completed,5,307.13,Yes
2022-08-24,1248,1,Internal,Passed,4,165.05,No
2022-08-15,1249,1,Internal,Completed,4,371.27,No
2023-04-28,1250,1,External,Incomplete,3,366.78,Yes
2023-02-04,1251,1,External,Failed,5,205.92,Yes
2022-11-20,1252,3,Internal,Completed,1,314.51,No
2023-06-03,1253,2,Internal,Completed,2,793.86,No
2023-04-20,1254,4,Internal,Passed,3,252.53,Yes
2022-10-23,1255,2,External,Passed,2,693.25,No
2023-05-26,1256,4,Internal,Completed,4,926.76,Yes
2023-05-23,1257,5,Internal,Failed,1,694.61,Yes
2023-06-30,1258,4,Internal,Incomplete,1,732.02,Yes
2023-01-04,1259,3,Internal,Completed,1,897.62,Yes
2022-11-21,1260,3,Internal,Completed,2,786.57,Yes
2023-07-26,1261,4,External,Incomplete,3,613.93,Yes
2023-01-17,1262,1,Internal,Passed,2,711.8,Yes
2023-03-03,1263,1,Internal,Failed,5,784.1,Yes
2023-05-16,1264,2,Internal,Failed,5,509.67,Yes
2023-06-15,1265,3,Internal,Incomplete,4,494.96,No
2023-03-30,1266,4,Internal,Incomplete,5,465.72,No
2023-02-27,1267,5,Internal,Failed,1,507.43,No
2023-05-25,1268,4,External,Passed,5,401.97,Yes
2022-12-23,1269,2,External,Passed,4,813.9,Yes
2022-08-21,1270,3,External,Completed,2,360.02,No
2023-02-15,1271,2,Internal,Completed,3,692.71,Yes
2023-02-24,1272,5,Internal,Failed,3,233.12,No
2023-05-24,1273,5,External,Incomplete,1,881.48,No
2023-05-22,1274,4,Internal,Passed,2,448.48,Yes
2023-06-13,1275,1,External,Incomplete,3,288.88,Yes
2023-07-15,1276,1,Internal,Failed,1,572.45,Yes
2023-03-27,1277,1,Internal,Passed,3,141.38,Yes
2023-02-04,1278,5,Internal,Incomplete,1,331.46,Yes
2022-11-23,1279,5,Internal,Incomplete,4,704.93,Yes
2023-06-08,1280,3,External,Completed,4,450.65,Yes
2023-01-31,1281,4,External,Completed,3,775.97,No
2023-02-20,1282,3,External,Passed,4,376.0,No
2023-01-17,1283,2,External,Failed,2,106.54,Yes
2022-11-10,1284,1,External,Completed,1,852.87,Yes
2022-11-08,1285,4,External,Completed,4,469.03,Yes
2023-05-28,1286,2,Internal,Incomplete,2,274.85,No
2023-03-31,1287,5,External,Completed,1,342.57,No
2023-05-13,1288,5,External,Incomplete,5,948.31,No
2022-10-08,1289,3,Internal,Incomplete,3,900.52,Yes
2023-05-14,1290,3,External,Completed,4,140.72,Yes
2022-09-12,1291,5,Internal,Passed,3,913.62,No
2023-02-22,1292,2,Internal,Completed,5,950.3,Yes
2023-03-12,1293,4,Internal,Passed,2,668.77,Yes
2022-08-15,1294,5,Internal,Passed,3,906.05,No
2023-01-03,1295,1,Internal,Incomplete,5,689.77,Yes
2023-03-05,1296,1,External,Passed,2,694.27,No
2023-06-14,1297,4,External,Passed,3,352.75,No
2023-05-16,1298,4,Internal,Passed,3,411.17,Yes
2023-01-21,1299,4,External,Completed,3,358.81,Yes
2023-04-29,1300,5,Internal,Passed,4,588.64,Yes
2022-09-22,1301,1,Internal,Incomplete,1,472.18,No
2022-08-20,1302,4,Internal,Passed,2,758.79,Yes
2023-06-02,1303,3,Internal,Failed,3,921.81,Yes
2023-01-16,1304,1,External,Completed,3,405.08,No
2023-07-08,1305,5,Internal,Failed,3,784.22,No
2023-07-13,1306,5,External,Failed,4,443.99,Yes
2022-11-16,1307,5,Internal,Incomplete,3,609.9,No
2022-10-10,1308,3,External,Failed,5,742.16,Yes
2022-09-09,1309,5,External,Failed,3,517.74,Yes
2022-10-16,1310,4,Internal,Incomplete,4,350.59,No
2022-10-17,1311,3,Internal,Incomplete,1,546.94,No
2023-04-29,1312,1,Internal,Completed,4,514.37,Yes
2022-10-25,1313,3,Internal,Incomplete,5,786.98,No
2023-03-18,1314,4,Internal,Passed,4,852.21,Yes
2023-07-29,1315,1,External,Failed,4,761.63,Yes
2023-04-20,1316,5,External,Passed,5,202.62,No
2022-08-20,1317,1,External,Passed,5,414.75,Yes
2022-10-17,1318,1,External,Completed,4,344.55,No
2023-05-19,1319,4,Internal,Failed,1,777.46,No
2022-08-25,1320,3,External,Completed,3,948.71,Yes
2023-01-19,1321,2,Internal,Passed,5,308.77,No
2023-02-24,1322,2,External,Incomplete,1,891.25,Yes
2023-03-30,1323,2,Internal,Passed,2,659.9,Yes
2022-09-30,1324,4,Internal,Failed,2,858.72,Yes
2023-03-28,1325,4,External,Failed,5,380.24,Yes
2023-05-01,1326,3,External,Passed,5,505.4,No
2023-07-02,1327,3,Internal,Passed,3,609.01,Yes
2023-03-24,1328,2,Internal,Failed,3,656.38,No
2023-06-11,1329,4,External,Passed,5,692.63,No
2022-11-20,1330,4,Internal,Incomplete,3,633.72,Yes
2022-09-14,1331,1,Internal,Failed,2,517.62,Yes
2022-08-13,1332,3,External,Incomplete,4,231.76,No
2023-03-01,1333,2,Internal,Passed,2,605.12,Yes
2023-04-01,1334,4,Internal,Failed,1,297.12,No
2023-02-20,1335,3,Internal,Incomplete,2,384.43,Yes
2022-12-19,1336,3,Internal,Passed,4,969.95,Yes
2023-01-17,1337,4,External,Failed,5,719.7,No
2022-10-30,1338,3,External,Incomplete,1,355.83,Yes
2022-11-24,1339,2,Internal,Incomplete,3,754.47,No
2023-02-06,1340,3,External,Incomplete,2,890.39,No
2023-02-14,1341,4,Internal,Passed,3,268.78,Yes
2023-01-28,1342,4,Internal,Failed,4,930.72,No
2022-09-02,1343,2,External,Completed,5,924.85,Yes
2022-11-01,1344,5,Internal,Incomplete,5,284.38,Yes
2022-11-30,1345,1,External,Passed,1,395.1,No
2023-07-02,1346,5,External,Failed,2,501.64,No
2022-10-22,1347,1,Internal,Failed,5,792.72,Yes
2023-08-01,1348,5,Internal,Completed,4,594.15,No
2022-11-26,1349,5,Internal,Incomplete,3,870.01,Yes
2023-01-29,1350,3,Internal,Incomplete,2,610.06,Yes
2022-12-20,1351,4,Internal,Passed,2,278.16,Yes
2022-11-01,1352,1,External,Completed,4,218.93,Yes
2022-12-16,1353,1,Internal,Incomplete,5,179.21,No
2023-08-03,1354,1,External,Failed,2,983.37,No
2023-03-13,1355,4,Internal,Completed,5,534.28,No
2023-04-06,1356,5,Internal,Incomplete,3,301.39,Yes
2023-05-26,1357,4,External,Incomplete,3,231.65,No
2022-08-10,1358,1,Internal,Completed,2,994.81,Yes
2023-02-14,1359,2,External,Incomplete,4,729.91,Yes
2022-09-20,1360,3,Internal,Passed,2,538.02,Yes
2022-10-09,1361,4,Internal,Failed,4,903.88,No
2022-08-29,1362,2,Internal,Passed,4,196.94,No
2022-12-15,1363,4,Internal,Completed,2,285.83,No
2022-12-28,1364,4,External,Incomplete,4,818.6,No
2023-04-10,1365,3,External,Incomplete,1,610.97,Yes
2022-11-18,1366,5,Internal,Completed,1,762.83,Yes
2022-09-20,1367,4,External,Incomplete,5,438.44,Yes
2022-10-19,1368,4,Internal,Incomplete,4,271.9,Yes
2023-01-31,1369,1,External,Incomplete,2,629.2,Yes
2022-09-06,1370,3,Internal,Incomplete,1,850.28,Yes
2022-10-01,1371,3,External,Passed,1,321.25,No
2023-06-03,1372,2,Internal,Passed,1,475.32,Yes
2022-09-08,1373,3,External,Failed,4,847.2,Yes
2022-10-08,1374,2,Internal,Completed,1,983.35,Yes
2023-06-25,1375,5,External,Passed,3,880.9,Yes
2023-08-02,1376,2,External,Completed,3,795.72,No
2023-06-20,1377,1,Internal,Completed,2,909.56,No
2023-01-28,1378,1,External,Failed,5,145.7,Yes
2023-03-06,1379,1,Internal,Passed,1,397.48,Yes
2023-05-26,1380,1,External,Failed,3,326.7,Yes
2022-09-20,1381,3,Internal,Failed,4,718.16,No
2023-02-21,1382,1,Internal,Passed,5,162.46,Yes
2023-01-15,1383,2,Internal,Completed,3,924.64,No
2022-10-04,1384,3,Internal,Passed,4,628.48,No
2023-06-27,1385,1,Internal,Passed,1,678.07,Yes
2023-06-29,1386,5,External,Passed,1,106.91,No
2022-12-20,1387,1,External,Incomplete,1,195.95,Yes
2023-04-18,1388,1,External,Completed,1,918.34,No
2023-01-16,1389,1,External,Incomplete,3,425.34,Yes
2023-03-03,1390,1,External,Completed,3,512.53,Yes
2023-02-05,1391,3,External,Completed,3,146.48,Yes
2023-04-20,1392,3,External,Completed,3,578.62,No
2023-04-02,1393,5,External,Failed,3,255.61,No
2023-02-13,1394,3,Internal,Passed,5,370.26,Yes
2022-12-28,1395,1,Internal,Failed,2,302.97,No
2022-09-13,1396,1,Internal,Completed,3,632.28,No
2023-03-01,1397,2,Internal,Incomplete,2,669.41,No
2023-01-04,1398,1,External,Passed,3,191.99,Yes
2023-05-02,1399,2,Internal,Incomplete,2,695.11,No
2022-08-06,1400,1,Internal,Failed,2,634.92,Yes
2023-07-03,1401,1,Internal,Incomplete,5,873.98,Yes
2022-10-14,1402,1,External,Passed,3,602.33,Yes
2023-06-08,1403,5,Internal,Failed,3,807.02,Yes
2022-10-02,1404,4,Internal,Completed,4,411.94,No
2022-09-15,1405,2,External,Completed,4,537.73,No
2023-05-03,1406,5,Internal,Incomplete,5,930.1,Yes
2022-11-23,1407,1,External,Completed,3,249.66,No
2022-12-24,1408,1,Internal,Passed,5,691.82,Yes
2022-08-23,1409,2,Internal,Passed,4,938.59,No
2022-11-25,1410,4,External,Completed,1,746.8,Yes
2022-12-14,1411,5,External,Incomplete,1,690.75,Yes
2022-08-24,1412,4,External,Incomplete,4,544.19,Yes
2023-02-17,1413,5,Internal,Completed,5,918.34,No
2023-01-21,1414,2,Internal,Failed,3,997.2,Yes
2022-12-28,1415,2,Internal,Incomplete,3,633.96,Yes
2022-10-27,1416,2,External,Passed,2,638.69,Yes
2023-01-05,1417,4,Internal,Passed,1,643.82,Yes
2023-06-24,1418,4,External,Failed,1,840.76,Yes
2023-04-13,1419,3,Internal,Passed,1,108.04,No
2023-02-16,1420,1,Internal,Completed,5,889.57,Yes
2022-12-08,1421,2,Internal,Completed,5,835.97,Yes
2023-04-13,1422,5,Internal,Failed,3,585.66,No
2023-03-15,1423,1,Internal,Passed,3,255.55,Yes
2023-03-05,1424,5,External,Incomplete,4,695.24,No
2023-03-13,1425,5,Internal,Failed,1,850.15,Yes
2022-12-02,1426,4,External,Completed,3,938.04,No
2023-04-25,1427,4,External,Passed,1,684.24,Yes
2022-08-30,1428,5,Internal,Failed,5,956.11,No
2022-11-26,1429,1,External,Failed,4,441.43,No
2022-08-26,1430,3,External,Passed,4,193.99,No
2022-10-15,1431,5,External,Failed,3,790.72,Yes
2022-08-06,1432,1,Internal,Completed,4,894.75,Yes
2022-09-18,1433,2,Internal,Passed,4,863.73,No
2023-04-27,1434,4,External,Incomplete,2,746.99,No
2022-09-21,1435,3,Internal,Passed,4,360.38,Yes
2022-08-26,1436,5,Internal,Incomplete,1,298.3,No
2022-12-28,1437,3,External,Passed,3,537.12,Yes
2023-05-12,1438,2,External,Passed,2,996.18,No
2023-06-20,1439,1,Internal,Completed,4,764.43,No
2022-11-13,1440,1,External,Failed,5,490.33,No
2022-10-23,1441,2,Internal,Incomplete,4,758.41,No
2023-02-21,1442,5,External,Incomplete,3,367.56,Yes
2023-05-03,1443,3,Internal,Failed,5,582.49,Yes
2023-01-30,1444,3,External,Incomplete,2,561.14,Yes
2023-07-20,1445,1,Internal,Passed,5,458.8,No
2023-02-06,1446,1,Internal,Passed,3,207.17,Yes
2023-05-26,1447,5,External,Completed,4,784.89,Yes
2022-08-06,1448,3,Internal,Failed,5,151.43,Yes
2022-10-09,1449,2,Internal,Passed,5,675.71,No
2023-06-23,1450,4,Internal,Incomplete,5,436.63,No
2022-10-25,1451,1,External,Completed,2,387.11,No
2022-09-04,1452,5,Internal,Passed,4,320.38,Yes
2023-04-05,1453,5,Internal,Passed,2,294.55,Yes
2022-12-14,1454,2,External,Completed,1,832.86,No
2023-05-15,1455,3,Internal,Passed,5,223.34,Yes
2022-09-30,1456,2,External,Incomplete,3,456.95,No
2023-05-11,1457,4,External,Passed,5,988.47,Yes
2023-05-22,1458,5,External,Incomplete,1,429.49,Yes
2022-10-18,1459,4,Internal,Failed,3,798.97,Yes
2023-03-06,1460,2,Internal,Incomplete,2,864.22,No
2023-06-01,1461,1,Internal,Passed,1,302.52,No
2023-02-02,1462,3,External,Completed,4,152.66,No
2023-04-14,1463,2,Internal,Completed,2,399.05,Yes
2023-06-25,1464,2,Internal,Completed,2,791.74,Yes
2022-12-06,1465,3,External,Incomplete,4,770.23,No
2022-12-16,1466,4,External,Completed,3,746.05,Yes
2023-01-13,1467,5,External,Completed,2,177.66,No
2023-04-10,1468,3,Internal,Passed,5,429.38,Yes
2022-08-25,1469,3,External,Incomplete,3,867.59,Yes
2023-04-17,1470,1,External,Failed,5,502.65,Yes
2023-03-06,1471,5,Internal,Completed,3,488.68,No
2023-04-11,1472,4,Internal,Passed,3,416.76,Yes
2023-02-11,1473,3,External,Passed,4,336.08,Yes
2023-02-19,1474,4,External,Failed,1,798.37,No
2022-11-04,1475,5,Internal,Passed,3,499.48,No
2023-03-08,1476,5,External,Completed,2,615.32,No
2023-03-12,1477,5,External,Failed,5,410.36,No
2023-08-03,1478,3,External,Failed,5,453.86,No
2023-01-23,1479,4,Internal,Failed,1,975.27,Yes
2023-04-18,1480,3,External,Failed,2,946.81,Yes
2023-05-16,1481,1,Internal,Completed,5,142.57,Yes
2022-10-13,1482,2,Internal,Completed,5,186.57,Yes
2022-08-22,1483,1,External,Incomplete,4,168.71,Yes
2023-07-29,1484,1,External,Incomplete,1,473.77,Yes
2023-07-02,1485,3,External,Completed,5,654.35,No
2023-05-30,1486,2,Internal,Incomplete,2,176.63,Yes
2022-08-08,1487,2,External,Failed,3,385.82,Yes
2023-07-23,1488,5,Internal,Incomplete,5,428.44,No
2022-10-01,1489,3,External,Completed,5,112.64,Yes
2023-07-23,1490,1,External,Incomplete,4,849.95,Yes
2022-08-10,1491,5,External,Failed,5,187.65,Yes
2022-12-25,1492,2,Internal,Failed,1,285.56,Yes
2022-10-09,1493,1,Internal,Incomplete,3,793.43,Yes
2023-02-01,1494,2,External,Passed,5,978.89,No
2023-02-25,1495,2,Internal,Completed,4,993.66,Yes
2022-09-07,1496,2,External,Completed,3,768.55,No
2022-08-23,1497,5,External,Completed,3,140.78,Yes
2023-08-05,1498,4,Internal,Passed,3,598.07,No
2023-01-18,1499,2,External,Incomplete,5,543.52,No
2023-01-12,1500,5,Internal,Passed,2,916.73,Yes
2023-07-29,1501,2,Internal,Completed,2,491.99,No
2023-03-08,1502,5,Internal,Failed,4,245.0,Yes
2022-12-09,1503,1,External,Failed,3,574.9,No
2023-06-20,1504,5,Internal,Failed,4,684.08,No
2023-05-08,1505,3,Internal,Passed,2,204.1,Yes
2022-11-01,1506,3,External,Failed,1,789.33,No
2022-09-21,1507,5,Internal,Completed,3,812.13,Yes
2023-05-12,1508,2,Internal,Passed,2,675.02,No
2023-06-29,1509,4,Internal,Incomplete,4,343.07,Yes
2022-10-13,1510,5,External,Incomplete,5,986.78,Yes
2022-08-25,1511,3,Internal,Failed,5,511.15,No
2023-05-28,1512,4,External,Failed,5,305.09,No
2022-11-10,1513,5,External,Failed,4,746.57,Yes
2022-12-01,1514,3,Internal,Failed,5,434.39,Yes
2023-04-03,1515,1,External,Completed,3,765.84,Yes
2022-11-18,1516,1,Internal,Failed,3,457.4,Yes
2023-01-12,1517,2,External,Passed,3,615.84,No
2022-12-08,1518,2,Internal,Completed,2,803.79,Yes
2022-09-23,1519,3,External,Completed,2,586.89,No
2022-10-11,1520,1,External,Failed,5,104.48,Yes
2023-06-02,1521,4,Internal,Passed,1,877.41,No
2023-05-17,1522,5,External,Incomplete,3,791.99,Yes
2022-12-11,1523,5,External,Incomplete,2,660.4,Yes
2023-05-01,1524,1,Internal,Completed,2,928.81,Yes
2022-12-10,1525,5,Internal,Incomplete,4,347.29,No
2023-05-26,1526,3,Internal,Completed,3,190.51,Yes
2023-06-03,1527,2,External,Incomplete,3,206.53,No
2022-12-10,1528,1,Internal,Incomplete,1,639.93,Yes
2023-04-14,1529,1,External,Incomplete,5,304.06,Yes
2023-06-06,1530,4,External,Passed,4,261.13,Yes
2023-07-18,1531,3,Internal,Passed,4,404.06,No
2022-08-11,1532,5,External,Completed,5,746.17,No
2022-12-24,1533,3,External,Passed,2,278.33,No
2022-10-27,1534,4,External,Failed,1,857.19,Yes
2022-10-09,1535,2,Internal,Failed,3,442.86,Yes
2023-01-27,1536,1,Internal,Passed,4,382.0,Yes
2023-07-29,1537,1,External,Incomplete,2,430.09,Yes
2022-10-21,1538,3,External,Failed,3,854.47,No
2022-12-20,1539,1,Internal,Passed,5,899.57,No
2022-10-27,1540,1,Internal,Incomplete,1,686.34,Yes
2023-02-17,1541,1,Internal,Passed,4,770.12,Yes
2022-10-07,1542,3,External,Incomplete,4,180.73,Yes
2023-05-01,1543,5,Internal,Incomplete,2,734.87,No
2022-10-23,1544,1,Internal,Passed,3,811.24,Yes
2023-02-05,1545,3,Internal,Passed,3,566.0,Yes
2023-02-26,1546,4,External,Incomplete,5,638.92,No
2023-04-04,1547,3,Internal,Incomplete,3,340.07,No
2023-04-12,1548,1,Internal,Passed,4,206.75,Yes
2023-06-04,1549,4,External,Completed,1,759.56,Yes
2022-11-09,1550,2,External,Failed,3,354.19,No
2022-08-22,1551,4,External,Incomplete,4,791.44,Yes
2022-09-28,1552,3,External,Passed,4,616.86,No
2023-03-19,1553,3,External,Completed,3,528.55,Yes
2022-09-17,1554,4,Internal,Completed,2,892.06,No
2023-02-26,1555,5,External,Passed,5,757.78,Yes
2023-06-10,1556,1,External,Completed,1,337.94,Yes
2023-06-06,1557,2,External,Incomplete,5,256.57,No
2022-09-25,1558,3,External,Passed,2,839.12,Yes
2023-04-08,1559,4,External,Passed,1,281.94,No
2023-07-05,1560,5,External,Completed,2,821.41,No
2022-10-19,1561,3,Internal,Incomplete,3,924.06,Yes
2022-12-24,1562,3,Internal,Passed,2,578.66,No
2022-12-09,1563,3,External,Incomplete,3,721.86,Yes
2023-04-20,1564,1,External,Completed,4,430.3,Yes
2022-12-03,1565,2,Internal,Completed,3,337.52,Yes
2023-05-05,1566,1,Internal,Failed,1,692.71,Yes
2023-05-13,1567,4,External,Failed,1,177.99,No
2023-04-07,1568,1,External,Incomplete,5,586.71,Yes
2023-03-20,1569,2,Internal,Completed,2,771.98,Yes
2023-03-28,1570,4,Internal,Passed,4,121.88,Yes
2023-03-15,1571,4,External,Completed,2,379.68,Yes
2022-10-08,1572,2,Internal,Completed,2,738.65,Yes
2022-12-15,1573,5,External,Incomplete,2,159.42,Yes
2023-06-23,1574,1,Internal,Passed,1,689.76,No
2023-04-14,1575,3,Internal,Incomplete,5,981.36,No
2023-07-06,1576,1,Internal,Completed,4,104.34,No
2022-10-26,1577,2,External,Failed,5,413.08,Yes
2022-12-29,1578,5,External,Incomplete,1,856.71,Yes
2022-10-20,1579,1,Internal,Passed,5,322.3,Yes
2023-03-29,1580,4,Internal,Passed,3,527.93,No
2023-01-10,1581,4,External,Failed,2,480.2,Yes
2022-11-01,1582,3,Internal,Completed,5,323.79,No
2023-06-18,1583,3,External,Failed,3,184.66,No
2023-05-10,1584,3,External,Passed,4,265.22,Yes
2023-02-06,1585,5,External,Incomplete,5,843.28,Yes
2022-12-06,1586,1,Internal,Passed,3,643.9,Yes
2023-03-10,1587,2,Internal,Completed,4,876.73,Yes
2022-11-08,1588,3,Internal,Failed,1,293.85,Yes
2022-10-22,1589,4,Internal,Incomplete,4,328.06,No
2023-03-16,1590,3,Internal,Failed,2,187.35,Yes
2023-06-09,1591,3,Internal,Passed,5,340.01,No
2023-06-20,1592,1,Internal,Incomplete,1,590.82,Yes
2023-05-08,1593,3,External,Failed,1,321.08,Yes
2023-04-04,1594,1,External,Failed,1,684.45,Yes
2023-05-07,1595,3,External,Passed,4,571.48,No
2023-02-03,1596,4,Internal,Incomplete,4,683.34,No
2023-07-07,1597,2,Internal,Incomplete,2,865.57,No
2023-06-17,1598,5,Internal,Incomplete,2,130.29,Yes
2023-05-17,1599,3,External,Passed,2,848.72,No
2022-08-15,1600,4,Internal,Passed,5,851.93,Yes
2023-05-20,1601,5,Internal,Incomplete,4,381.09,Yes
2023-04-23,1602,4,External,Incomplete,4,175.5,No
2023-03-11,1603,1,External,Completed,2,784.15,No
2023-02-08,1604,1,External,Passed,3,999.97,Yes
2023-04-08,1605,2,Internal,Passed,5,878.65,No
2022-09-26,1606,4,Internal,Completed,5,937.89,Yes
2022-11-30,1607,2,External,Completed,3,961.1,Yes
2022-11-06,1608,2,Internal,Incomplete,1,820.96,Yes
2023-04-22,1609,4,Internal,Failed,3,455.52,No
2023-03-29,1610,1,External,Completed,4,815.24,No
2022-10-01,1611,3,External,Failed,5,534.82,No
2023-01-25,1612,5,External,Incomplete,4,522.79,Yes
2023-01-28,1613,3,Internal,Completed,1,868.8,No
2023-07-22,1614,1,External,Passed,1,808.85,Yes
2022-08-31,1615,5,Internal,Passed,1,874.1,No
2023-07-18,1616,3,External,Completed,2,206.73,Yes
2023-02-06,1617,3,Internal,Completed,3,586.5,Yes
2023-04-24,1618,3,Internal,Passed,2,779.69,Yes
2022-11-07,1619,5,Internal,Incomplete,4,506.99,No
2023-01-18,1620,4,External,Completed,5,986.14,Yes
2022-10-03,1621,5,Internal,Completed,2,264.74,Yes
2022-12-17,1622,1,Internal,Passed,4,344.06,No
2022-11-26,1623,4,Internal,Passed,3,232.5,No
2023-04-21,1624,2,Internal,Failed,1,953.68,No
2022-11-15,1625,4,External,Passed,5,101.56,Yes
2023-05-05,1626,4,Internal,Failed,3,624.8,No
2022-12-05,1627,4,Internal,Completed,5,943.93,No
2023-05-20,1628,2,Internal,Completed,1,781.52,No
2023-07-18,1629,3,Internal,Failed,2,615.28,No
2023-03-26,1630,2,External,Incomplete,4,779.26,No
2023-01-14,1631,2,External,Incomplete,1,464.49,No
2023-03-26,1632,3,External,Completed,4,196.31,Yes
2022-10-09,1633,4,External,Passed,3,300.12,No
2023-03-26,1634,1,External,Failed,3,895.42,No
2023-05-15,1635,3,External,Completed,3,619.86,No
2022-08-31,1636,5,External,Completed,1,943.84,No
2022-10-04,1637,2,External,Failed,5,556.33,No
2022-12-27,1638,2,External,Completed,4,274.97,No
2023-01-21,1639,1,Internal,Completed,5,359.87,No
2023-02-01,1640,1,Internal,Completed,1,881.51,No
2022-12-22,1641,4,External,Passed,5,879.86,No
2023-07-18,1642,2,External,Passed,3,226.92,No
2023-07-13,1643,5,External,Completed,3,674.14,No
2022-12-13,1644,2,External,Failed,4,383.95,No
2022-08-12,1645,5,External,Completed,1,122.81,Yes
2022-08-07,1646,2,Internal,Completed,5,380.22,No
2022-09-15,1647,1,External,Passed,5,719.1,No
2023-01-11,1648,4,External,Passed,1,699.81,Yes
2022-11-24,1649,3,Internal,Passed,5,452.38,Yes
2022-10-08,1650,3,Internal,Completed,3,727.36,No
2022-12-20,1651,2,Internal,Passed,5,595.83,Yes
2022-12-09,1652,3,Internal,Completed,4,740.51,No
2023-07-24,1653,5,External,Incomplete,1,886.01,No
2023-05-01,1654,5,External,Failed,2,641.09,No
2023-06-15,1655,1,Internal,Completed,5,780.94,No
2023-03-19,1656,3,Internal,Completed,3,132.75,Yes
2022-10-01,1657,5,Internal,Passed,1,838.52,Yes
2023-06-06,1658,4,External,Failed,4,474.23,Yes
2023-05-23,1659,3,Internal,Incomplete,1,579.06,No
2023-07-25,1660,1,Internal,Failed,5,698.82,No
2023-07-20,1661,5,Internal,Failed,5,633.36,Yes
2023-02-18,1662,5,Internal,Failed,3,241.19,Yes
2023-07-13,1663,1,External,Passed,5,271.37,No
2023-07-08,1664,4,Internal,Incomplete,1,137.87,Yes
2022-11-15,1665,4,Internal,Passed,3,999.83,Yes
2023-02-21,1666,5,Internal,Failed,5,597.62,Yes
2022-09-11,1667,3,External,Completed,1,697.89,Yes
2023-06-23,1668,2,External,Failed,5,673.27,No
2023-01-10,1669,4,External,Passed,5,753.01,Yes
2023-02-01,1670,3,Internal,Failed,5,939.02,Yes
2022-11-15,1671,2,External,Passed,2,680.45,No
2022-09-14,1672,5,External,Completed,3,263.8,Yes
2023-01-04,1673,4,External,Incomplete,2,981.06,Yes
2022-11-22,1674,2,Internal,Passed,1,293.55,Yes
2023-03-07,1675,5,Internal,Failed,4,904.68,Yes
2022-12-07,1676,4,Internal,Failed,5,104.66,No
2022-12-02,1677,5,External,Incomplete,2,836.37,Yes
2023-04-14,1678,3,Internal,Completed,1,749.64,No
2023-03-25,1679,3,External,Failed,5,213.06,No
2022-10-04,1680,2,Internal,Completed,3,882.76,No
2022-12-20,1681,2,External,Failed,1,113.42,No
2022-09-19,1682,4,External,Failed,3,284.61,Yes
2023-06-28,1683,4,Internal,Failed,1,599.74,No
2023-06-05,1684,3,Internal,Failed,5,700.99,No
2023-01-01,1685,2,Internal,Passed,1,650.07,No
2022-11-11,1686,1,External,Completed,2,851.38,No
2023-02-24,1687,2,Internal,Failed,4,455.1,Yes
2022-12-21,1688,4,Internal,Completed,3,880.67,Yes
2022-09-15,1689,2,External,Passed,2,712.64,Yes
2023-01-21,1690,1,Internal,Failed,3,504.34,No
2022-09-21,1691,2,External,Failed,3,120.37,Yes
2023-03-08,1692,4,External,Failed,1,705.24,No
2023-03-10,1693,4,External,Passed,5,928.81,Yes
2022-08-30,1694,1,Internal,Completed,5,638.07,No
2023-01-03,1695,3,Internal,Passed,2,913.34,No
2023-05-29,1696,4,Internal,Completed,1,754.78,Yes
2022-10-14,1697,3,External,Passed,4,503.3,No
2022-11-23,1698,5,External,Passed,5,218.31,No
2023-07-24,1699,2,External,Incomplete,3,730.86,No
2022-09-19,1700,2,External,Completed,4,203.34,Yes
2023-06-18,1701,5,Internal,Passed,1,460.53,No
2023-03-19,1702,1,Internal,Completed,5,733.92,Yes
2022-10-06,1703,2,Internal,Completed,2,987.43,Yes
2023-05-13,1704,2,External,Completed,1,691.32,Yes
2022-10-22,1705,1,External,Passed,1,663.08,Yes
2022-09-21,1706,2,External,Incomplete,1,970.01,Yes
2023-05-26,1707,2,Internal,Passed,3,496.31,Yes
2023-06-20,1708,2,Internal,Incomplete,5,640.01,No
2023-06-03,1709,5,External,Failed,4,858.8,No
2022-12-11,1710,1,External,Passed,2,300.52,No
2022-09-30,1711,5,External,Failed,3,102.19,Yes
2023-06-06,1712,1,Internal,Completed,2,581.16,Yes
2023-03-11,1713,3,Internal,Incomplete,3,752.91,Yes
2023-07-24,1714,4,External,Passed,3,374.58,Yes
2023-02-17,1715,3,Internal,Incomplete,3,788.64,No
2023-02-13,1716,1,External,Incomplete,2,234.05,No
2022-11-05,1717,2,External,Incomplete,1,381.33,Yes
2022-12-24,1718,3,Internal,Passed,3,527.62,Yes
2022-09-12,1719,3,External,Passed,3,442.1,Yes
2023-01-19,1720,4,Internal,Passed,2,396.81,No
2023-02-16,1721,4,External,Failed,2,730.31,No
2023-05-14,1722,5,External,Incomplete,2,128.06,Yes
2022-09-25,1723,5,External,Passed,5,942.63,No
2023-04-11,1724,2,Internal,Failed,5,733.63,No
2023-01-16,1725,2,External,Completed,1,743.28,Yes
2022-10-19,1726,5,Internal,Completed,4,435.18,Yes
2023-02-16,1727,5,Internal,Failed,5,252.22,No
2022-12-31,1728,2,External,Completed,2,103.07,Yes
2023-03-22,1729,5,Internal,Incomplete,2,386.87,No
2023-03-20,1730,2,External,Incomplete,3,718.21,No
2023-02-27,1731,2,Internal,Failed,1,578.81,No
2023-07-06,1732,4,Internal,Completed,1,562.06,No
2023-01-08,1733,3,External,Incomplete,5,845.86,No
2023-01-16,1734,4,External,Completed,2,391.39,Yes
2023-07-22,1735,4,Internal,Passed,1,203.04,No
2023-03-09,1736,3,Internal,Incomplete,4,717.29,No
2022-10-17,1737,3,External,Incomplete,5,719.0,Yes
2023-01-09,1738,2,External,Incomplete,5,802.66,No
2023-07-04,1739,1,Internal,Incomplete,1,388.07,No
2023-02-18,1740,4,Internal,Completed,2,350.26,No
2022-11-08,1741,3,External,Completed,5,625.76,Yes
2023-04-19,1742,1,External,Incomplete,1,206.72,Yes
2023-07-13,1743,4,External,Passed,4,954.37,Yes
2022-12-24,1744,1,Internal,Failed,4,728.77,Yes
2022-09-05,1745,3,External,Completed,1,996.01,Yes
2022-11-18,1746,1,Internal,Incomplete,2,787.19,No
2023-03-02,1747,4,External,Passed,3,853.43,No
2023-03-26,1748,3,External,Failed,5,433.03,No
2023-07-21,1749,3,Internal,Incomplete,3,148.69,Yes
2022-08-20,1750,4,Internal,Incomplete,1,523.44,Yes
2022-12-10,1751,4,External,Incomplete,5,719.54,No
2022-10-09,1752,3,External,Incomplete,3,560.55,No
2023-03-18,1753,2,Internal,Completed,1,711.71,No
2023-01-30,1754,4,External,Failed,1,980.65,Yes
2022-11-22,1755,1,External,Incomplete,2,367.76,Yes
2023-04-22,1756,1,Internal,Failed,1,849.36,Yes
2022-12-31,1757,5,Internal,Incomplete,5,305.05,Yes
2023-05-14,1758,2,Internal,Completed,5,296.24,Yes
2022-10-21,1759,4,Internal,Completed,4,220.06,Yes
2023-01-20,1760,5,External,Passed,3,378.51,No
2022-11-07,1761,5,External,Completed,4,905.6,No
2022-09-02,1762,2,External,Incomplete,3,669.57,No
2023-03-02,1763,3,External,Completed,2,723.9,No
2023-05-07,1764,1,Internal,Passed,1,834.44,Yes
2023-08-04,1765,3,External,Incomplete,1,393.88,Yes
2023-07-07,1766,2,External,Incomplete,3,637.61,No
2022-10-25,1767,4,External,Passed,3,902.11,No
2022-09-30,1768,3,External,Passed,1,999.79,No
2023-03-27,1769,3,Internal,Passed,1,976.58,Yes
2022-09-04,1770,2,External,Incomplete,2,257.2,Yes
2023-02-27,1771,5,External,Incomplete,2,991.1,Yes
2022-08-20,1772,5,External,Passed,2,205.64,No
2022-12-30,1773,3,Internal,Passed,2,817.45,Yes
2023-06-08,1774,2,External,Failed,5,643.22,No
2023-05-08,1775,4,Internal,Failed,4,795.28,No
2022-09-07,1776,4,Internal,Failed,2,521.69,Yes
2023-04-24,1777,2,External,Incomplete,3,157.78,No
2022-09-01,1778,4,External,Passed,3,803.94,Yes
2022-11-27,1779,4,Internal,Passed,3,188.56,No
2023-03-25,1780,5,External,Passed,2,663.72,No
2023-07-04,1781,5,External,Failed,4,892.3,Yes
2022-12-21,1782,1,Internal,Passed,3,560.35,Yes
2022-12-24,1783,5,External,Passed,2,595.5,Yes
2022-11-17,1784,1,External,Passed,2,242.18,No
2023-01-07,1785,4,Internal,Failed,5,104.95,No
2023-04-23,1786,1,External,Completed,2,942.28,No
2022-08-31,1787,4,Internal,Passed,2,756.7,No
2022-12-23,1788,3,Internal,Completed,4,290.99,Yes
2023-01-08,1789,3,External,Incomplete,2,700.97,No
2022-08-19,1790,1,Internal,Incomplete,4,631.98,No
2022-11-26,1791,4,Internal,Failed,5,282.85,Yes
2022-11-29,1792,5,Internal,Completed,1,412.58,Yes
2023-02-28,1793,1,External,Passed,1,943.91,No
2022-10-31,1794,3,Internal,Completed,3,208.13,Yes
2023-02-24,1795,3,External,Passed,2,145.47,No
2022-10-27,1796,2,External,Failed,1,727.51,Yes
2022-12-24,1797,4,External,Failed,5,581.43,No
2022-12-11,1798,1,Internal,Incomplete,1,725.94,Yes
2022-10-27,1799,5,Internal,Passed,1,338.36,Yes
2023-04-17,1800,5,External,Failed,1,732.84,No
2023-06-22,1801,5,External,Incomplete,1,753.69,No
2023-07-16,1802,2,Internal,Failed,5,131.92,Yes
2022-09-20,1803,3,External,Passed,4,550.55,Yes
2022-08-22,1804,2,Internal,Failed,1,767.49,No
2023-02-11,1805,1,Internal,Incomplete,5,222.88,No
2023-07-27,1806,1,Internal,Passed,3,176.2,Yes
2023-03-07,1807,5,External,Incomplete,5,794.61,Yes
2022-10-12,1808,2,External,Passed,1,147.08,No
2022-08-15,1809,1,Internal,Incomplete,5,488.94,No
2023-02-22,1810,4,External,Failed,1,603.57,Yes
2023-07-25,1811,2,External,Incomplete,3,819.87,Yes
2023-03-04,1812,3,Internal,Incomplete,2,836.19,Yes
2022-11-05,1813,4,External,Passed,5,879.94,Yes
2023-06-04,1814,2,Internal,Failed,3,532.3,Yes
2022-10-03,1815,3,External,Incomplete,5,758.21,Yes
2023-06-05,1816,1,Internal,Incomplete,2,253.51,Yes
2022-08-20,1817,3,Internal,Completed,3,375.86,No
2023-03-20,1818,3,External,Incomplete,5,909.47,Yes
2022-10-19,1819,2,Internal,Passed,3,649.51,Yes
2023-06-30,1820,2,Internal,Failed,1,742.26,Yes
2022-10-12,1821,1,Internal,Passed,4,713.84,No
2023-07-29,1822,4,External,Incomplete,1,999.06,Yes
2023-07-10,1823,3,Internal,Completed,4,977.99,No
2022-09-16,1824,3,External,Completed,5,136.33,No
2022-08-05,1825,5,External,Completed,4,946.67,Yes
2023-07-24,1826,5,External,Passed,4,485.39,No
2023-04-28,1827,1,External,Incomplete,5,962.02,No
2023-05-29,1828,5,External,Failed,1,620.24,No
2023-04-21,1829,2,External,Completed,4,333.8,Yes
2023-03-29,1830,3,External,Passed,3,764.21,Yes
2022-12-11,1831,4,Internal,Failed,3,756.42,Yes
2023-07-30,1832,2,Internal,Failed,2,716.62,Yes
2023-03-26,1833,5,Internal,Failed,2,712.9,Yes
2023-03-11,1834,5,Internal,Incomplete,1,845.82,No
2023-03-01,1835,1,Internal,Passed,4,727.9,No
2023-07-21,1836,4,Internal,Incomplete,1,760.41,Yes
2023-07-25,1837,4,Internal,Incomplete,5,567.74,Yes
2023-01-14,1838,1,External,Incomplete,5,582.7,Yes
2022-08-16,1839,3,External,Incomplete,2,645.16,Yes
2023-03-07,1840,4,External,Passed,5,310.44,Yes
2022-08-13,1841,1,External,Failed,4,683.42,Yes
2023-07-19,1842,1,Internal,Completed,3,129.49,Yes
2022-11-11,1843,4,External,Incomplete,5,349.46,No
2022-08-19,1844,4,Internal,Failed,5,668.2,Yes
2022-12-31,1845,2,External,Passed,5,409.99,No
2023-04-25,1846,1,Internal,Passed,4,964.4,Yes
2023-02-14,1847,3,External,Completed,1,777.95,No
2023-02-15,1848,1,Internal,Completed,5,816.07,Yes
2023-06-04,1849,3,External,Passed,4,332.12,Yes
2023-05-02,1850,1,Internal,Completed,1,950.45,No
2022-09-04,1851,1,External,Passed,4,997.13,No
2022-10-16,1852,2,Internal,Completed,1,917.56,Yes
2022-08-10,1853,4,External,Failed,4,220.2,Yes
2023-05-18,1854,5,External,Failed,1,837.64,No
2022-08-30,1855,5,External,Incomplete,2,648.72,Yes
2023-07-04,1856,3,External,Failed,4,687.77,Yes
2023-06-14,1857,4,External,Incomplete,5,278.62,No
2022-12-16,1858,5,External,Failed,5,568.57,No
2022-10-07,1859,5,Internal,Completed,4,764.64,No
2022-08-20,1860,4,External,Passed,3,551.45,No
2023-06-18,1861,2,Internal,Completed,2,849.52,Yes
2022-12-21,1862,1,Internal,Incomplete,1,180.61,Yes
2023-06-21,1863,1,Internal,Passed,3,559.52,No
2022-08-06,1864,4,Internal,Completed,4,850.57,No
2022-11-13,1865,4,Internal,Completed,3,802.75,Yes
2023-04-22,1866,2,External,Completed,3,587.63,Yes
2023-05-04,1867,4,External,Passed,3,114.45,No
2023-03-27,1868,3,Internal,Completed,4,599.79,Yes
2022-12-23,1869,2,Internal,Failed,3,280.46,Yes
2022-12-25,1870,1,External,Incomplete,3,969.98,Yes
2023-07-03,1871,2,Internal,Failed,4,643.07,Yes
2023-07-04,1872,3,Internal,Incomplete,4,299.55,No
2023-03-02,1873,5,External,Incomplete,3,373.67,No
2022-12-25,1874,3,Internal,Passed,1,902.01,Yes
2023-03-19,1875,4,Internal,Failed,1,105.61,No
2023-03-14,1876,3,Internal,Completed,5,445.28,No
2023-05-01,1877,5,External,Passed,1,845.17,Yes
2023-05-25,1878,5,External,Passed,5,932.44,Yes
2023-04-29,1879,3,Internal,Passed,2,227.51,No
2022-08-10,1880,2,Internal,Incomplete,5,785.05,Yes
2023-06-30,1881,1,External,Passed,4,584.92,Yes
2023-04-11,1882,3,Internal,Incomplete,5,206.16,No
2023-05-19,1883,2,Internal,Failed,1,483.43,No
2022-09-09,1884,4,External,Incomplete,2,889.87,Yes
2023-02-15,1885,2,Internal,Incomplete,3,503.04,Yes
2023-06-10,1886,2,External,Completed,1,349.8,No
2022-12-23,1887,2,External,Passed,4,547.76,Yes
2022-12-23,1888,5,External,Completed,2,961.68,Yes
2023-02-09,1889,3,Internal,Incomplete,1,993.76,Yes
2022-10-25,1890,1,Internal,Failed,2,998.32,Yes
2023-07-13,1891,3,External,Incomplete,1,961.55,Yes
2023-02-09,1892,5,External,Incomplete,3,192.73,Yes
2022-09-28,1893,3,Internal,Completed,1,604.53,Yes
2023-05-29,1894,5,External,Failed,2,144.39,Yes
2022-09-12,1895,5,External,Completed,5,517.92,No
2023-02-22,1896,2,External,Completed,4,537.71,No
2023-03-16,1897,1,External,Completed,2,491.71,Yes
2023-07-10,1898,4,Internal,Completed,3,673.38,No
2023-01-29,1899,3,Internal,Incomplete,2,724.87,Yes
2023-04-27,1900,1,Internal,Passed,4,140.83,Yes
2022-09-22,1901,4,External,Passed,1,113.47,No
2023-02-24,1902,2,External,Incomplete,1,604.93,No
2023-05-27,1903,4,External,Completed,4,699.97,No
2022-10-20,1904,3,Internal,Failed,1,576.1,No
2022-11-24,1905,3,Internal,Passed,2,958.46,Yes
2023-03-05,1906,4,External,Passed,5,228.41,Yes
2022-11-10,1907,5,Internal,Completed,2,203.44,Yes
2023-07-21,1908,4,External,Incomplete,2,359.08,Yes
2023-03-15,1909,5,Internal,Passed,3,653.23,Yes
2022-10-12,1910,2,Internal,Passed,5,614.4,Yes
2022-11-12,1911,1,External,Passed,5,333.08,No
2023-03-26,1912,3,External,Completed,1,718.38,No
2023-02-02,1913,4,External,Failed,3,195.29,Yes
2023-01-11,1914,3,External,Passed,2,113.43,No
2022-11-11,1915,2,External,Incomplete,4,651.23,No
2022-09-28,1916,5,Internal,Incomplete,1,331.66,Yes
2023-01-24,1917,2,Internal,Incomplete,3,419.83,Yes
2023-08-03,1918,1,Internal,Incomplete,2,226.7,No
2023-06-18,1919,3,External,Failed,1,583.76,No
2023-04-04,1920,2,Internal,Failed,3,646.65,No
2023-05-28,1921,5,External,Incomplete,2,813.17,Yes
2022-11-14,1922,5,External,Passed,3,636.38,Yes
2022-11-17,1923,4,External,Failed,3,868.74,No
2023-07-14,1924,2,External,Failed,4,250.41,No
2023-05-12,1925,1,Internal,Completed,3,882.06,Yes
2023-06-30,1926,3,Internal,Passed,1,350.88,Yes
2023-02-23,1927,3,External,Completed,5,571.81,Yes
2023-02-23,1928,1,Internal,Failed,3,900.89,Yes
2023-08-04,1929,2,Internal,Failed,3,312.56,Yes
2023-06-30,1930,4,External,Incomplete,5,533.56,No
2023-05-14,1931,3,Internal,Failed,5,381.36,Yes
2023-03-19,1932,2,Internal,Failed,2,754.08,No
2022-10-17,1933,2,Internal,Incomplete,5,837.19,Yes
2023-05-08,1934,3,External,Incomplete,2,993.7,No
2022-09-16,1935,2,Internal,Completed,2,505.4,Yes
2022-08-21,1936,3,External,Failed,5,567.55,No
2023-05-08,1937,3,External,Completed,4,774.74,No
2022-08-24,1938,1,External,Passed,5,316.61,Yes
2022-10-27,1939,1,External,Completed,3,531.73,Yes
2023-01-16,1940,1,External,Failed,2,342.26,No
2023-02-04,1941,3,External,Failed,3,158.79,Yes
2023-04-15,1942,2,Internal,Completed,3,250.51,No
2023-05-13,1943,5,Internal,Passed,3,453.4,No
2022-10-26,1944,5,External,Completed,5,742.31,Yes
2023-01-12,1945,2,External,Passed,5,341.94,No
2022-08-30,1946,2,Internal,Completed,1,967.18,Yes
2022-11-14,1947,1,External,Failed,3,147.4,Yes
2023-05-23,1948,4,External,Failed,4,884.26,No
2023-04-28,1949,2,Internal,Incomplete,5,592.96,Yes
2023-02-21,1950,4,External,Passed,2,801.28,No
2023-04-29,1951,3,Internal,Incomplete,2,717.95,No
2023-03-05,1952,3,Internal,Passed,1,846.22,Yes
2022-08-13,1953,3,External,Passed,4,275.62,No
2022-08-14,1954,2,External,Passed,5,837.05,Yes
2023-07-22,1955,3,Internal,Incomplete,3,202.35,Yes
2023-06-05,1956,1,External,Passed,4,590.97,Yes
2023-04-14,1957,2,External,Failed,5,744.55,No
2023-05-23,1958,1,Internal,Incomplete,2,141.91,Yes
2022-09-13,1959,4,External,Completed,2,883.34,No
2023-04-28,1960,3,Internal,Passed,4,176.82,Yes
2023-04-25,1961,2,External,Failed,1,767.22,No
2022-10-02,1962,3,External,Completed,5,555.6,No
2023-06-13,1963,5,Internal,Incomplete,2,316.03,No
2023-05-22,1964,2,Internal,Failed,1,540.96,No
2022-10-16,1965,3,External,Failed,3,444.23,Yes
2023-05-19,1966,1,Internal,Failed,5,497.54,Yes
2023-07-23,1967,2,Internal,Incomplete,4,300.95,Yes
2022-11-25,1968,2,Internal,Incomplete,2,283.06,Yes
2022-08-29,1969,1,Internal,Incomplete,4,967.94,No
2023-03-27,1970,3,External,Failed,1,398.23,No
2022-12-20,1971,3,External,Incomplete,1,331.8,Yes
2023-04-26,1972,3,External,Incomplete,4,349.48,No
2023-04-01,1973,1,External,Failed,1,596.48,Yes
2022-10-08,1974,4,Internal,Incomplete,2,677.45,Yes
2023-03-12,1975,2,Internal,Failed,5,664.61,Yes
2022-11-16,1976,1,External,Completed,5,405.13,Yes
2023-05-26,1977,3,Internal,Incomplete,5,781.27,Yes
2023-01-18,1978,3,Internal,Failed,5,983.61,Yes
2023-05-19,1979,1,Internal,Failed,1,656.46,No
2023-03-25,1980,4,External,Failed,1,446.07,Yes
2022-08-10,1981,3,Internal,Passed,1,676.42,Yes
2023-01-29,1982,3,Internal,Passed,5,861.83,Yes
2022-12-28,1983,2,Internal,Failed,5,769.23,No
2022-08-18,1984,3,Internal,Failed,4,983.02,Yes
2022-09-28,1985,1,Internal,Incomplete,3,474.95,No
2023-02-21,1986,1,Internal,Failed,3,800.81,Yes
2023-06-27,1987,1,Internal,Failed,2,844.93,Yes
2023-05-18,1988,4,External,Completed,4,903.8,No
2022-12-04,1989,3,External,Incomplete,4,329.3,Yes
2022-09-18,1990,3,Internal,Incomplete,1,332.51,No
2023-01-24,1991,5,External,Failed,2,643.63,Yes
2022-09-11,1992,1,Internal,Failed,2,827.05,No
2023-05-02,1993,2,External,Failed,3,995.42,No
2023-04-20,1994,5,External,Passed,4,360.61,No
2022-08-23,1995,1,External,Passed,3,658.54,No
2022-12-16,1996,1,Internal,Failed,5,250.11,No
2023-04-29,1997,4,Internal,Failed,4,819.65,No
2022-12-01,1998,5,Internal,Completed,2,186.77,Yes
2023-05-08,1999,5,External,Passed,4,633.67,No
2023-03-20,2000,5,Internal,Incomplete,3,236.34,No
2023-05-04,2001,3,Internal,Incomplete,4,504.62,No
2022-10-26,2002,4,External,Incomplete,1,217.86,Yes
2022-12-12,2003,5,External,Completed,4,148.97,No
2023-02-27,2004,3,Internal,Completed,1,628.83,Yes
2023-04-22,2005,3,Internal,Completed,2,458.78,No
2022-12-22,2006,1,External,Completed,2,892.65,Yes
2023-02-28,2007,1,External,Passed,1,211.17,Yes
2022-10-24,2008,4,External,Passed,2,478.95,No
2023-01-20,2009,2,Internal,Incomplete,1,319.94,Yes
2022-08-22,2010,1,Internal,Passed,2,601.66,No
2023-04-30,2011,3,Internal,Completed,1,999.96,No
2022-09-18,2012,1,External,Incomplete,2,138.67,No
2023-02-21,2013,3,External,Failed,2,962.76,No
2023-03-02,2014,5,External,Incomplete,4,106.88,Yes
2022-09-30,2015,3,Internal,Passed,1,561.89,No
2022-09-13,2016,5,Internal,Incomplete,5,775.52,Yes
2022-12-03,2017,1,External,Incomplete,4,397.01,Yes
2022-08-21,2018,2,External,Incomplete,5,739.74,Yes
2022-10-06,2019,5,External,Completed,2,789.2,Yes
2022-08-18,2020,3,Internal,Failed,3,428.51,No
2023-04-29,2021,4,External,Incomplete,4,646.72,Yes
2022-10-09,2022,3,External,Incomplete,3,742.84,Yes
2022-11-25,2023,1,External,Incomplete,2,894.92,No
2023-06-11,2024,1,External,Failed,1,222.56,No
2023-01-17,2025,5,Internal,Passed,2,699.76,Yes
2022-08-08,2026,4,External,Incomplete,3,124.93,No
2022-08-08,2027,5,External,Incomplete,5,664.12,Yes
2023-02-18,2028,4,External,Passed,2,862.82,No
2022-11-14,2029,4,External,Passed,1,813.01,Yes
2023-07-28,2030,1,External,Incomplete,4,349.75,No
2023-07-25,2031,5,External,Failed,1,244.5,No
2022-11-21,2032,2,Internal,Completed,3,873.52,Yes
2023-03-11,2033,3,External,Passed,1,358.65,Yes
2023-01-20,2034,5,Internal,Passed,1,632.33,Yes
2023-02-17,2035,2,External,Failed,2,565.81,No
2022-09-24,2036,1,Internal,Completed,3,849.04,Yes
2023-07-16,2037,3,Internal,Failed,1,519.43,No
2022-08-13,2038,5,Internal,Passed,2,694.03,Yes
2023-05-24,2039,2,External,Incomplete,1,738.69,Yes
2023-04-22,2040,1,Internal,Passed,5,753.51,Yes
2022-09-25,2041,5,External,Completed,5,970.6,Yes
2023-02-14,2042,2,External,Passed,1,651.4,Yes
2022-10-08,2043,4,Internal,Passed,5,809.68,Yes
2023-08-05,2044,2,External,Passed,5,570.91,Yes
2023-05-04,2045,2,Internal,Incomplete,1,852.72,Yes
2022-12-25,2046,5,Internal,Incomplete,1,787.98,Yes
2022-08-15,2047,5,Internal,Failed,1,942.72,No
2022-11-02,2048,2,External,Failed,2,626.4,Yes
2023-03-28,2049,4,Internal,Failed,4,765.68,Yes
2022-12-13,2050,1,Internal,Completed,3,904.54,Yes
2023-03-17,2051,4,Internal,Incomplete,2,761.28,Yes
2022-11-06,2052,4,Internal,Completed,4,507.49,Yes
2023-05-13,2053,3,Internal,Incomplete,5,862.9,Yes
2023-06-06,2054,3,Internal,Incomplete,4,528.18,No
2022-11-08,2055,5,External,Passed,2,805.7,Yes
2023-02-02,2056,5,External,Failed,1,190.55,No
2023-01-01,2057,2,Internal,Failed,3,605.36,Yes
2022-12-31,2058,2,Internal,Passed,1,338.16,No
2023-05-06,2059,2,External,Completed,3,969.03,No
2023-07-23,2060,4,External,Failed,3,442.39,Yes
2023-03-15,2061,5,External,Incomplete,1,952.69,Yes
2023-05-20,2062,4,External,Passed,1,842.36,Yes
2023-01-01,2063,5,External,Failed,5,333.78,Yes
2022-09-10,2064,5,Internal,Passed,2,343.22,No
2023-05-15,2065,3,Internal,Failed,1,283.86,Yes
2022-09-03,2066,2,Internal,Passed,5,107.29,No
2023-05-10,2067,3,External,Failed,4,320.87,Yes
2023-02-03,2068,3,Internal,Incomplete,3,670.68,Yes
2023-05-10,2069,1,External,Incomplete,3,685.62,Yes
2023-04-12,2070,5,Internal,Completed,5,842.88,Yes
2023-02-09,2071,5,Internal,Incomplete,5,735.7,Yes
2023-06-17,2072,2,Internal,Passed,5,974.31,No
2023-08-03,2073,4,Internal,Incomplete,3,760.53,Yes
2022-09-20,2074,4,Internal,Passed,5,640.97,Yes
2022-10-27,2075,2,External,Incomplete,5,807.49,Yes
2022-11-08,2076,1,Internal,Completed,3,350.22,Yes
2023-04-07,2077,1,Internal,Completed,4,447.67,No
2022-08-07,2078,1,Internal,Incomplete,5,737.61,No
2023-01-15,2079,3,External,Completed,4,444.96,Yes
2023-06-09,2080,4,External,Failed,1,605.05,No
2023-05-14,2081,2,External,Failed,4,744.4,Yes
2022-08-09,2082,2,External,Incomplete,1,230.77,Yes
2022-12-21,2083,4,External,Incomplete,5,569.44,Yes
2023-02-02,2084,4,External,Passed,1,677.67,Yes
2023-03-29,2085,4,External,Incomplete,1,963.42,No
2023-04-03,2086,1,External,Completed,3,488.66,No
2023-04-02,2087,3,Internal,Completed,3,450.94,No
2023-02-09,2088,1,External,Completed,3,407.99,Yes
2023-01-04,2089,1,Internal,Completed,2,423.31,No
2022-10-23,2090,3,Internal,Incomplete,1,189.64,No
2023-07-20,2091,3,Internal,Incomplete,3,102.77,Yes
2023-03-13,2092,1,External,Completed,5,246.13,Yes
2023-04-23,2093,3,External,Failed,5,628.62,No
2023-03-11,2094,3,Internal,Passed,4,739.32,No
2022-11-14,2095,3,Internal,Passed,3,773.16,No
2023-04-25,2096,1,External,Completed,3,838.65,No
2022-11-26,2097,5,External,Incomplete,3,426.55,No
2022-09-25,2098,4,External,Incomplete,2,254.35,Yes
2023-02-28,2099,2,External,Completed,2,829.08,Yes
2023-04-29,2100,1,External,Incomplete,2,710.31,Yes
2023-06-29,2101,3,External,Completed,1,751.81,No
2023-05-04,2102,1,Internal,Passed,1,598.51,Yes
2022-09-06,2103,5,Internal,Incomplete,3,958.29,Yes
2022-10-14,2104,5,External,Completed,5,200.34,Yes
2022-11-10,2105,5,External,Completed,3,365.03,Yes
2023-07-15,2106,2,Internal,Passed,4,782.43,No
2023-03-05,2107,1,External,Passed,1,668.91,No
2022-09-05,2108,2,Internal,Completed,5,804.37,Yes
2023-04-18,2109,4,External,Failed,3,869.94,Yes
2022-12-30,2110,1,Internal,Passed,4,399.55,Yes
2022-11-17,2111,2,Internal,Passed,4,470.24,No
2022-09-17,2112,2,External,Failed,2,157.04,No
2022-08-18,2113,4,Internal,Passed,2,394.54,Yes
2023-02-26,2114,1,External,Completed,2,326.98,Yes
2022-09-24,2115,3,Internal,Incomplete,5,752.82,Yes
2022-08-26,2116,3,Internal,Completed,2,990.89,Yes
2023-05-27,2117,2,External,Incomplete,4,531.69,Yes
2023-04-21,2118,3,Internal,Completed,3,384.28,Yes
2023-07-15,2119,5,External,Passed,5,803.08,Yes
2023-05-22,2120,4,External,Incomplete,1,131.78,Yes
2022-12-31,2121,4,Internal,Passed,2,459.39,Yes
2023-01-02,2122,5,External,Passed,1,949.46,No
2022-09-23,2123,4,External,Failed,4,169.71,Yes
2023-04-26,2124,3,Internal,Completed,2,238.23,Yes
2022-08-19,2125,1,External,Incomplete,2,486.63,Yes
2023-01-24,2126,1,External,Failed,2,692.5,No
2023-04-03,2127,3,Internal,Passed,5,119.71,Yes
2022-12-22,2128,4,External,Passed,2,168.47,No
2023-03-03,2129,1,External,Incomplete,4,951.82,Yes
2022-11-21,2130,4,Internal,Completed,4,444.22,No
2023-01-21,2131,4,Internal,Passed,5,591.83,No
2022-09-15,2132,1,Internal,Passed,5,936.77,Yes
2023-03-16,2133,5,External,Passed,4,797.13,Yes
2022-10-20,2134,5,Internal,Completed,1,420.72,Yes
2022-11-21,2135,5,Internal,Completed,5,218.13,Yes
2022-11-28,2136,1,Internal,Incomplete,1,659.25,No
2023-04-01,2137,5,External,Completed,1,187.31,No
2022-08-17,2138,4,Internal,Completed,3,282.21,Yes
2023-05-21,2139,5,Internal,Passed,2,935.49,Yes
2023-04-27,2140,4,External,Completed,3,264.84,Yes
2023-06-07,2141,2,Internal,Completed,1,619.72,No
2023-01-11,2142,3,Internal,Failed,3,248.83,No
2022-08-11,2143,1,Internal,Incomplete,2,322.33,Yes
2023-01-26,2144,1,Internal,Completed,4,474.09,Yes
2022-12-05,2145,4,External,Failed,4,251.83,Yes
2023-03-09,2146,3,External,Completed,1,386.89,Yes
2023-01-25,2147,5,External,Passed,3,535.19,No
2023-04-16,2148,1,Internal,Passed,1,409.66,Yes
2023-05-08,2149,5,Internal,Failed,2,747.63,Yes
2023-08-03,2150,4,External,Incomplete,3,794.12,No
2023-03-10,2151,3,External,Failed,3,845.94,Yes
2022-10-15,2152,1,External,Completed,4,606.89,Yes
2023-02-24,2153,2,Internal,Completed,2,190.07,Yes
2023-03-11,2154,4,External,Failed,4,795.38,Yes
2023-03-21,2155,2,Internal,Passed,1,972.82,No
2023-01-19,2156,2,Internal,Failed,2,763.44,No
2022-10-02,2157,3,Internal,Incomplete,1,152.69,No
2023-04-06,2158,1,External,Failed,1,989.3,Yes
2023-01-24,2159,2,External,Completed,3,833.52,No
2023-06-16,2160,2,Internal,Completed,5,329.65,No
2022-09-29,2161,1,Internal,Completed,1,443.04,Yes
2023-06-03,2162,4,External,Incomplete,5,136.81,Yes
2023-01-19,2163,1,Internal,Failed,3,665.2,Yes
2023-06-11,2164,5,Internal,Incomplete,2,978.55,Yes
2023-07-23,2165,4,External,Failed,4,652.57,No
2022-10-02,2166,5,External,Passed,2,953.59,Yes
2023-03-28,2167,3,External,Completed,5,163.17,No
2023-08-01,2168,2,Internal,Incomplete,2,851.51,Yes
2023-03-17,2169,2,External,Failed,1,200.13,No
2023-03-14,2170,3,External,Completed,2,347.4,Yes
2023-06-19,2171,1,External,Passed,3,243.07,No
2023-06-23,2172,4,External,Incomplete,2,198.08,Yes
2023-04-18,2173,5,External,Completed,5,372.55,No
2022-11-13,2174,5,External,Incomplete,2,446.22,Yes
2023-02-22,2175,1,External,Completed,2,512.6,No
2023-04-19,2176,1,External,Completed,5,357.52,Yes
2023-07-07,2177,2,External,Passed,4,616.66,Yes
2023-05-08,2178,1,Internal,Completed,5,368.55,Yes
2022-09-08,2179,3,External,Passed,4,937.57,No
2023-02-05,2180,5,External,Incomplete,4,706.08,Yes
2023-06-28,2181,1,Internal,Incomplete,2,542.94,No
2023-07-22,2182,1,External,Completed,2,105.18,Yes
2023-04-23,2183,1,External,Completed,3,287.3,Yes
2022-09-25,2184,1,External,Failed,3,661.36,Yes
2023-08-01,2185,2,Internal,Incomplete,5,220.95,No
2022-09-21,2186,3,External,Failed,5,747.61,No
2023-06-07,2187,1,Internal,Completed,1,575.77,Yes
2023-06-17,2188,3,Internal,Incomplete,2,754.8,Yes
2022-11-28,2189,2,External,Passed,2,585.65,Yes
2023-04-29,2190,5,Internal,Completed,2,623.98,Yes
2023-05-13,2191,1,Internal,Failed,3,774.02,No
2022-10-02,2192,3,External,Completed,4,866.14,Yes
2023-07-16,2193,5,External,Incomplete,2,704.42,No
2023-03-08,2194,2,External,Incomplete,5,164.41,Yes
2023-05-08,2195,4,External,Failed,3,559.87,No
2022-12-10,2196,5,External,Completed,2,572.11,Yes
2023-03-17,2197,5,External,Passed,2,724.83,No
2022-08-14,2198,3,Internal,Failed,5,198.35,No
2023-06-19,2199,4,External,Passed,3,142.7,Yes
2023-03-29,2200,4,External,Incomplete,2,910.99,Yes
2023-03-15,2201,3,Internal,Completed,4,863.83,Yes
2022-09-08,2202,2,Internal,Completed,4,606.57,Yes
2022-12-14,2203,5,External,Incomplete,2,333.27,No
2022-11-27,2204,2,Internal,Passed,3,284.05,No
2023-06-23,2205,3,Internal,Incomplete,1,271.69,Yes
2022-09-16,2206,5,Internal,Completed,3,274.22,No
2023-06-26,2207,4,External,Incomplete,1,448.93,Yes
2022-09-02,2208,5,Internal,Incomplete,3,907.13,Yes
2022-11-02,2209,5,External,Completed,3,545.69,Yes
2023-07-17,2210,5,Internal,Completed,5,220.14,No
2022-11-21,2211,3,External,Completed,3,906.62,Yes
2023-07-19,2212,5,Internal,Incomplete,1,160.81,No
2023-04-09,2213,5,Internal,Passed,1,196.03,Yes
2023-03-16,2214,3,Internal,Passed,4,973.62,No
2022-09-30,2215,2,External,Failed,3,227.0,Yes
2022-12-25,2216,2,External,Incomplete,4,587.29,Yes
2023-03-23,2217,1,External,Failed,1,315.39,No
2022-12-27,2218,5,Internal,Incomplete,5,222.99,No
2023-01-03,2219,5,External,Failed,5,401.35,Yes
2023-06-02,2220,3,External,Completed,4,938.01,Yes
2022-08-07,2221,5,Internal,Incomplete,1,737.04,Yes
2023-06-04,2222,4,External,Failed,3,303.01,No
2023-04-07,2223,1,External,Completed,2,905.55,Yes
2022-09-23,2224,2,Internal,Failed,2,914.52,Yes
2022-12-09,2225,4,External,Passed,3,789.98,No
2022-09-10,2226,4,Internal,Completed,3,125.06,No
2023-04-28,2227,4,Internal,Passed,2,894.09,Yes
2023-02-21,2228,5,External,Passed,3,713.03,No
2023-01-28,2229,1,Internal,Incomplete,5,897.51,Yes
2023-08-03,2230,4,External,Passed,3,634.34,Yes
2023-04-20,2231,5,Internal,Failed,3,352.54,Yes
2023-03-23,2232,2,External,Completed,4,128.25,Yes
2023-06-13,2233,2,Internal,Passed,1,893.71,Yes
2023-02-04,2234,1,External,Completed,3,693.52,No
2023-03-09,2235,2,Internal,Failed,1,162.62,Yes
2023-07-13,2236,2,External,Passed,2,144.74,No
2023-05-10,2237,3,External,Completed,3,240.77,No
2023-04-14,2238,1,External,Completed,5,905.56,No
2023-04-11,2239,5,Internal,Passed,4,273.84,No
2023-03-17,2240,1,Internal,Incomplete,4,980.41,Yes
2023-01-26,2241,1,External,Failed,5,834.95,Yes
2022-12-17,2242,4,External,Failed,1,627.11,No
2022-12-30,2243,3,External,Passed,4,242.22,No
2022-12-14,2244,3,Internal,Passed,2,804.01,Yes
2023-04-04,2245,4,Internal,Incomplete,1,968.2,No
2023-02-10,2246,4,Internal,Completed,2,364.36,No
2023-04-19,2247,1,External,Incomplete,3,803.16,Yes
2023-03-29,2248,3,External,Incomplete,2,571.12,Yes
2023-07-06,2249,2,External,Failed,2,705.36,No
2023-04-08,2250,1,Internal,Failed,5,565.78,No
2022-11-19,2251,5,External,Incomplete,5,593.14,Yes
2022-12-10,2252,1,Internal,Completed,1,648.23,Yes
2023-01-07,2253,1,External,Incomplete,1,426.97,Yes
2022-11-20,2254,4,Internal,Failed,4,267.76,Yes
2023-02-05,2255,2,Internal,Completed,1,357.69,No
2023-01-13,2256,3,Internal,Completed,1,312.42,Yes
2023-03-25,2257,2,External,Incomplete,2,456.3,No
2023-07-03,2258,5,Internal,Failed,2,675.95,Yes
2023-05-03,2259,1,External,Failed,3,754.61,Yes
2022-08-23,2260,2,Internal,Incomplete,2,377.64,No
2023-06-04,2261,4,External,Failed,3,647.41,Yes
2023-05-29,2262,1,External,Incomplete,3,122.43,Yes
2022-10-05,2263,4,Internal,Incomplete,5,662.94,Yes
2023-05-06,2264,1,External,Failed,3,465.3,No
2022-11-23,2265,2,Internal,Failed,4,680.88,Yes
2022-10-23,2266,3,External,Completed,5,898.01,No
2022-11-11,2267,5,Internal,Passed,1,518.79,No
2022-11-26,2268,1,Internal,Failed,2,677.84,No
2022-12-09,2269,5,Internal,Incomplete,1,109.33,No
2023-05-11,2270,5,Internal,Passed,2,781.35,No
2023-02-02,2271,2,Internal,Failed,4,632.57,Yes
2023-04-15,2272,1,Internal,Passed,5,233.42,No
2023-04-01,2273,3,External,Passed,4,301.15,No
2023-06-03,2274,2,External,Failed,2,255.54,Yes
2023-03-05,2275,5,External,Incomplete,5,138.4,Yes
2023-05-17,2276,2,External,Completed,3,851.87,No
2022-12-22,2277,1,Internal,Completed,3,592.23,Yes
2023-03-05,2278,3,External,Completed,4,544.43,Yes
2023-03-23,2279,5,External,Passed,4,230.57,Yes
2023-04-05,2280,2,External,Passed,3,493.98,Yes
2022-11-29,2281,5,Internal,Failed,4,761.7,Yes
2022-10-20,2282,3,External,Incomplete,5,454.55,Yes
2023-04-23,2283,3,External,Failed,1,183.88,No
2023-07-09,2284,5,External,Passed,3,839.16,Yes
2022-12-02,2285,2,Internal,Completed,4,679.57,Yes
2022-09-27,2286,4,External,Failed,5,107.64,No
2023-03-29,2287,1,Internal,Passed,4,560.64,Yes
2022-09-25,2288,1,Internal,Failed,2,187.85,No
2023-06-14,2289,5,External,Completed,3,353.58,Yes
2023-04-23,2290,1,Internal,Failed,4,575.55,Yes
2023-07-01,2291,4,Internal,Incomplete,5,973.53,Yes
2023-03-11,2292,1,External,Completed,3,894.38,Yes
2023-04-17,2293,4,Internal,Failed,1,510.67,No
2023-04-09,2294,1,External,Failed,1,261.17,Yes
2022-11-12,2295,1,Internal,Passed,5,448.38,Yes
2022-11-09,2296,5,Internal,Passed,4,808.77,Yes
2022-12-28,2297,3,Internal,Completed,5,691.71,No
2023-03-02,2298,1,External,Failed,1,145.08,No
2023-04-13,2299,2,External,Failed,4,922.03,Yes
2022-09-27,2300,2,External,Completed,2,668.1,Yes
2023-02-27,2301,5,Internal,Incomplete,4,475.03,No
2023-03-11,2302,4,Internal,Passed,2,173.45,No
2023-01-13,2303,2,External,Passed,2,813.39,Yes
2022-10-19,2304,2,Internal,Passed,5,759.9,Yes
2023-04-24,2305,1,External,Incomplete,2,933.39,No
2023-02-28,2306,1,External,Failed,2,217.33,Yes
2023-05-21,2307,2,Internal,Passed,2,856.15,Yes
2022-09-08,2308,1,Internal,Completed,4,751.86,Yes
2023-07-20,2309,1,Internal,Incomplete,1,309.24,Yes
2022-12-27,2310,3,Internal,Incomplete,4,581.95,Yes
2023-04-04,2311,3,External,Passed,5,616.43,No
2023-01-06,2312,3,Internal,Completed,3,623.75,Yes
2023-02-04,2313,4,External,Passed,1,802.99,Yes
2022-11-18,2314,1,External,Failed,1,725.98,Yes
2022-12-05,2315,2,External,Incomplete,1,252.59,Yes
2023-05-23,2316,1,Internal,Failed,1,731.84,Yes
2023-02-09,2317,2,External,Failed,1,787.01,Yes
2023-06-22,2318,1,External,Incomplete,2,303.8,Yes
2022-12-21,2319,2,Internal,Passed,3,832.15,No
2023-07-25,2320,1,External,Incomplete,5,509.71,No
2022-09-06,2321,1,Internal,Incomplete,3,781.95,No
2023-03-04,2322,1,Internal,Completed,3,178.4,Yes
2022-12-30,2323,4,External,Incomplete,3,964.4,No
2023-04-29,2324,1,External,Incomplete,1,299.75,No
2023-01-04,2325,4,Internal,Completed,2,745.68,Yes
2023-01-06,2326,2,External,Completed,5,263.21,Yes
2022-10-20,2327,2,External,Incomplete,1,802.98,Yes
2023-03-01,2328,1,Internal,Passed,3,960.9,Yes
2023-01-21,2329,3,External,Incomplete,2,209.86,No
2023-03-21,2330,2,Internal,Passed,2,942.81,Yes
2023-01-16,2331,5,Internal,Failed,3,108.2,No
2022-11-29,2332,1,Internal,Completed,3,144.68,No
2023-04-01,2333,5,Internal,Failed,4,769.76,Yes
2023-03-21,2334,4,Internal,Failed,5,860.16,No
2022-09-01,2335,1,Internal,Completed,4,957.24,Yes
2023-02-06,2336,1,External,Completed,3,301.03,Yes
2023-07-15,2337,4,Internal,Incomplete,2,366.82,Yes
2023-06-18,2338,2,External,Completed,2,819.8,No
2022-12-02,2339,3,Internal,Failed,5,369.94,No
2023-05-05,2340,4,External,Failed,1,811.91,Yes
2023-04-06,2341,1,Internal,Failed,2,121.05,Yes
2023-05-30,2342,1,Internal,Completed,1,704.53,Yes
2023-05-31,2343,2,Internal,Completed,5,959.22,Yes
2023-03-13,2344,5,External,Completed,2,967.05,No
2022-10-09,2345,4,External,Incomplete,3,379.57,Yes
2022-10-02,2346,2,External,Completed,3,811.14,No
2022-12-14,2347,1,Internal,Passed,1,780.53,Yes
2023-04-13,2348,5,Internal,Passed,1,927.52,Yes
2023-04-22,2349,1,Internal,Completed,2,317.31,No
2023-03-09,2350,3,Internal,Failed,3,858.34,Yes
2023-03-11,2351,1,Internal,Incomplete,4,173.96,No
2022-09-11,2352,1,External,Completed,4,889.07,No
2023-07-18,2353,5,Internal,Failed,3,198.56,Yes
2023-06-13,2354,1,External,Completed,5,572.14,No
2023-07-16,2355,2,External,Failed,3,945.93,No
2023-05-25,2356,5,External,Passed,4,668.66,No
2023-05-17,2357,3,Internal,Failed,3,483.49,Yes
2023-04-14,2358,4,External,Incomplete,3,164.22,No
2023-05-30,2359,5,External,Failed,3,850.73,No
2022-10-13,2360,4,Internal,Passed,1,400.62,Yes
2022-09-08,2361,2,External,Failed,4,148.29,No
2023-02-06,2362,4,Internal,Incomplete,3,543.65,No
2023-02-04,2363,1,External,Incomplete,3,282.26,No
2022-12-04,2364,4,External,Completed,3,123.81,Yes
2022-08-11,2365,1,External,Passed,5,355.8,Yes
2022-08-16,2366,4,Internal,Incomplete,3,184.59,No
2023-04-27,2367,4,Internal,Completed,3,249.77,No
2023-03-30,2368,5,External,Completed,4,285.54,No
2023-07-26,2369,3,External,Failed,5,711.15,No
2023-06-07,2370,3,External,Incomplete,3,644.97,No
2023-04-19,2371,2,Internal,Passed,4,133.56,Yes
2023-01-27,2372,3,Internal,Completed,2,784.93,No
2023-02-16,2373,4,External,Completed,4,801.63,No
2023-05-01,2374,2,External,Incomplete,2,650.48,No
2022-11-20,2375,4,External,Failed,5,770.33,Yes
2023-04-26,2376,1,Internal,Completed,5,755.69,Yes
2022-12-25,2377,3,External,Failed,1,921.26,Yes
2023-04-07,2378,3,Internal,Passed,3,751.79,Yes
2022-08-24,2379,1,External,Completed,4,146.18,No
2022-11-03,2380,2,Internal,Completed,5,910.96,No
2023-01-27,2381,5,External,Passed,1,404.78,Yes
2023-08-01,2382,4,Internal,Completed,1,751.78,No
2022-08-09,2383,2,External,Incomplete,1,374.73,Yes
2022-10-03,2384,1,Internal,Failed,3,166.1,Yes
2023-03-31,2385,5,Internal,Incomplete,1,574.91,Yes
2022-09-28,2386,2,External,Failed,3,390.96,Yes
2023-03-05,2387,1,Internal,Failed,2,459.27,No
2023-06-30,2388,4,Internal,Completed,4,949.32,Yes
2023-07-28,2389,5,Internal,Completed,1,718.39,No
2023-07-19,2390,2,External,Completed,5,923.06,No
2022-12-10,2391,5,External,Failed,3,363.35,No
2022-12-17,2392,2,External,Failed,5,652.9,Yes
2023-02-27,2393,4,External,Completed,5,803.82,No
2022-09-22,2394,2,Internal,Completed,1,661.88,Yes
2023-03-29,2395,2,External,Completed,5,337.08,Yes
2022-11-22,2396,4,External,Completed,5,887.46,No
2022-11-10,2397,4,External,Completed,5,514.94,No
2022-12-13,2398,5,External,Incomplete,3,304.35,No
2023-03-15,2399,2,External,Passed,1,329.83,No
2023-07-23,2400,1,External,Completed,4,872.57,Yes
2022-11-01,2401,2,Internal,Failed,4,935.2,No
2023-02-18,2402,1,External,Failed,1,478.73,No
2022-08-25,2403,5,External,Failed,5,766.04,No
2023-04-21,2404,4,External,Failed,3,561.63,No
2023-03-19,2405,5,External,Completed,1,722.5,No
2023-05-19,2406,1,Internal,Failed,1,100.04,Yes
2022-11-15,2407,4,Internal,Completed,2,545.35,Yes
2022-09-04,2408,4,Internal,Failed,1,968.87,Yes
2023-04-07,2409,2,External,Passed,1,949.78,Yes
2022-09-24,2410,5,External,Failed,3,341.65,No
2023-02-27,2411,4,External,Failed,4,798.7,Yes
2023-01-21,2412,4,Internal,Passed,5,859.0,Yes
2022-09-01,2413,1,External,Failed,1,193.51,Yes
2022-09-01,2414,5,External,Failed,5,506.08,Yes
2022-08-18,2415,2,Internal,Failed,4,938.18,Yes
2023-05-06,2416,1,Internal,Failed,2,344.8,Yes
2022-10-31,2417,1,External,Passed,4,587.29,Yes
2023-01-27,2418,5,External,Failed,5,966.19,Yes
2023-07-05,2419,4,External,Completed,4,433.85,Yes
2023-01-29,2420,4,Internal,Passed,3,684.64,Yes
2023-07-08,2421,2,Internal,Completed,3,442.48,Yes
2022-08-29,2422,3,External,Failed,1,400.73,No
2023-06-15,2423,5,Internal,Failed,5,523.75,Yes
2022-10-18,2424,2,Internal,Failed,1,292.85,No
2023-04-23,2425,5,External,Failed,3,136.76,Yes
2022-11-21,2426,3,External,Incomplete,4,107.48,Yes
2023-01-27,2427,1,Internal,Passed,2,528.76,No
2023-07-13,2428,2,External,Passed,4,549.8,No
2022-12-09,2429,1,External,Completed,5,308.1,No
2023-05-26,2430,5,External,Passed,2,622.08,No
2023-03-17,2431,2,External,Incomplete,3,730.23,Yes
2022-08-17,2432,2,External,Failed,1,353.71,No
2023-04-20,2433,5,Internal,Completed,4,580.82,No
2022-09-06,2434,3,External,Failed,4,810.59,No
2023-03-26,2435,1,Internal,Incomplete,5,150.58,No
2023-05-09,2436,4,External,Failed,5,985.02,No
2023-05-02,2437,2,External,Completed,2,669.99,No
2022-11-14,2438,2,External,Failed,1,101.26,Yes
2022-10-29,2439,4,External,Failed,4,816.24,Yes
2022-11-24,2440,1,Internal,Failed,4,809.02,Yes
2022-10-17,2441,4,External,Passed,5,559.08,Yes
2023-01-18,2442,1,Internal,Failed,2,688.8,No
2022-12-30,2443,4,External,Completed,5,300.21,Yes
2022-11-03,2444,4,External,Completed,1,851.57,No
2023-05-11,2445,3,External,Failed,1,833.89,Yes
2023-06-19,2446,1,External,Passed,1,129.32,No
2022-08-21,2447,5,Internal,Completed,1,505.6,No
2022-09-29,2448,2,Internal,Passed,5,633.54,No
2023-01-18,2449,4,External,Passed,4,485.29,No
2023-01-18,2450,4,Internal,Completed,5,302.62,No
2023-07-31,2451,1,External,Incomplete,1,510.72,Yes
2023-06-29,2452,1,Internal,Incomplete,3,241.25,Yes
2022-11-28,2453,5,External,Incomplete,3,285.55,No
2022-10-06,2454,3,Internal,Completed,1,524.51,Yes
2023-06-08,2455,2,External,Completed,4,218.61,Yes
2022-08-22,2456,2,External,Failed,2,263.3,Yes
2023-05-19,2457,5,Internal,Incomplete,5,423.81,Yes
2023-05-20,2458,2,Internal,Failed,5,912.62,No
2022-11-27,2459,4,External,Failed,4,973.11,No
2022-11-25,2460,1,External,Passed,5,637.58,Yes
2023-07-13,2461,1,External,Completed,2,103.04,Yes
2023-02-05,2462,2,External,Completed,3,758.62,No
2023-06-02,2463,3,Internal,Passed,3,792.67,Yes
2023-07-14,2464,3,External,Passed,1,795.5,Yes
2023-07-22,2465,4,Internal,Incomplete,3,475.26,No
2022-11-04,2466,2,External,Failed,3,652.89,Yes
2023-03-08,2467,2,External,Passed,1,832.16,Yes
2023-02-24,2468,1,Internal,Passed,3,629.25,Yes
2022-09-15,2469,4,External,Completed,5,780.71,Yes
2023-04-05,2470,1,Internal,Completed,2,999.0,Yes
2022-08-06,2471,3,External,Passed,3,489.29,Yes
2023-04-28,2472,4,External,Failed,1,942.75,No
2022-11-02,2473,3,Internal,Completed,5,938.63,No
2022-11-18,2474,4,Internal,Completed,5,543.64,No
2022-11-30,2475,3,Internal,Failed,2,117.83,Yes
2023-06-29,2476,5,External,Completed,3,350.21,No
2022-10-26,2477,3,Internal,Passed,4,961.47,Yes
2022-09-26,2478,2,Internal,Passed,4,548.18,Yes
2023-06-18,2479,5,Internal,Passed,2,439.17,No
2023-01-11,2480,2,External,Passed,1,610.88,Yes
2022-11-11,2481,5,External,Incomplete,4,994.03,Yes
2023-05-23,2482,2,External,Incomplete,4,688.55,No
2022-10-22,2483,1,Internal,Failed,4,889.91,Yes
2023-04-03,2484,1,External,Failed,3,163.61,Yes
2022-08-30,2485,1,Internal,Completed,2,642.68,No
2023-05-11,2486,5,Internal,Passed,4,703.29,Yes
2022-11-26,2487,5,Internal,Failed,4,102.96,Yes
2022-12-03,2488,2,External,Completed,5,278.96,No
2023-03-30,2489,1,Internal,Incomplete,4,168.1,Yes
2023-06-04,2490,3,Internal,Incomplete,1,886.63,Yes
2023-06-27,2491,2,External,Incomplete,5,721.79,Yes
2022-11-14,2492,3,External,Completed,4,765.32,Yes
2023-01-07,2493,1,Internal,Completed,2,443.46,Yes
2022-11-06,2494,2,Internal,Incomplete,2,203.97,Yes
2022-08-27,2495,4,Internal,Incomplete,3,180.44,Yes
2023-02-12,2496,5,Internal,Passed,3,647.25,Yes
2022-09-07,2497,2,Internal,Passed,4,833.99,No
2022-11-30,2498,4,Internal,Incomplete,4,825.58,No
2022-10-12,2499,4,Internal,Failed,2,190.49,No
2023-07-08,2500,4,Internal,Completed,3,961.33,Yes
2022-09-20,2501,1,Internal,Completed,2,608.46,No
2022-08-08,2502,5,Internal,Passed,3,971.57,Yes
2023-05-14,2503,5,External,Incomplete,3,354.28,No
2022-09-02,2504,1,Internal,Failed,5,108.02,No
2022-11-23,2505,1,External,Completed,5,508.85,Yes
2023-02-13,2506,1,Internal,Passed,3,811.4,Yes
2022-12-06,2507,5,External,Incomplete,2,680.09,No
2023-04-25,2508,5,External,Completed,3,133.88,Yes
2023-02-08,2509,1,Internal,Completed,1,433.69,No
2022-08-22,2510,2,Internal,Completed,2,580.84,Yes
2023-04-20,2511,5,External,Incomplete,4,830.45,No
2023-02-19,2512,1,External,Failed,5,802.2,No
2022-12-05,2513,1,Internal,Failed,4,337.06,No
2023-06-14,2514,5,Internal,Incomplete,3,538.16,Yes
2023-07-19,2515,5,Internal,Passed,1,190.1,Yes
2023-01-31,2516,2,Internal,Completed,1,397.27,Yes
2023-04-01,2517,5,Internal,Incomplete,5,826.65,No
2022-10-29,2518,2,Internal,Completed,4,732.18,No
2023-02-08,2519,5,External,Failed,2,564.38,Yes
2023-02-07,2520,2,Internal,Incomplete,2,512.02,Yes
2022-11-18,2521,4,Internal,Completed,1,599.41,Yes
2023-06-30,2522,1,Internal,Passed,4,839.04,No
2023-06-28,2523,2,External,Incomplete,4,391.4,Yes
2022-10-15,2524,3,Internal,Incomplete,1,569.5,No
2023-04-24,2525,3,External,Incomplete,3,450.81,Yes
2023-06-23,2526,5,Internal,Passed,2,265.46,Yes
2022-11-24,2527,5,Internal,Passed,2,462.98,Yes
2023-07-25,2528,1,Internal,Passed,3,760.34,No
2022-10-16,2529,1,External,Failed,1,383.84,Yes
2022-12-11,2530,5,External,Failed,4,723.57,Yes
2022-11-01,2531,1,Internal,Incomplete,1,725.34,No
2023-05-18,2532,3,Internal,Incomplete,2,119.48,Yes
2023-07-22,2533,1,External,Completed,1,226.93,Yes
2022-08-22,2534,3,Internal,Passed,3,739.85,No
2022-10-02,2535,4,Internal,Incomplete,2,369.68,Yes
2022-08-26,2536,3,External,Completed,1,243.63,No
2023-03-19,2537,4,External,Failed,5,475.8,Yes
2023-04-06,2538,3,External,Passed,3,418.25,Yes
2022-11-10,2539,1,Internal,Passed,4,703.84,Yes
2022-10-12,2540,4,Internal,Failed,2,602.26,No
2022-08-11,2541,1,Internal,Passed,2,517.83,Yes
2022-08-21,2542,1,External,Completed,5,605.99,No
2022-09-04,2543,1,Internal,Passed,1,100.45,No
2023-01-27,2544,1,Internal,Completed,2,767.56,No
2023-06-27,2545,3,Internal,Completed,1,352.45,Yes
2023-05-22,2546,2,Internal,Completed,3,463.57,Yes
2022-09-07,2547,3,Internal,Completed,4,372.08,Yes
2023-01-14,2548,4,External,Failed,3,670.58,No
2022-12-18,2549,4,Internal,Passed,2,399.97,Yes
2022-10-09,2550,4,Internal,Incomplete,5,997.89,No
2023-08-02,2551,1,Internal,Completed,2,985.0,No
2022-09-21,2552,2,Internal,Completed,5,573.47,No
2022-10-03,2553,4,External,Failed,2,414.08,Yes
2023-07-29,2554,1,External,Completed,5,889.09,No
2023-01-18,2555,5,Internal,Passed,3,650.08,No
2022-08-19,2556,2,Internal,Passed,5,283.57,No
2022-08-20,2557,5,Internal,Completed,1,908.5,Yes
2022-11-07,2558,5,Internal,Failed,2,900.85,No
2022-09-19,2559,1,External,Passed,3,449.84,Yes
2023-08-03,2560,1,External,Failed,5,981.9,No
2022-12-19,2561,5,External,Failed,4,289.37,Yes
2023-07-09,2562,2,Internal,Failed,1,657.23,No
2023-08-03,2563,2,External,Passed,5,416.37,Yes
2023-07-18,2564,3,Internal,Completed,4,624.9,No
2022-09-11,2565,1,Internal,Passed,2,559.06,Yes
2023-07-29,2566,4,External,Incomplete,5,327.37,Yes
2022-10-24,2567,1,Internal,Failed,2,660.4,No
2022-12-15,2568,3,External,Passed,5,477.46,Yes
2023-01-15,2569,4,Internal,Completed,2,694.21,No
2023-05-23,2570,2,Internal,Incomplete,2,737.84,No
2022-08-15,2571,5,Internal,Failed,2,919.95,Yes
2022-09-02,2572,5,Internal,Completed,5,797.82,Yes
2022-09-27,2573,2,Internal,Passed,2,806.47,Yes
2023-07-18,2574,5,External,Failed,1,376.59,No
2023-02-26,2575,1,Internal,Incomplete,2,157.17,No
2023-02-23,2576,3,External,Incomplete,2,608.82,No
2023-07-04,2577,1,Internal,Failed,5,928.48,No
2022-10-10,2578,2,External,Incomplete,1,812.01,No
2022-10-02,2579,4,External,Incomplete,4,941.61,Yes
2023-03-07,2580,1,Internal,Incomplete,1,227.13,No
2023-05-13,2581,4,External,Passed,1,257.4,Yes
2023-03-17,2582,3,Internal,Incomplete,2,360.65,Yes
2023-05-25,2583,2,External,Completed,5,892.97,Yes
2023-03-16,2584,5,Internal,Incomplete,4,746.93,No
2023-02-18,2585,2,External,Incomplete,1,909.6,Yes
2022-08-05,2586,2,Internal,Completed,5,222.04,Yes
2023-01-27,2587,4,Internal,Failed,3,583.69,No
2023-07-09,2588,1,Internal,Passed,3,856.44,Yes
2023-04-03,2589,1,External,Completed,4,919.1,Yes
2023-06-14,2590,3,External,Incomplete,3,606.76,No
2022-10-06,2591,2,Internal,Completed,2,745.31,Yes
2023-02-10,2592,5,Internal,Incomplete,3,240.57,Yes
2022-08-16,2593,1,Internal,Failed,3,659.82,No
2022-12-01,2594,1,Internal,Failed,3,273.94,No
2022-08-12,2595,2,External,Failed,4,920.91,Yes
2023-02-22,2596,1,External,Incomplete,2,114.28,No
2022-10-22,2597,1,External,Passed,3,242.28,Yes
2022-12-14,2598,2,External,Completed,3,420.06,Yes
2023-02-13,2599,2,External,Failed,2,288.93,Yes
2023-05-14,2600,4,Internal,Completed,3,637.45,Yes
2023-06-29,2601,1,External,Failed,5,944.24,No
2022-12-25,2602,3,Internal,Failed,4,364.41,No
2022-10-20,2603,1,Internal,Passed,5,605.84,No
2022-11-01,2604,3,Internal,Failed,5,990.59,No
2022-11-14,2605,4,External,Completed,4,549.19,Yes
2022-11-15,2606,3,External,Incomplete,1,587.34,Yes
2022-12-26,2607,5,External,Completed,3,918.96,Yes
2023-01-21,2608,4,Internal,Incomplete,2,525.41,Yes
2022-09-04,2609,1,External,Passed,1,484.08,No
2023-06-25,2610,2,External,Passed,5,184.63,No
2022-10-29,2611,2,Internal,Failed,3,793.77,No
2023-04-23,2612,2,Internal,Completed,3,301.02,No
2022-10-28,2613,3,Internal,Failed,3,253.86,No
2022-11-09,2614,4,External,Completed,2,468.59,Yes
2023-03-10,2615,3,Internal,Completed,5,689.87,Yes
2023-04-16,2616,2,External,Failed,5,428.33,No
2023-07-24,2617,4,External,Completed,2,806.47,No
2023-01-23,2618,1,Internal,Passed,3,399.63,Yes
2022-12-30,2619,5,Internal,Completed,3,440.24,No
2023-01-24,2620,1,External,Passed,1,485.2,Yes
2023-03-03,2621,4,Internal,Incomplete,2,451.56,Yes
2022-12-08,2622,3,External,Passed,5,159.37,Yes
2022-08-28,2623,3,Internal,Incomplete,4,310.28,No
2022-11-04,2624,2,Internal,Incomplete,2,227.91,No
2022-10-01,2625,5,Internal,Failed,3,379.25,No
2023-01-05,2626,5,Internal,Incomplete,3,197.3,No
2022-08-18,2627,2,Internal,Completed,4,862.64,No
2022-09-05,2628,5,Internal,Passed,1,896.12,Yes
2023-01-05,2629,1,External,Completed,4,750.65,No
2022-09-07,2630,5,External,Incomplete,4,424.19,Yes
2022-10-11,2631,2,External,Incomplete,4,775.32,Yes
2023-04-19,2632,2,External,Incomplete,2,209.47,Yes
2023-02-09,2633,4,Internal,Completed,2,859.39,Yes
2023-05-26,2634,4,External,Completed,1,532.85,Yes
2023-02-03,2635,1,External,Passed,2,136.6,Yes
2023-07-14,2636,1,Internal,Passed,4,483.54,No
2023-04-24,2637,1,Internal,Completed,1,709.79,Yes
2023-05-28,2638,5,External,Passed,2,152.85,No
2023-02-19,2639,4,Internal,Completed,4,977.29,Yes
2023-02-20,2640,4,Internal,Failed,4,237.14,No
2022-08-25,2641,5,Internal,Passed,5,637.84,No
2023-07-01,2642,4,Internal,Completed,1,889.73,No
2023-06-15,2643,4,Internal,Failed,2,357.94,No
2023-04-01,2644,2,Internal,Incomplete,1,150.96,No
2022-11-02,2645,5,Internal,Completed,2,933.2,Yes
2023-07-15,2646,4,External,Failed,3,378.6,Yes
2023-01-28,2647,4,Internal,Completed,5,162.93,Yes
2023-03-07,2648,4,External,Incomplete,3,294.91,Yes
2022-09-25,2649,1,Internal,Passed,1,836.76,Yes
2022-08-29,2650,1,Internal,Passed,1,136.23,Yes
2023-06-12,2651,2,External,Completed,3,236.69,Yes
2022-10-23,2652,2,External,Incomplete,1,424.44,No
2023-01-24,2653,5,Internal,Incomplete,3,139.71,No
2023-03-18,2654,1,External,Passed,3,428.13,No
2023-05-31,2655,4,External,Incomplete,3,972.66,No
2023-02-25,2656,1,External,Failed,1,877.57,No
2023-05-08,2657,4,External,Failed,3,751.13,No
2023-06-29,2658,5,External,Passed,1,471.89,No
2022-08-30,2659,2,External,Failed,3,957.63,Yes
2022-09-07,2660,4,External,Passed,1,788.33,Yes
2023-01-12,2661,1,Internal,Completed,4,220.32,Yes
2023-03-10,2662,4,External,Completed,5,406.1,Yes
2022-12-17,2663,2,External,Passed,4,819.64,No
2022-09-13,2664,4,External,Incomplete,3,355.84,Yes
2022-09-03,2665,1,Internal,Completed,4,786.38,Yes
2023-02-02,2666,4,Internal,Failed,2,460.62,No
2023-02-05,2667,3,External,Passed,4,821.39,No
2023-01-19,2668,4,Internal,Passed,3,968.31,Yes
2023-03-17,2669,4,Internal,Completed,3,912.22,Yes
2023-06-28,2670,4,External,Completed,4,144.83,Yes
2023-01-14,2671,4,Internal,Passed,4,425.59,Yes
2023-07-18,2672,4,Internal,Incomplete,2,118.43,No
2023-05-11,2673,2,Internal,Incomplete,2,281.27,Yes
2023-04-05,2674,2,External,Incomplete,5,283.65,Yes
2022-10-07,2675,2,Internal,Completed,3,475.75,No
2022-10-11,2676,3,External,Failed,3,188.07,No
2022-12-30,2677,5,External,Incomplete,4,843.69,No
2023-04-06,2678,4,External,Failed,3,166.28,Yes
2022-08-17,2679,1,External,Completed,2,119.62,No
2023-05-11,2680,2,Internal,Failed,2,400.81,No
2023-01-26,2681,3,Internal,Completed,1,318.38,No
2023-05-05,2682,1,External,Failed,3,238.12,Yes
2022-08-26,2683,5,External,Passed,2,412.34,Yes
2023-01-23,2684,1,Internal,Passed,5,776.58,Yes
2023-02-07,2685,4,External,Passed,4,231.34,No
2022-11-12,2686,4,External,Completed,1,278.7,Yes
2023-07-20,2687,5,External,Incomplete,1,272.22,Yes
2022-11-18,2688,2,External,Completed,2,638.6,Yes
2023-07-12,2689,4,External,Passed,1,812.6,Yes
2023-02-23,2690,5,External,Completed,1,134.11,No
2022-12-29,2691,4,External,Failed,3,934.3,Yes
2023-05-30,2692,1,External,Completed,1,614.11,No
2023-05-16,2693,4,External,Failed,2,175.75,Yes
2022-08-08,2694,2,External,Failed,2,167.34,No
2023-01-25,2695,2,External,Passed,2,123.83,No
2023-03-29,2696,5,External,Incomplete,2,932.48,No
2023-02-19,2697,4,Internal,Completed,4,714.81,Yes
2022-12-12,2698,4,Internal,Incomplete,3,152.78,Yes
2023-01-31,2699,5,External,Incomplete,2,717.16,No
2023-06-29,2700,5,External,Failed,1,272.59,Yes
2023-04-20,2701,3,External,Incomplete,5,155.14,Yes
2022-09-05,2702,1,Internal,Completed,1,328.74,Yes
2023-03-31,2703,3,Internal,Passed,2,775.58,Yes
2022-12-10,2704,3,Internal,Incomplete,2,499.97,No
2023-05-24,2705,1,External,Incomplete,1,826.31,Yes
2023-03-28,2706,3,Internal,Failed,5,258.38,No
2022-11-16,2707,2,External,Incomplete,3,412.09,No
2022-12-04,2708,3,Internal,Failed,5,294.23,No
2022-10-15,2709,5,Internal,Failed,2,415.45,Yes
2023-07-20,2710,2,Internal,Failed,5,807.71,Yes
2022-09-13,2711,3,Internal,Completed,1,408.39,Yes
2023-01-30,2712,1,External,Passed,1,741.6,Yes
2023-04-09,2713,5,External,Completed,3,193.48,Yes
2023-01-08,2714,5,Internal,Incomplete,5,831.09,No
2022-10-14,2715,2,External,Completed,5,573.56,No
2023-01-16,2716,3,Internal,Completed,4,247.11,No
2023-03-25,2717,1,Internal,Passed,5,866.13,Yes
2022-11-13,2718,4,Internal,Incomplete,5,760.24,Yes
2023-07-25,2719,3,Internal,Passed,5,992.93,No
2023-05-09,2720,2,External,Failed,2,960.4,No
2022-10-19,2721,4,Internal,Incomplete,4,173.54,Yes
2023-07-17,2722,3,External,Passed,1,334.08,Yes
2023-07-22,2723,3,External,Incomplete,3,763.23,No
2023-06-03,2724,3,External,Completed,2,611.51,Yes
2022-12-29,2725,5,Internal,Incomplete,2,354.21,Yes
2023-01-16,2726,2,External,Passed,3,502.39,No
2022-12-31,2727,1,Internal,Incomplete,2,687.99,No
2023-01-27,2728,4,Internal,Completed,5,877.47,Yes
2023-07-06,2729,3,External,Passed,2,700.04,Yes
2023-05-20,2730,4,External,Incomplete,5,486.43,Yes
2023-04-20,2731,5,Internal,Failed,1,897.96,Yes
2023-02-23,2732,2,Internal,Completed,3,147.28,Yes
2023-02-12,2733,3,Internal,Completed,5,612.96,Yes
2023-02-22,2734,1,External,Completed,5,953.92,Yes
2022-11-12,2735,3,External,Incomplete,1,519.23,Yes
2023-03-05,2736,5,Internal,Passed,1,297.94,Yes
2023-04-18,2737,1,Internal,Failed,5,317.55,No
2022-10-01,2738,1,Internal,Incomplete,5,880.42,No
2022-08-21,2739,2,Internal,Completed,1,457.71,No
2023-05-17,2740,1,Internal,Completed,3,200.27,Yes
2022-09-26,2741,5,External,Failed,5,573.08,No
2022-09-05,2742,1,Internal,Incomplete,4,785.39,Yes
2023-04-20,2743,5,Internal,Failed,3,437.36,No
2022-10-29,2744,5,External,Incomplete,5,955.17,Yes
2022-10-12,2745,5,Internal,Failed,3,542.56,Yes
2023-02-12,2746,4,External,Incomplete,5,399.23,Yes
2022-10-15,2747,5,External,Failed,2,677.74,No
2023-01-14,2748,4,External,Completed,2,301.42,Yes
2022-11-19,2749,2,External,Failed,5,149.65,No
2023-02-27,2750,2,Internal,Passed,1,462.45,Yes
2023-02-15,2751,1,External,Incomplete,2,585.76,No
2022-12-06,2752,2,Internal,Incomplete,5,450.64,Yes
2022-10-18,2753,1,Internal,Completed,1,437.7,No
2023-04-04,2754,4,Internal,Failed,1,823.08,Yes
2022-12-21,2755,5,Internal,Completed,4,118.68,Yes
2023-04-04,2756,1,External,Completed,5,120.79,Yes
2022-12-19,2757,5,External,Failed,1,519.35,No
2023-05-17,2758,5,External,Incomplete,4,100.17,Yes
2023-06-30,2759,4,Internal,Incomplete,1,662.8,Yes
2023-05-03,2760,3,Internal,Completed,3,287.59,No
2022-11-26,2761,4,External,Incomplete,4,653.32,No
2023-04-26,2762,3,Internal,Failed,3,254.85,No
2022-11-24,2763,5,External,Completed,4,430.35,Yes
2023-06-14,2764,1,External,Incomplete,5,755.77,No
2023-03-30,2765,2,Internal,Incomplete,2,529.91,Yes
2023-03-25,2766,5,External,Completed,1,440.14,No
2023-01-21,2767,2,Internal,Passed,2,972.3,Yes
2022-10-24,2768,4,Internal,Incomplete,5,176.6,Yes
2023-07-17,2769,4,Internal,Completed,1,747.74,Yes
2023-07-07,2770,2,External,Passed,5,451.03,Yes
2022-12-11,2771,5,Internal,Incomplete,5,255.16,No
2023-02-06,2772,3,Internal,Passed,5,258.08,Yes
2023-02-02,2773,1,Internal,Completed,4,697.67,Yes
2023-08-05,2774,1,Internal,Passed,5,694.23,Yes
2022-11-05,2775,5,Internal,Incomplete,1,703.45,No
2023-07-09,2776,3,External,Incomplete,1,134.44,Yes
2023-07-25,2777,1,Internal,Failed,2,458.37,No
2022-10-06,2778,4,External,Failed,5,594.73,Yes
2023-02-13,2779,3,Internal,Completed,3,330.68,No
2022-12-24,2780,1,Internal,Incomplete,3,625.69,Yes
2022-11-12,2781,3,Internal,Completed,5,437.26,No
2022-10-17,2782,3,Internal,Passed,2,134.99,Yes
2023-05-20,2783,5,External,Incomplete,4,880.21,No
2022-09-08,2784,2,Internal,Completed,5,427.99,Yes
2022-11-26,2785,5,Internal,Completed,1,925.68,Yes
2023-06-16,2786,1,External,Incomplete,4,485.05,Yes
2023-04-18,2787,5,External,Passed,5,720.07,Yes
2023-01-21,2788,4,External,Incomplete,5,161.15,No
2023-06-06,2789,4,Internal,Completed,4,899.17,No
2022-09-20,2790,1,External,Incomplete,1,438.31,No
2023-04-08,2791,1,Internal,Passed,3,903.18,Yes
2023-05-21,2792,5,External,Passed,2,607.81,Yes
2022-10-09,2793,4,External,Incomplete,1,774.44,Yes
2023-01-10,2794,2,Internal,Incomplete,3,644.38,Yes
2023-04-30,2795,2,Internal,Failed,4,457.74,No
2022-10-19,2796,1,External,Incomplete,2,840.27,Yes
2022-12-18,2797,1,External,Failed,1,559.59,Yes
2023-04-24,2798,3,External,Completed,1,840.65,Yes
2023-07-28,2799,1,Internal,Incomplete,1,543.46,No
2022-12-20,2800,2,External,Incomplete,1,729.03,Yes
2023-06-14,2801,3,External,Incomplete,4,449.65,Yes
2023-04-21,2802,5,External,Passed,3,213.38,Yes
2023-01-29,2803,3,Internal,Failed,4,106.21,Yes
2023-01-26,2804,3,Internal,Completed,5,483.07,Yes
2023-07-18,2805,4,Internal,Passed,2,515.31,Yes
2023-05-27,2806,1,Internal,Incomplete,5,290.8,Yes
2023-04-16,2807,2,Internal,Passed,4,977.46,No
2022-09-23,2808,1,External,Passed,5,105.41,Yes
2022-12-21,2809,5,Internal,Failed,2,856.23,No
2023-04-05,2810,5,Internal,Incomplete,3,964.33,No
2022-11-04,2811,5,External,Completed,3,589.88,No
2022-11-25,2812,3,External,Incomplete,4,663.36,Yes
2023-04-20,2813,5,Internal,Completed,2,249.88,Yes
2023-07-31,2814,3,Internal,Passed,2,809.89,Yes
2023-05-10,2815,4,Internal,Completed,5,224.58,No
2023-03-17,2816,4,External,Incomplete,3,251.78,Yes
2023-01-13,2817,5,External,Failed,2,314.0,Yes
2023-02-27,2818,5,External,Completed,5,453.51,No
2023-07-31,2819,3,Internal,Failed,2,595.4,Yes
2022-10-23,2820,4,External,Completed,2,606.3,Yes
2023-03-06,2821,5,Internal,Incomplete,5,841.22,No
2022-09-18,2822,1,Internal,Failed,4,912.5,Yes
2022-09-04,2823,1,External,Incomplete,2,196.27,No
2022-09-07,2824,4,Internal,Incomplete,1,224.09,Yes
2022-11-02,2825,5,External,Completed,2,363.8,No
2023-07-13,2826,2,Internal,Failed,2,656.05,No
2022-09-07,2827,3,Internal,Incomplete,1,629.85,Yes
2023-01-30,2828,1,Internal,Completed,3,915.92,Yes
2022-10-26,2829,2,External,Passed,3,487.27,No
2022-12-06,2830,4,External,Completed,1,266.42,Yes
2023-02-09,2831,1,External,Incomplete,1,277.22,Yes
2022-12-23,2832,2,Internal,Incomplete,1,545.87,Yes
2022-08-24,2833,3,External,Incomplete,3,182.84,Yes
2023-06-10,2834,5,External,Completed,4,149.67,No
2022-11-22,2835,2,Internal,Completed,4,939.72,Yes
2023-05-18,2836,2,External,Completed,5,410.04,Yes
2023-06-08,2837,1,External,Incomplete,1,945.59,No
2023-05-18,2838,1,Internal,Completed,4,539.06,No
2022-08-07,2839,2,External,Incomplete,2,837.22,No
2022-10-04,2840,2,Internal,Incomplete,3,360.08,No
2023-04-22,2841,2,Internal,Completed,2,405.48,Yes
2022-12-22,2842,4,Internal,Failed,4,577.78,Yes
2022-10-01,2843,3,External,Completed,2,102.16,Yes
2022-08-28,2844,3,Internal,Passed,5,336.98,Yes
2023-02-06,2845,2,External,Completed,2,764.22,Yes
2022-09-02,2846,1,Internal,Incomplete,2,326.54,No
2023-07-16,2847,2,Internal,Completed,3,762.23,No
2023-07-21,2848,2,Internal,Failed,2,510.12,No
2023-05-06,2849,5,Internal,Failed,3,706.23,Yes
2023-04-26,2850,5,External,Passed,2,634.36,No
2023-07-16,2851,1,Internal,Failed,2,718.77,Yes
2023-06-23,2852,1,Internal,Incomplete,3,820.39,Yes
2023-01-01,2853,3,Internal,Passed,1,835.07,Yes
2023-04-18,2854,4,External,Incomplete,4,670.82,Yes
2022-09-05,2855,5,External,Passed,1,596.23,Yes
2023-01-03,2856,2,Internal,Completed,2,842.67,Yes
2022-12-25,2857,2,Internal,Completed,3,229.18,No
2022-11-10,2858,4,Internal,Failed,3,851.72,Yes
2022-09-23,2859,5,Internal,Completed,1,798.08,Yes
2022-09-13,2860,3,External,Passed,3,587.16,No
2022-11-07,2861,4,External,Completed,2,828.48,Yes
2023-04-11,2862,1,Internal,Incomplete,3,192.39,No
2022-12-08,2863,2,Internal,Completed,4,422.27,Yes
2023-06-16,2864,3,External,Failed,4,242.25,Yes
2023-03-22,2865,2,External,Passed,4,653.99,No
2023-04-11,2866,4,External,Passed,5,792.46,Yes
2023-02-21,2867,3,External,Incomplete,4,317.26,Yes
2023-06-17,2868,3,External,Failed,5,866.79,Yes
2023-05-04,2869,3,Internal,Completed,2,422.63,Yes
2023-02-24,2870,4,Internal,Passed,5,413.42,No
2022-10-16,2871,1,External,Incomplete,5,900.02,No
2023-03-20,2872,1,Internal,Passed,3,573.84,No
2023-06-05,2873,4,Internal,Failed,2,801.16,Yes
2022-09-27,2874,4,Internal,Passed,5,107.25,Yes
2022-09-17,2875,4,External,Incomplete,1,892.56,No
2023-07-05,2876,4,External,Failed,1,429.89,Yes
2022-12-10,2877,2,Internal,Failed,4,664.5,No
2022-12-01,2878,4,Internal,Incomplete,5,925.8,No
2023-06-15,2879,2,External,Failed,3,118.94,Yes
2023-02-15,2880,4,Internal,Failed,4,932.34,No
2023-05-18,2881,3,External,Incomplete,1,624.59,No
2023-04-21,2882,3,Internal,Failed,4,835.35,No
2023-05-11,2883,2,External,Completed,4,597.63,Yes
2023-05-01,2884,5,External,Passed,4,974.28,Yes
2022-12-29,2885,1,External,Passed,1,176.13,No
2023-07-09,2886,5,External,Incomplete,4,263.04,Yes
2023-04-15,2887,1,Internal,Completed,5,411.52,No
2023-03-17,2888,2,External,Completed,4,119.5,No
2022-10-13,2889,2,Internal,Passed,2,817.04,Yes
2022-10-10,2890,5,Internal,Completed,5,838.84,Yes
2022-12-31,2891,5,External,Incomplete,4,767.51,No
2022-08-10,2892,5,External,Passed,5,990.52,Yes
2023-06-05,2893,3,Internal,Completed,5,205.24,Yes
2023-06-30,2894,2,Internal,Completed,5,203.06,Yes
2022-11-15,2895,4,External,Incomplete,4,555.6,No
2023-07-01,2896,5,Internal,Passed,5,794.92,Yes
2022-11-26,2897,3,Internal,Passed,2,926.17,Yes
2023-06-22,2898,3,Internal,Completed,1,832.37,Yes
2023-03-26,2899,3,Internal,Completed,5,128.8,No
2023-01-16,2900,2,External,Passed,4,255.02,Yes
2023-07-13,2901,3,Internal,Incomplete,4,674.34,No
2023-03-31,2902,4,External,Incomplete,2,778.36,Yes
2023-06-22,2903,2,External,Failed,2,906.63,No
2023-05-06,2904,5,External,Failed,4,986.01,No
2022-10-14,2905,3,External,Passed,5,846.88,Yes
2022-12-06,2906,5,External,Incomplete,1,998.74,Yes
2023-02-12,2907,1,External,Completed,4,510.69,Yes
2022-11-28,2908,3,External,Passed,1,100.55,Yes
2023-05-12,2909,5,Internal,Passed,4,818.39,Yes
2022-09-19,2910,5,Internal,Incomplete,1,763.78,Yes
2023-03-28,2911,5,Internal,Passed,1,292.36,Yes
2023-01-11,2912,1,Internal,Completed,2,990.45,Yes
2022-12-01,2913,1,External,Completed,3,989.75,Yes
2022-10-15,2914,1,Internal,Failed,1,194.13,Yes
2023-03-25,2915,5,Internal,Incomplete,2,993.79,Yes
2022-10-09,2916,5,Internal,Incomplete,2,932.4,No
2022-10-15,2917,2,External,Passed,3,636.37,Yes
2022-08-28,2918,4,External,Failed,1,333.03,No
2023-04-23,2919,5,Internal,Failed,1,195.63,Yes
2022-09-27,2920,5,External,Completed,2,140.27,Yes
2023-01-11,2921,2,External,Incomplete,1,465.54,No
2023-05-19,2922,5,External,Incomplete,1,713.3,Yes
2022-10-15,2923,5,Internal,Failed,4,632.73,No
2022-10-31,2924,5,External,Failed,1,244.84,Yes
2023-04-14,2925,1,External,Failed,4,689.93,No
2023-03-17,2926,5,Internal,Failed,3,459.59,Yes
2022-10-15,2927,5,External,Failed,4,597.54,No
2023-06-21,2928,1,External,Incomplete,2,175.63,Yes
2022-09-23,2929,4,Internal,Passed,5,120.14,No
2023-02-23,2930,5,External,Failed,5,871.29,No
2023-07-23,2931,3,External,Passed,1,485.84,No
2023-05-17,2932,1,External,Completed,2,275.36,Yes
2023-07-02,2933,1,External,Incomplete,3,933.67,Yes
2023-03-14,2934,5,Internal,Passed,4,927.08,No
2023-07-25,2935,1,External,Passed,4,395.52,No
2022-12-23,2936,3,Internal,Completed,3,123.26,No
2023-07-25,2937,3,Internal,Completed,3,198.45,Yes
2023-05-18,2938,1,Internal,Passed,2,478.07,No
2022-09-06,2939,4,External,Completed,3,285.5,Yes
2023-06-14,2940,1,External,Passed,2,490.26,No
2022-11-11,2941,2,Internal,Completed,3,828.68,Yes
2023-02-20,2942,5,External,Incomplete,2,858.29,No
2023-04-04,2943,1,External,Completed,3,494.19,Yes
2023-02-17,2944,1,Internal,Passed,4,502.56,Yes
2023-07-01,2945,1,External,Failed,5,826.82,No
2023-07-12,2946,3,Internal,Failed,4,655.83,Yes
2022-08-13,2947,4,External,Incomplete,1,543.81,Yes
2022-11-01,2948,5,Internal,Failed,1,482.47,Yes
2023-03-09,2949,1,Internal,Passed,3,310.41,Yes
2023-03-19,2950,5,Internal,Completed,2,331.52,No
2022-09-07,2951,3,External,Passed,3,973.96,Yes
2023-05-08,2952,1,Internal,Completed,3,149.09,Yes
2022-12-11,2953,3,External,Incomplete,4,925.16,Yes
2022-10-23,2954,4,External,Passed,2,833.13,No
2023-06-04,2955,4,External,Failed,5,191.49,No
2022-10-13,2956,2,External,Passed,3,474.15,Yes
2022-08-30,2957,4,External,Failed,1,550.42,Yes
2023-02-09,2958,5,External,Incomplete,1,681.23,Yes
2023-07-06,2959,2,Internal,Incomplete,5,657.64,No
2022-12-16,2960,4,Internal,Incomplete,4,449.66,Yes
2023-01-19,2961,3,External,Passed,5,587.25,Yes
2022-08-28,2962,2,Internal,Failed,2,198.55,Yes
2023-06-08,2963,2,External,Completed,5,629.24,Yes
2022-10-14,2964,1,Internal,Incomplete,2,614.06,Yes
2023-03-07,2965,4,External,Completed,3,426.26,Yes
2022-10-17,2966,4,Internal,Passed,5,197.73,Yes
2023-07-21,2967,2,External,Incomplete,3,145.68,No
2022-11-20,2968,2,Internal,Failed,3,764.74,Yes
2022-10-18,2969,2,Internal,Passed,3,405.4,No
2023-01-16,2970,3,External,Failed,4,689.49,No
2023-04-12,2971,4,Internal,Incomplete,2,141.14,No
2023-03-01,2972,3,Internal,Passed,1,788.69,Yes
2023-07-13,2973,5,Internal,Failed,5,458.81,Yes
2023-04-27,2974,4,Internal,Passed,5,140.91,Yes
2023-07-12,2975,3,External,Completed,5,551.76,No
2023-06-09,2976,1,Internal,Passed,5,720.1,No
2023-04-01,2977,4,Internal,Passed,4,640.05,Yes
2022-11-02,2978,1,Internal,Failed,1,470.62,Yes
2023-06-10,2979,3,External,Failed,4,257.87,Yes
2023-02-17,2980,2,External,Passed,4,970.09,Yes
2023-06-25,2981,1,External,Completed,2,197.96,No
2022-10-31,2982,4,External,Failed,2,166.78,Yes
2023-06-25,2983,4,External,Passed,4,267.6,Yes
2023-05-24,2984,4,Internal,Incomplete,1,671.21,No
2022-10-25,2985,2,Internal,Failed,4,813.43,No
2023-02-20,2986,1,Internal,Completed,1,501.89,No
2023-01-20,2987,3,External,Failed,4,133.4,Yes
2023-01-03,2988,2,Internal,Failed,4,312.8,Yes
2022-11-24,2989,1,External,Failed,3,272.76,Yes
2023-05-14,2990,4,External,Passed,3,494.03,Yes
2022-12-02,2991,4,Internal,Completed,3,722.92,Yes
2023-02-03,2992,3,Internal,Passed,1,125.34,Yes
2022-11-03,2993,1,Internal,Incomplete,3,559.24,Yes
2022-12-14,2994,4,External,Incomplete,1,936.24,Yes
2023-07-03,2995,5,Internal,Passed,1,440.35,No
2022-09-30,2996,5,Internal,Passed,2,727.12,No
2023-02-16,2997,1,External,Completed,4,433.14,Yes
2022-10-17,2998,2,External,Failed,1,764.14,No
2023-06-14,2999,2,Internal,Passed,5,800.21,No
2023-05-11,3000,5,External,Incomplete,2,172.72,Yes
2022-12-26,3001,1,Internal,Passed,5,346.93,No
2023-02-05,3002,3,Internal,Passed,4,247.81,Yes
2022-11-16,3003,5,Internal,Passed,4,144.84,Yes
2023-03-07,3004,5,Internal,Incomplete,1,183.63,No
2023-03-21,3005,1,Internal,Passed,5,997.4,Yes
2023-05-13,3006,1,External,Passed,3,415.18,Yes
2023-07-19,3007,2,External,Incomplete,5,147.35,No
2023-03-15,3008,3,Internal,Incomplete,3,967.08,No
2022-11-20,3009,3,Internal,Incomplete,4,637.86,No
2022-09-11,3010,4,External,Failed,3,299.13,No
2022-10-11,3011,3,External,Incomplete,3,935.75,No
2022-09-22,3012,5,External,Failed,3,494.02,No
2023-05-23,3013,3,Internal,Incomplete,4,776.3,Yes
2023-02-01,3014,3,Internal,Completed,3,326.37,No
2022-11-18,3015,2,External,Completed,1,108.95,Yes
2023-01-26,3016,1,Internal,Completed,4,550.9,Yes
2022-08-19,3017,5,Internal,Incomplete,4,795.89,No
2023-04-02,3018,1,External,Passed,1,980.49,Yes
2022-11-18,3019,5,External,Failed,1,155.46,Yes
2023-06-19,3020,4,External,Completed,2,367.74,No
2023-08-04,3021,2,External,Passed,3,115.55,Yes
2022-12-15,3022,1,External,Completed,3,848.52,No
2023-05-04,3023,4,Internal,Passed,5,321.61,No
2022-12-21,3024,5,External,Passed,4,957.12,Yes
2022-08-27,3025,1,External,Incomplete,3,177.63,Yes
2022-11-02,3026,2,External,Passed,3,864.03,Yes
2023-07-05,3027,1,External,Incomplete,4,707.06,Yes
2022-10-20,3028,1,Internal,Completed,4,690.29,No
2023-07-03,3029,4,External,Incomplete,1,721.83,No
2022-12-24,3030,5,Internal,Passed,2,287.34,Yes
2022-12-31,3031,5,External,Incomplete,2,783.36,Yes
2022-10-28,3032,5,External,Passed,1,709.78,No
2023-01-08,3033,2,Internal,Incomplete,4,714.64,No
2022-11-25,3034,3,Internal,Passed,2,947.76,Yes
2023-05-09,3035,2,Internal,Completed,1,498.19,Yes
2023-06-19,3036,5,Internal,Failed,3,516.4,Yes
2023-05-01,3037,3,Internal,Failed,5,374.69,Yes
2022-08-17,3038,2,Internal,Incomplete,5,244.22,No
2023-01-05,3039,3,Internal,Completed,2,130.81,Yes
2022-12-30,3040,5,Internal,Passed,5,321.03,Yes
2023-07-28,3041,4,Internal,Completed,4,354.82,Yes
2023-02-03,3042,5,Internal,Incomplete,2,513.54,No
2023-02-21,3043,2,External,Completed,5,658.12,Yes
2022-12-20,3044,3,Internal,Passed,2,643.75,No
2023-03-03,3045,1,External,Incomplete,2,290.75,Yes
2023-01-14,3046,1,Internal,Passed,2,767.56,No
2023-06-13,3047,2,External,Passed,1,507.74,Yes
2023-01-08,3048,2,Internal,Completed,2,919.75,No
2023-01-20,3049,4,External,Incomplete,4,510.95,No
2022-11-06,3050,4,External,Completed,2,826.19,Yes
2023-05-02,3051,3,External,Incomplete,1,992.48,No
2022-10-01,3052,5,External,Incomplete,3,824.73,Yes
2023-07-04,3053,1,External,Failed,2,588.35,No
2023-06-07,3054,3,External,Incomplete,5,144.66,Yes
2023-04-05,3055,5,Internal,Failed,3,833.23,No
2023-06-20,3056,1,External,Passed,1,535.51,Yes
2023-05-28,3057,3,Internal,Completed,4,961.84,Yes
2023-03-17,3058,3,Internal,Completed,1,193.58,No
2023-07-10,3059,1,External,Completed,1,164.35,Yes
2022-08-30,3060,2,Internal,Failed,3,165.67,Yes
2022-09-10,3061,5,External,Incomplete,5,602.56,No
2023-07-26,3062,3,Internal,Passed,1,312.91,Yes
2022-09-28,3063,4,External,Failed,3,767.52,Yes
2023-07-31,3064,4,Internal,Incomplete,5,166.35,Yes
2023-06-11,3065,4,Internal,Incomplete,1,997.24,No
2022-10-18,3066,1,External,Failed,3,258.73,Yes
2022-09-01,3067,1,External,Completed,1,483.26,Yes
2022-11-18,3068,2,External,Completed,3,261.81,Yes
2023-05-10,3069,5,External,Incomplete,1,767.33,No
2022-12-05,3070,1,External,Failed,5,848.76,No
2023-05-30,3071,4,External,Incomplete,4,647.01,No
2023-01-19,3072,4,Internal,Failed,1,230.6,No
2023-01-28,3073,2,Internal,Completed,1,681.4,Yes
2023-07-03,3074,3,Internal,Passed,1,356.98,No
2023-02-20,3075,3,External,Completed,4,602.12,No
2022-11-14,3076,1,External,Passed,5,547.83,No
2022-10-31,3077,4,External,Failed,3,726.88,Yes
2023-03-05,3078,3,Internal,Completed,1,548.95,Yes
2023-06-28,3079,1,External,Completed,4,519.81,No
2023-03-25,3080,5,Internal,Incomplete,5,121.62,No
2022-08-28,3081,2,Internal,Completed,2,316.38,Yes
2023-05-15,3082,4,External,Incomplete,4,696.51,Yes
2023-05-08,3083,5,External,Completed,2,413.66,Yes
2023-03-14,3084,2,External,Completed,5,109.14,No
2023-02-23,3085,5,External,Failed,2,855.84,Yes
2023-06-27,3086,1,Internal,Incomplete,2,288.09,Yes
2023-07-08,3087,1,Internal,Passed,2,776.34,Yes
2023-05-25,3088,2,External,Incomplete,3,732.88,Yes
2023-01-02,3089,3,Internal,Failed,4,788.1,Yes
2022-11-24,3090,5,Internal,Incomplete,4,284.29,No
2022-11-10,3091,4,External,Completed,5,872.29,No
2022-10-07,3092,3,Internal,Passed,1,372.99,Yes
2023-04-25,3093,1,Internal,Passed,5,229.87,No
2023-03-01,3094,4,Internal,Failed,2,544.31,No
2022-08-26,3095,1,Internal,Failed,4,461.79,Yes
2023-04-29,3096,5,Internal,Failed,1,108.99,No
2022-12-30,3097,4,Internal,Incomplete,5,166.08,No
2022-10-04,3098,3,External,Passed,1,801.69,Yes
2023-05-31,3099,5,Internal,Passed,4,355.34,Yes
2023-07-16,3100,5,External,Incomplete,4,136.94,No
2023-05-21,3101,5,Internal,Completed,4,849.63,Yes
2023-04-09,3102,2,Internal,Incomplete,5,524.34,No
2023-02-25,3103,5,External,Failed,1,141.25,No
2023-08-02,3104,4,Internal,Incomplete,3,852.79,Yes
2022-08-30,3105,5,External,Failed,3,805.93,No
2023-05-06,3106,1,External,Incomplete,3,957.31,Yes
2023-05-16,3107,3,Internal,Failed,1,855.26,No
2023-07-07,3108,2,External,Completed,1,755.13,No
2023-06-12,3109,2,External,Failed,1,260.84,Yes
2022-10-29,3110,5,External,Completed,3,299.97,Yes
2023-06-06,3111,3,Internal,Incomplete,1,374.9,Yes
2022-09-23,3112,5,Internal,Passed,5,168.79,No
2022-11-19,3113,3,Internal,Passed,5,236.27,No
2023-01-10,3114,5,Internal,Passed,5,569.5,Yes
2023-07-02,3115,5,Internal,Incomplete,3,386.26,No
2022-08-23,3116,4,External,Failed,4,323.12,Yes
2023-04-16,3117,1,External,Passed,5,461.57,Yes
2022-11-06,3118,5,External,Incomplete,2,543.74,No
2023-02-26,3119,3,External,Passed,1,899.2,Yes
2023-07-05,3120,4,External,Incomplete,2,144.25,No
2023-04-22,3121,3,External,Failed,1,854.54,No
2023-01-16,3122,2,External,Completed,4,107.47,No
2023-01-01,3123,1,External,Failed,4,479.0,Yes
2022-09-02,3124,2,External,Passed,2,965.62,No
2023-07-10,3125,3,External,Passed,2,459.53,No
2023-07-21,3126,1,External,Passed,4,667.54,Yes
2023-02-19,3127,4,External,Failed,5,309.74,No
2023-02-28,3128,1,Internal,Completed,1,830.63,Yes
2023-06-11,3129,5,Internal,Incomplete,4,277.31,Yes
2023-03-21,3130,2,Internal,Incomplete,3,501.5,No
2023-01-15,3131,3,Internal,Completed,3,937.85,No
2023-03-16,3132,1,Internal,Incomplete,3,134.92,No
2022-10-10,3133,1,External,Incomplete,3,946.99,No
2023-03-18,3134,5,External,Completed,4,945.68,No
2023-01-28,3135,1,Internal,Passed,5,142.21,Yes
2022-11-22,3136,4,External,Failed,2,386.95,Yes
2023-06-11,3137,5,External,Passed,4,641.68,Yes
2023-07-26,3138,4,Internal,Failed,2,295.67,No
2023-04-23,3139,1,External,Completed,4,649.64,Yes
2022-12-12,3140,5,External,Failed,1,402.77,Yes
2023-04-01,3141,3,Internal,Incomplete,3,311.92,Yes
2023-01-09,3142,1,External,Incomplete,5,730.99,Yes
2023-05-22,3143,4,Internal,Incomplete,3,330.04,Yes
2023-07-15,3144,1,Internal,Passed,3,848.99,Yes
2023-05-30,3145,3,Internal,Passed,4,773.76,No
2023-03-06,3146,5,External,Passed,5,560.03,Yes
2022-12-20,3147,4,External,Completed,4,820.65,No
2023-04-10,3148,1,External,Completed,2,727.06,No
2023-07-07,3149,2,Internal,Failed,2,858.12,No
2023-01-28,3150,2,External,Failed,4,781.04,Yes
2022-10-06,3151,4,Internal,Passed,2,978.88,Yes
2023-03-24,3152,1,Internal,Failed,4,955.95,No
2023-07-11,3153,1,External,Passed,5,897.64,No
2023-05-25,3154,2,External,Passed,4,418.08,Yes
2022-08-27,3155,1,External,Failed,5,336.64,No
2023-04-02,3156,1,External,Failed,4,171.46,No
2023-05-26,3157,4,Internal,Incomplete,3,401.9,No
2022-12-19,3158,1,Internal,Passed,5,266.62,No
2023-04-19,3159,5,External,Failed,2,913.36,No
2023-01-11,3160,3,Internal,Failed,3,619.29,Yes
2022-09-15,3161,2,External,Passed,3,398.98,No
2023-07-24,3162,5,Internal,Failed,5,569.76,No
2022-10-01,3163,4,Internal,Passed,4,807.32,Yes
2023-02-10,3164,4,External,Passed,3,981.17,Yes
2022-08-28,3165,3,External,Failed,4,972.9,No
2023-01-27,3166,4,Internal,Incomplete,4,928.71,No
2023-01-15,3167,3,External,Passed,1,975.21,Yes
2023-05-10,3168,3,External,Failed,5,613.58,Yes
2023-02-25,3169,1,Internal,Completed,4,109.96,No
2022-08-28,3170,5,External,Failed,2,361.28,Yes
2023-06-30,3171,3,External,Failed,4,248.66,No
2022-12-25,3172,2,External,Failed,5,742.18,Yes
2023-06-01,3173,1,External,Incomplete,3,573.31,No
2022-12-09,3174,1,External,Completed,4,860.91,Yes
2023-05-22,3175,5,External,Failed,4,686.77,No
2023-01-24,3176,3,External,Passed,5,638.26,No
2023-03-25,3177,3,External,Incomplete,2,423.71,No
2023-05-02,3178,1,Internal,Incomplete,3,708.78,Yes
2023-05-03,3179,3,Internal,Passed,2,376.96,No
2023-07-03,3180,4,External,Completed,1,829.59,No
2023-01-13,3181,3,Internal,Incomplete,4,900.21,No
2023-05-02,3182,5,Internal,Passed,2,825.61,Yes
2023-07-28,3183,2,External,Completed,1,205.22,Yes
2022-09-09,3184,5,Internal,Failed,3,441.79,Yes
2022-11-28,3185,1,External,Passed,3,491.87,Yes
2023-04-10,3186,5,Internal,Failed,4,927.48,No
2023-07-26,3187,3,Internal,Completed,3,831.15,No
2023-05-16,3188,3,Internal,Incomplete,3,976.9,Yes
2022-09-11,3189,3,Internal,Passed,5,574.76,No
2023-07-13,3190,3,External,Passed,3,911.6,Yes
2023-02-05,3191,4,External,Incomplete,3,476.39,No
2022-08-28,3192,5,Internal,Incomplete,1,752.12,No
2023-04-16,3193,4,External,Completed,3,240.94,Yes
2023-01-23,3194,3,Internal,Passed,5,143.28,Yes
2023-06-28,3195,2,External,Failed,1,556.09,No
2023-06-06,3196,2,Internal,Passed,5,518.62,No
2022-11-10,3197,2,Internal,Failed,4,694.79,Yes
2023-06-01,3198,1,Internal,Completed,2,445.34,Yes
2022-09-23,3199,5,Internal,Incomplete,5,609.18,Yes
2023-03-18,3200,1,Internal,Completed,1,473.02,Yes
2023-06-05,3201,3,Internal,Failed,2,758.46,Yes
2022-08-30,3202,2,Internal,Passed,3,194.06,Yes
2022-09-01,3203,4,External,Passed,2,317.06,Yes
2022-08-09,3204,1,Internal,Passed,1,291.9,No
2023-06-04,3205,2,External,Incomplete,3,407.29,No
2023-04-01,3206,3,Internal,Passed,2,143.32,Yes
2023-02-17,3207,5,External,Passed,3,724.51,Yes
2023-04-03,3208,3,Internal,Passed,2,955.32,No
2023-03-06,3209,4,Internal,Incomplete,5,259.71,Yes
2022-12-31,3210,4,External,Failed,2,128.89,Yes
2022-10-13,3211,2,External,Incomplete,4,513.76,No
2023-01-20,3212,2,External,Failed,2,944.89,No
2023-04-09,3213,1,External,Passed,2,494.29,No
2023-01-25,3214,4,Internal,Incomplete,4,521.05,Yes
2023-07-06,3215,1,External,Failed,3,183.77,Yes
2023-03-17,3216,3,External,Passed,5,143.08,Yes
2023-06-09,3217,2,External,Passed,3,723.2,No
2023-01-21,3218,3,External,Incomplete,2,526.6,Yes
2023-03-28,3219,1,External,Passed,2,771.06,Yes
2022-11-11,3220,5,Internal,Failed,4,839.86,No
2023-05-11,3221,1,Internal,Failed,4,628.77,No
2022-09-25,3222,1,Internal,Completed,3,433.67,Yes
2023-03-14,3223,1,Internal,Incomplete,4,158.97,Yes
2022-09-14,3224,4,External,Completed,2,107.77,No
2023-07-26,3225,1,Internal,Completed,1,374.1,No
2023-03-01,3226,3,External,Incomplete,2,471.42,Yes
2023-01-05,3227,5,External,Incomplete,2,431.12,No
2022-08-09,3228,2,External,Passed,3,272.77,Yes
2022-12-30,3229,5,Internal,Incomplete,3,757.48,Yes
2022-10-14,3230,4,External,Completed,5,466.81,Yes
2022-10-24,3231,2,External,Failed,3,668.59,Yes
2023-06-27,3232,1,External,Failed,5,318.34,No
2022-12-28,3233,1,Internal,Incomplete,2,403.42,No
2022-11-03,3234,3,Internal,Completed,3,185.58,Yes
2023-02-08,3235,4,Internal,Failed,3,667.23,No
2022-12-17,3236,1,Internal,Completed,5,209.99,No
2023-06-12,3237,3,Internal,Failed,5,114.81,Yes
2023-02-08,3238,4,External,Incomplete,2,964.12,No
2022-10-15,3239,3,External,Passed,1,818.77,Yes
2022-10-15,3240,4,External,Passed,3,801.31,No
2022-10-14,3241,1,Internal,Completed,5,674.84,Yes
2022-10-25,3242,1,Internal,Incomplete,2,364.55,No
2022-09-20,3243,5,Internal,Completed,1,174.03,Yes
2022-12-01,3244,1,Internal,Failed,4,816.37,Yes
2023-04-29,3245,4,External,Incomplete,1,163.79,No
2023-01-31,3246,5,Internal,Failed,1,325.19,No
2023-02-26,3247,1,Internal,Completed,1,834.12,No
2023-01-28,3248,2,External,Completed,2,222.11,Yes
2023-03-08,3249,1,Internal,Failed,4,875.83,Yes
2023-02-06,3250,1,External,Completed,1,232.39,Yes
2022-11-25,3251,3,Internal,Completed,4,719.24,No
2022-11-08,3252,1,Internal,Incomplete,5,102.7,No
2023-04-21,3253,1,External,Failed,2,869.46,No
2023-05-09,3254,3,External,Failed,2,823.95,No
2022-08-07,3255,3,External,Incomplete,3,975.75,No
2023-04-01,3256,2,External,Failed,4,202.81,Yes
2023-06-24,3257,4,External,Completed,3,309.86,Yes
2023-07-16,3258,3,Internal,Completed,2,909.73,Yes
2023-01-11,3259,4,Internal,Failed,5,577.84,No
2022-12-03,3260,2,External,Failed,2,681.18,Yes
2023-04-17,3261,4,External,Failed,3,253.14,Yes
2023-05-10,3262,1,Internal,Passed,4,959.73,Yes
2023-04-11,3263,4,Internal,Passed,5,320.26,Yes
2022-09-01,3264,3,Internal,Failed,4,506.18,Yes
2022-12-07,3265,2,External,Failed,1,721.96,Yes
2022-11-17,3266,4,External,Incomplete,5,157.85,Yes
2022-10-27,3267,1,External,Incomplete,1,980.78,No
2023-06-24,3268,4,Internal,Failed,5,988.08,Yes
2023-04-11,3269,2,Internal,Passed,1,322.45,Yes
2022-10-13,3270,3,External,Passed,1,147.59,Yes
2023-03-15,3271,5,External,Passed,3,747.02,No
2023-01-30,3272,3,External,Passed,2,419.09,No
2022-11-04,3273,5,Internal,Passed,3,484.19,Yes
2022-12-07,3274,2,External,Failed,3,293.34,No
2022-11-28,3275,5,Internal,Incomplete,3,942.66,Yes
2022-08-15,3276,4,External,Completed,3,826.54,Yes
2023-03-14,3277,4,Internal,Passed,1,997.87,No
2023-03-15,3278,3,Internal,Failed,3,855.9,No
2022-10-30,3279,5,Internal,Incomplete,4,518.24,No
2022-09-24,3280,4,External,Incomplete,3,580.09,No
2023-01-23,3281,4,Internal,Passed,3,104.8,Yes
2023-05-09,3282,4,External,Failed,2,939.86,Yes
2023-03-03,3283,1,Internal,Incomplete,2,353.7,Yes
2022-10-20,3284,5,External,Incomplete,5,538.22,Yes
2023-05-07,3285,4,External,Incomplete,2,698.54,Yes
2023-05-16,3286,4,External,Completed,1,692.96,Yes
2022-08-18,3287,4,Internal,Incomplete,3,997.37,Yes
2022-12-15,3288,2,Internal,Failed,1,523.79,Yes
2023-03-31,3289,2,Internal,Completed,5,923.23,Yes
2023-01-24,3290,2,External,Completed,5,406.19,Yes
2022-10-02,3291,5,Internal,Completed,2,394.74,No
2023-01-03,3292,3,Internal,Passed,5,237.3,No
2023-01-19,3293,3,Internal,Incomplete,2,261.25,No
2023-07-09,3294,1,External,Incomplete,3,582.07,No
2022-10-04,3295,3,Internal,Passed,4,286.88,Yes
2023-07-17,3296,1,Internal,Passed,2,602.7,No
2023-05-11,3297,1,External,Incomplete,1,440.54,No
2023-04-15,3298,2,Internal,Completed,1,549.56,No
2023-04-02,3299,3,Internal,Incomplete,4,721.03,Yes
2023-04-24,3300,3,External,Incomplete,2,897.32,No
2023-02-03,3301,2,Internal,Incomplete,1,443.13,No
2023-03-16,3302,1,External,Incomplete,4,584.29,No
2023-07-19,3303,2,Internal,Incomplete,2,249.76,Yes
2023-06-15,3304,1,External,Incomplete,2,123.32,Yes
2022-12-01,3305,4,Internal,Completed,1,149.24,No
2023-01-13,3306,4,External,Incomplete,3,267.72,No
2023-01-28,3307,3,Internal,Passed,5,837.16,Yes
2023-04-05,3308,4,Internal,Passed,4,864.47,Yes
2022-09-15,3309,2,External,Completed,3,547.86,Yes
2023-07-22,3310,4,External,Incomplete,3,514.23,No
2022-12-10,3311,1,Internal,Passed,3,773.82,No
2022-11-11,3312,1,Internal,Failed,4,760.81,Yes
2023-03-30,3313,5,Internal,Failed,1,705.95,Yes
2023-06-10,3314,2,External,Incomplete,2,651.52,Yes
2023-02-03,3315,3,Internal,Incomplete,1,976.59,No
2022-08-17,3316,1,Internal,Failed,1,780.12,Yes
2022-12-20,3317,2,External,Passed,1,870.15,Yes
2022-09-16,3318,3,Internal,Incomplete,2,728.28,No
2023-06-27,3319,5,Internal,Completed,2,141.88,Yes
2022-10-16,3320,4,Internal,Completed,3,678.77,Yes
2022-08-23,3321,4,Internal,Passed,1,134.05,Yes
2023-05-11,3322,1,External,Failed,5,371.76,No
2022-09-27,3323,1,External,Incomplete,5,967.51,No
2023-06-16,3324,5,External,Failed,3,468.78,No
2023-04-17,3325,5,External,Completed,4,747.42,No
2022-11-06,3326,4,Internal,Completed,3,115.27,Yes
2023-06-04,3327,2,Internal,Incomplete,3,454.55,Yes
2022-11-26,3328,5,Internal,Failed,1,391.22,Yes
2022-12-21,3329,2,External,Incomplete,3,845.51,Yes
2023-04-22,3330,4,External,Incomplete,2,713.22,Yes
2022-08-11,3331,1,Internal,Passed,2,242.55,No
2023-02-09,3332,5,Internal,Completed,5,385.68,Yes
2023-01-05,3333,2,Internal,Passed,4,995.4,No
2022-10-23,3334,4,External,Completed,5,583.4,No
2023-03-17,3335,4,Internal,Incomplete,5,388.61,No
2023-04-02,3336,3,Internal,Incomplete,4,290.13,Yes
2023-04-28,3337,2,Internal,Failed,3,933.76,Yes
2023-06-23,3338,4,External,Incomplete,3,796.62,Yes
2023-02-02,3339,2,External,Failed,4,986.69,Yes
2023-07-09,3340,5,External,Failed,4,965.82,Yes
2023-07-19,3341,5,Internal,Failed,1,933.59,No
2022-11-15,3342,3,Internal,Failed,4,583.66,Yes
2023-07-05,3343,5,External,Failed,2,819.62,No
2022-11-20,3344,1,Internal,Failed,5,925.0,Yes
2022-12-28,3345,4,External,Incomplete,5,127.93,Yes
2022-10-27,3346,3,Internal,Incomplete,1,608.47,No
2023-01-24,3347,5,External,Incomplete,1,501.92,No
2023-04-29,3348,4,Internal,Passed,2,922.33,Yes
2022-08-31,3349,4,Internal,Incomplete,5,306.01,No
2022-09-30,3350,4,Internal,Passed,2,963.95,No
2023-02-17,3351,1,External,Incomplete,1,388.02,No
2023-04-26,3352,4,Internal,Failed,1,140.61,Yes
2023-03-14,3353,4,External,Incomplete,3,749.47,Yes
2022-11-19,3354,1,Internal,Incomplete,5,503.22,Yes
2023-06-14,3355,3,Internal,Passed,4,492.21,Yes
2022-08-08,3356,3,External,Completed,5,890.94,Yes
2023-07-12,3357,5,Internal,Failed,2,621.3,Yes
2022-08-28,3358,2,External,Failed,5,806.4,Yes
2023-04-13,3359,4,External,Passed,5,886.07,Yes
2022-12-14,3360,2,External,Passed,3,740.89,Yes
2022-11-14,3361,1,External,Passed,1,921.81,No
2023-07-31,3362,2,Internal,Passed,2,348.84,Yes
2023-05-22,3363,2,External,Completed,2,826.15,Yes
2022-12-01,3364,3,Internal,Completed,1,205.35,No
2022-08-23,3365,1,External,Incomplete,1,349.86,Yes
2022-09-20,3366,4,External,Passed,1,546.47,No
2023-06-09,3367,3,Internal,Passed,2,448.21,No
2022-11-28,3368,3,Internal,Incomplete,5,970.35,Yes
2022-10-01,3369,4,Internal,Completed,5,152.86,Yes
2023-06-06,3370,2,External,Completed,2,264.88,Yes
2022-12-01,3371,1,Internal,Passed,2,210.15,No
2023-05-05,3372,5,External,Passed,4,627.18,No
2022-12-29,3373,2,External,Incomplete,1,575.42,Yes
2022-11-27,3374,1,Internal,Completed,4,123.64,Yes
2023-06-30,3375,5,Internal,Failed,1,655.61,No
2023-02-20,3376,4,External,Incomplete,4,410.54,No
2022-10-24,3377,1,Internal,Completed,2,485.17,Yes
2023-07-08,3378,5,External,Passed,1,731.18,Yes
2023-01-12,3379,5,Internal,Failed,3,849.25,No
2022-10-26,3380,5,Internal,Incomplete,1,399.81,No
2022-08-30,3381,2,Internal,Incomplete,4,604.06,No
2023-04-14,3382,4,Internal,Failed,2,815.35,Yes
2022-11-16,3383,3,Internal,Failed,4,750.79,No
2022-11-19,3384,3,Internal,Passed,1,981.44,Yes
2023-02-10,3385,5,External,Failed,5,553.4,Yes
2022-08-26,3386,3,External,Incomplete,1,348.3,No
2022-10-16,3387,5,Internal,Completed,3,912.09,Yes
2022-11-03,3388,3,External,Failed,2,278.04,Yes
2022-10-18,3389,4,External,Completed,5,812.22,Yes
2022-11-06,3390,3,Internal,Failed,3,765.2,Yes
2023-04-01,3391,1,Internal,Incomplete,2,374.13,Yes
2023-01-23,3392,5,External,Completed,3,319.39,No
2023-07-30,3393,3,External,Passed,5,538.8,Yes
2022-09-12,3394,3,External,Incomplete,3,845.75,Yes
2022-08-24,3395,1,Internal,Failed,3,745.69,No
2023-04-15,3396,3,External,Passed,4,743.92,No
2022-10-05,3397,4,Internal,Incomplete,2,826.58,No
2022-08-24,3398,4,External,Passed,2,155.61,Yes
2022-12-01,3399,3,External,Failed,3,898.26,Yes
2023-07-21,3400,3,External,Passed,1,639.06,Yes
2023-04-25,3401,4,Internal,Passed,5,605.29,Yes
2023-07-05,3402,2,External,Incomplete,2,783.25,No
2023-06-08,3403,1,External,Completed,5,406.68,No
2023-04-10,3404,2,Internal,Incomplete,4,518.46,No
2023-04-05,3405,2,External,Completed,1,397.18,No
2023-04-27,3406,2,Internal,Incomplete,1,538.94,No
2023-02-06,3407,3,External,Incomplete,1,501.87,Yes
2022-08-13,3408,3,External,Failed,5,877.62,No
2023-07-27,3409,5,Internal,Failed,2,575.11,No
2023-03-05,3410,3,External,Failed,2,729.76,Yes
2023-05-31,3411,2,Internal,Incomplete,5,961.53,Yes
2022-10-07,3412,3,External,Incomplete,2,966.67,Yes
2023-03-20,3413,2,External,Passed,5,394.1,Yes
2023-07-23,3414,4,External,Incomplete,2,616.09,Yes
2022-09-16,3415,3,Internal,Completed,4,103.35,Yes
2023-02-18,3416,3,External,Incomplete,5,488.05,Yes
2023-03-10,3417,4,External,Incomplete,5,906.21,Yes
2023-06-15,3418,5,Internal,Completed,4,397.08,Yes
2023-05-18,3419,4,External,Passed,3,999.72,Yes
2022-12-15,3420,4,External,Passed,2,489.02,No
2023-01-22,3421,2,External,Passed,1,786.71,No
2023-03-13,3422,1,Internal,Failed,1,707.96,No
2022-10-14,3423,5,External,Completed,1,439.65,Yes
2022-08-18,3424,4,Internal,Completed,5,981.13,No
2023-05-19,3425,5,External,Completed,3,184.27,No
2023-05-02,3426,3,Internal,Failed,5,675.37,Yes
2023-07-15,3427,3,Internal,Failed,2,606.11,Yes
2022-09-12,3428,2,External,Incomplete,4,673.02,No
2022-08-13,3429,3,External,Failed,2,413.28,Yes
2022-12-15,3430,4,External,Completed,3,663.78,Yes
2023-07-13,3431,5,External,Failed,5,399.03,Yes
2023-04-18,3432,4,Internal,Passed,2,820.33,Yes
2022-08-06,3433,2,External,Passed,5,295.08,Yes
2022-10-07,3434,3,Internal,Passed,3,790.15,Yes
2023-07-19,3435,2,Internal,Passed,3,798.4,Yes
2023-04-09,3436,3,Internal,Failed,5,192.61,Yes
2022-10-20,3437,5,Internal,Failed,1,455.68,No
2022-10-05,3438,5,Internal,Failed,2,208.17,No
2023-03-09,3439,5,External,Incomplete,1,421.07,No
2023-05-29,3440,1,External,Failed,1,649.03,No
2023-01-08,3441,4,Internal,Passed,4,450.2,Yes
2023-03-06,3442,4,External,Failed,4,286.87,No
2023-02-18,3443,5,External,Failed,3,402.13,Yes
2022-11-02,3444,5,External,Failed,2,388.84,No
2023-07-14,3445,4,External,Completed,2,879.64,Yes
2022-12-11,3446,5,Internal,Failed,5,701.13,Yes
2023-04-02,3447,2,Internal,Incomplete,3,353.21,Yes
2023-05-16,3448,1,Internal,Completed,4,911.05,No
2022-10-02,3449,1,External,Completed,3,242.21,No
2023-01-12,3450,5,Internal,Completed,4,186.07,No
2023-03-22,3451,5,External,Completed,1,921.97,No
2022-09-13,3452,2,Internal,Failed,1,691.04,No
2022-08-25,3453,2,External,Completed,5,964.44,No
2023-02-07,3454,1,Internal,Passed,3,184.9,Yes
2023-03-17,3455,4,External,Passed,1,220.41,No
2023-06-08,3456,5,External,Passed,2,336.82,Yes
2023-04-15,3457,2,External,Completed,4,485.73,Yes
2022-12-02,3458,1,Internal,Failed,2,409.27,Yes
2023-06-14,3459,1,Internal,Passed,4,168.32,No
2023-07-08,3460,1,External,Incomplete,5,919.52,Yes
2023-01-05,3461,5,External,Completed,2,948.43,No
2023-07-19,3462,4,External,Completed,1,320.01,No
2022-08-29,3463,5,Internal,Incomplete,4,926.19,No
2022-11-13,3464,2,External,Passed,2,290.47,No
2023-06-04,3465,1,External,Incomplete,1,706.1,Yes
2022-12-07,3466,2,External,Passed,3,447.66,Yes
2023-02-24,3467,5,Internal,Incomplete,1,759.7,Yes
2023-05-10,3468,2,Internal,Completed,3,180.63,Yes
2022-08-15,3469,1,Internal,Failed,2,552.54,Yes
2022-09-26,3470,4,External,Passed,1,986.96,No
2023-03-23,3471,2,External,Passed,3,109.98,Yes
2023-02-12,3472,5,External,Completed,5,537.24,Yes
2022-12-06,3473,1,External,Failed,5,789.99,No
2022-09-01,3474,2,External,Incomplete,5,155.51,Yes
2022-11-02,3475,2,Internal,Passed,2,648.76,Yes
2022-11-18,3476,3,Internal,Incomplete,4,533.5,No
2022-11-07,3477,3,External,Failed,5,429.48,Yes
2022-10-05,3478,5,External,Incomplete,1,526.74,No
2023-01-18,3479,1,Internal,Passed,3,443.45,Yes
2023-03-02,3480,3,External,Failed,1,887.15,No
2023-05-29,3481,5,External,Incomplete,5,758.95,No
2023-03-03,3482,5,Internal,Failed,1,627.11,No
2022-08-10,3483,4,External,Passed,4,111.96,Yes
2023-06-27,3484,4,External,Passed,1,795.7,Yes
2022-08-07,3485,2,Internal,Passed,2,796.45,Yes
2023-07-23,3486,4,Internal,Completed,5,812.59,No
2023-07-17,3487,4,External,Completed,5,132.97,Yes
2022-09-20,3488,1,Internal,Completed,1,308.19,Yes
2023-07-02,3489,4,Internal,Passed,1,131.41,Yes
2023-07-19,3490,5,Internal,Failed,3,389.59,Yes
2023-07-14,3491,4,Internal,Incomplete,3,442.56,Yes
2022-09-06,3492,4,Internal,Incomplete,3,327.66,Yes
2023-02-19,3493,4,Internal,Completed,3,400.95,Yes
2023-02-11,3494,5,Internal,Completed,2,910.45,Yes
2022-12-21,3495,2,External,Passed,1,701.55,No
2023-02-16,3496,4,Internal,Incomplete,1,806.87,Yes
2023-03-11,3497,1,Internal,Completed,2,184.21,Yes
2023-05-30,3498,4,External,Failed,1,208.43,Yes
2023-01-30,3499,5,Internal,Incomplete,2,762.45,No
2023-06-15,3500,3,External,Incomplete,4,779.79,No
2023-06-09,3501,4,External,Passed,3,135.95,No
2023-01-03,3502,2,External,Incomplete,3,427.12,Yes
2023-02-20,3503,5,Internal,Completed,4,996.35,Yes
2023-06-02,3504,1,Internal,Completed,5,963.23,Yes
2022-09-13,3505,3,Internal,Failed,5,260.97,Yes
2023-05-21,3506,3,Internal,Completed,1,781.81,No
2023-05-25,3507,4,Internal,Passed,4,651.77,No
2023-04-04,3508,1,External,Completed,1,568.22,Yes
2023-03-04,3509,3,External,Completed,4,612.1,Yes
2022-10-27,3510,5,External,Completed,4,473.23,Yes
2023-04-07,3511,5,Internal,Completed,3,344.44,No
2022-11-25,3512,1,Internal,Failed,2,206.44,No
2023-06-03,3513,1,External,Completed,1,599.0,No
2023-02-21,3514,3,Internal,Incomplete,3,975.46,Yes
2023-02-04,3515,2,Internal,Completed,1,143.96,No
2023-06-22,3516,5,Internal,Incomplete,1,570.42,No
2022-09-17,3517,5,Internal,Failed,3,391.31,Yes
2023-06-27,3518,2,Internal,Completed,3,826.58,No
2022-12-11,3519,3,External,Incomplete,4,930.69,No
2022-09-11,3520,2,External,Incomplete,1,607.93,Yes
2023-02-28,3521,1,Internal,Incomplete,5,723.5,Yes
2023-05-05,3522,1,External,Completed,5,394.04,Yes
2023-07-10,3523,3,External,Incomplete,2,451.18,No
2023-01-02,3524,1,Internal,Completed,5,124.65,No
2022-10-09,3525,3,External,Incomplete,4,237.75,Yes
2022-10-15,3526,2,Internal,Passed,2,360.5,Yes
2023-01-06,3527,4,Internal,Failed,4,396.28,No
2023-03-02,3528,5,External,Passed,1,465.96,Yes
2022-09-04,3529,4,Internal,Incomplete,1,515.56,No
2023-01-18,3530,2,External,Passed,2,496.85,Yes
2022-11-30,3531,3,External,Completed,3,629.46,No
2023-05-02,3532,5,Internal,Failed,2,771.61,Yes
2023-05-11,3533,3,Internal,Completed,4,418.4,Yes
2023-05-21,3534,2,Internal,Completed,3,900.96,Yes
2023-06-25,3535,5,External,Incomplete,1,936.96,No
2022-11-23,3536,3,External,Passed,5,269.03,Yes
2023-02-06,3537,3,Internal,Completed,4,853.77,Yes
2022-10-06,3538,5,Internal,Failed,4,141.07,No
2023-03-17,3539,4,External,Failed,4,234.77,Yes
2022-10-26,3540,1,External,Incomplete,2,903.46,No
2023-05-22,3541,2,External,Passed,4,380.3,Yes
2022-08-22,3542,4,Internal,Failed,4,511.42,No
2023-05-21,3543,1,External,Passed,4,171.03,Yes
2023-05-02,3544,3,External,Passed,3,842.93,No
2023-05-04,3545,2,External,Incomplete,5,581.12,Yes
2022-11-21,3546,4,External,Passed,4,426.45,Yes
2023-04-24,3547,5,External,Failed,4,805.05,Yes
2022-08-16,3548,3,External,Passed,3,368.8,Yes
2022-11-02,3549,1,External,Failed,5,788.67,No
2023-04-09,3550,4,Internal,Completed,4,363.11,No
2022-10-27,3551,1,External,Incomplete,1,570.13,Yes
2022-11-26,3552,3,External,Failed,4,480.87,No
2022-12-11,3553,4,Internal,Incomplete,5,689.48,Yes
2023-06-05,3554,4,Internal,Completed,4,283.33,Yes
2023-03-04,3555,3,External,Passed,4,566.12,Yes
2023-02-11,3556,2,Internal,Incomplete,1,513.92,No
2023-02-04,3557,4,External,Failed,1,210.38,Yes
2023-07-18,3558,5,Internal,Completed,1,941.54,Yes
2022-11-30,3559,4,External,Failed,2,959.81,No
2023-05-22,3560,5,External,Passed,1,738.92,Yes
2022-09-07,3561,5,External,Failed,5,445.04,No
2023-01-02,3562,4,External,Failed,3,808.05,Yes
2023-04-06,3563,3,External,Passed,4,886.9,Yes
2022-12-10,3564,5,External,Incomplete,4,106.14,No
2023-05-06,3565,4,External,Passed,4,684.35,Yes
2022-09-05,3566,1,Internal,Failed,2,578.81,Yes
2023-06-09,3567,2,Internal,Completed,5,764.51,Yes
2022-08-23,3568,4,Internal,Incomplete,2,201.76,No
2022-11-09,3569,5,External,Incomplete,4,730.04,No
2023-03-29,3570,4,External,Failed,2,796.88,No
2023-08-04,3571,4,External,Completed,3,834.44,No
2023-05-19,3572,3,Internal,Failed,5,569.17,No
2022-10-06,3573,2,Internal,Completed,4,386.07,No
2022-09-05,3574,2,Internal,Completed,1,309.56,No
2022-12-12,3575,5,Internal,Incomplete,3,583.21,No
2023-02-02,3576,4,External,Completed,5,398.65,Yes
2023-01-26,3577,1,Internal,Passed,5,931.46,Yes
2022-12-01,3578,4,External,Completed,5,115.06,Yes
2023-04-27,3579,1,External,Failed,2,199.82,Yes
2022-11-04,3580,1,Internal,Failed,5,940.2,Yes
2023-01-29,3581,1,External,Completed,1,122.07,Yes
2022-09-09,3582,1,Internal,Completed,4,875.02,No
2023-03-18,3583,1,Internal,Incomplete,4,116.4,No
2022-12-15,3584,5,External,Passed,5,341.78,Yes
2023-02-14,3585,1,Internal,Completed,4,107.48,Yes
2022-09-30,3586,1,External,Completed,1,502.7,No
2023-03-22,3587,3,External,Completed,5,570.04,No
2023-03-23,3588,1,External,Passed,1,538.83,No
2023-01-07,3589,1,Internal,Incomplete,4,881.8,Yes
2023-04-02,3590,3,External,Completed,1,274.33,No
2023-03-01,3591,2,Internal,Failed,1,247.01,Yes
2023-01-30,3592,3,External,Incomplete,1,734.68,No
2023-06-15,3593,4,Internal,Incomplete,3,258.07,Yes
2023-05-05,3594,3,Internal,Passed,5,472.64,Yes
2023-02-21,3595,5,External,Passed,2,252.88,No
2022-12-14,3596,5,Internal,Incomplete,2,289.68,Yes
2023-03-03,3597,5,External,Incomplete,4,505.59,No
2022-10-11,3598,5,Internal,Passed,3,373.87,Yes
2023-03-02,3599,3,Internal,Completed,5,918.86,Yes
2022-11-01,3600,3,Internal,Passed,4,299.7,Yes
2023-01-03,3601,4,External,Completed,1,865.58,Yes
2023-04-09,3602,5,External,Incomplete,1,632.59,Yes
2022-10-02,3603,5,External,Incomplete,3,680.48,No
2023-03-23,3604,4,External,Failed,3,287.71,No
2022-11-17,3605,1,External,Passed,2,102.92,Yes
2022-10-31,3606,4,Internal,Passed,2,255.6,Yes
2023-05-04,3607,2,External,Passed,4,321.91,No
2023-03-14,3608,4,External,Completed,3,834.12,Yes
2022-09-23,3609,2,Internal,Passed,4,273.88,Yes
2023-02-15,3610,2,Internal,Incomplete,4,217.57,Yes
2023-01-07,3611,2,Internal,Completed,1,482.09,Yes
2023-07-03,3612,3,External,Failed,2,614.11,Yes
2022-10-08,3613,2,Internal,Incomplete,1,354.22,Yes
2023-06-04,3614,3,External,Passed,3,868.85,No
2022-12-17,3615,1,Internal,Passed,4,701.34,No
2023-01-30,3616,2,Internal,Incomplete,4,134.93,Yes
2023-04-09,3617,2,Internal,Completed,5,531.1,Yes
2022-12-26,3618,3,External,Passed,3,609.3,No
2022-11-10,3619,4,Internal,Passed,2,656.68,No
2022-12-20,3620,5,Internal,Completed,3,654.22,No
2023-07-15,3621,3,External,Passed,3,879.89,Yes
2023-05-11,3622,4,External,Completed,1,977.23,No
2023-08-03,3623,4,External,Completed,2,763.37,Yes
2023-04-05,3624,1,External,Passed,5,962.13,Yes
2023-03-26,3625,5,External,Incomplete,2,617.27,No
2022-09-25,3626,1,Internal,Failed,2,559.78,Yes
2022-08-30,3627,3,Internal,Incomplete,5,113.89,Yes
2022-09-25,3628,3,Internal,Incomplete,4,858.62,Yes
2023-07-30,3629,5,Internal,Incomplete,1,343.76,No
2022-09-24,3630,5,Internal,Failed,5,507.58,Yes
2023-04-10,3631,2,Internal,Completed,1,691.12,No
2023-06-23,3632,5,Internal,Completed,2,174.85,No
2022-12-01,3633,1,Internal,Incomplete,3,699.39,Yes
2022-09-15,3634,5,External,Incomplete,3,254.68,No
2023-06-13,3635,5,External,Failed,2,534.55,Yes
2022-08-26,3636,1,External,Passed,3,795.72,Yes
2023-03-21,3637,4,External,Completed,4,977.23,Yes
2023-01-01,3638,2,Internal,Completed,3,370.79,No
2023-03-30,3639,1,External,Completed,3,160.86,No
2023-01-31,3640,1,External,Passed,1,699.48,Yes
2023-07-28,3641,3,Internal,Passed,3,831.52,No
2022-11-20,3642,1,Internal,Completed,1,234.74,No
2023-03-27,3643,3,Internal,Completed,4,712.43,Yes
2023-02-06,3644,5,Internal,Incomplete,1,504.66,Yes
2023-05-06,3645,3,External,Incomplete,5,398.36,Yes
2023-07-22,3646,1,External,Failed,4,533.61,Yes
2022-08-10,3647,5,Internal,Completed,4,199.55,No
2023-02-26,3648,3,Internal,Completed,2,325.78,Yes
2022-12-18,3649,3,External,Completed,4,336.33,Yes
2023-01-09,3650,1,External,Passed,4,242.71,No
2023-05-14,3651,3,Internal,Failed,4,651.28,Yes
2023-01-31,3652,1,External,Incomplete,3,962.45,No
2023-01-20,3653,2,External,Failed,1,791.72,Yes
2023-04-11,3654,4,Internal,Incomplete,4,553.86,Yes
2023-01-04,3655,5,External,Passed,1,735.72,No
2023-06-14,3656,4,Internal,Failed,4,867.03,Yes
2023-05-26,3657,4,External,Incomplete,1,710.14,Yes
2022-08-18,3658,3,External,Incomplete,2,799.88,No
2023-01-27,3659,3,External,Passed,5,242.87,No
2023-05-19,3660,3,Internal,Passed,4,849.77,Yes
2023-05-06,3661,2,External,Passed,2,471.5,No
2023-05-20,3662,2,Internal,Passed,1,535.93,No
2023-03-22,3663,5,Internal,Passed,3,816.64,No
2023-03-14,3664,1,Internal,Incomplete,1,210.44,No
2023-01-09,3665,4,Internal,Passed,3,752.33,Yes
2023-08-02,3666,4,Internal,Completed,3,343.52,No
2023-02-03,3667,3,Internal,Completed,3,860.31,Yes
2022-11-28,3668,2,External,Completed,4,265.55,No
2023-08-03,3669,4,Internal,Completed,1,183.85,No
2022-09-25,3670,4,External,Completed,5,942.09,Yes
2023-01-20,3671,1,External,Passed,4,381.94,No
2022-08-29,3672,4,External,Failed,1,358.73,Yes
2023-03-21,3673,2,External,Passed,3,578.02,No
2022-11-08,3674,4,Internal,Completed,2,223.29,No
2022-09-07,3675,2,Internal,Passed,5,992.37,Yes
2023-02-10,3676,2,Internal,Failed,5,113.48,Yes
2022-10-05,3677,3,External,Incomplete,4,882.2,Yes
2022-09-06,3678,2,Internal,Incomplete,2,288.16,Yes
2023-01-16,3679,3,External,Completed,1,815.52,Yes
2023-05-15,3680,3,Internal,Completed,4,461.06,Yes
2023-03-22,3681,2,External,Incomplete,2,580.16,Yes
2022-10-17,3682,1,External,Incomplete,3,336.69,No
2022-12-28,3683,4,Internal,Completed,1,990.69,No
2022-10-29,3684,1,Internal,Completed,2,939.39,Yes
2023-01-06,3685,3,External,Passed,1,941.12,No
2023-07-05,3686,4,Internal,Incomplete,3,878.11,No
2022-12-26,3687,2,External,Incomplete,3,614.53,Yes
2022-11-26,3688,2,Internal,Failed,4,269.88,No
2023-02-25,3689,1,External,Passed,1,734.94,Yes
2023-04-03,3690,5,Internal,Completed,5,589.5,No
2023-03-06,3691,3,Internal,Completed,3,311.28,Yes
2023-03-29,3692,5,Internal,Passed,5,671.88,Yes
2023-01-24,3693,4,External,Completed,1,861.5,No
2023-05-19,3694,3,External,Completed,2,649.18,No
2023-01-08,3695,4,External,Failed,4,492.2,No
2023-01-13,3696,5,Internal,Passed,2,299.59,Yes
2023-04-24,3697,5,Internal,Failed,2,982.33,Yes
2022-12-24,3698,3,External,Passed,2,830.36,No
2022-08-19,3699,2,External,Passed,1,973.34,No
2023-02-25,3700,4,Internal,Failed,4,667.34,Yes
2022-08-21,3701,1,Internal,Failed,4,480.17,Yes
2023-02-15,3702,3,External,Failed,3,346.28,Yes
2022-12-27,3703,1,External,Completed,3,121.45,No
2022-10-07,3704,5,External,Incomplete,2,669.3,No
2023-04-17,3705,5,Internal,Completed,5,983.59,No
2023-06-07,3706,2,Internal,Completed,1,304.9,Yes
2022-12-24,3707,3,External,Passed,3,778.72,Yes
2023-01-03,3708,2,External,Passed,4,136.15,No
2023-04-07,3709,3,Internal,Incomplete,4,339.84,Yes
2023-06-02,3710,3,External,Completed,1,791.78,Yes
2022-10-19,3711,3,External,Incomplete,5,853.26,Yes
2022-10-31,3712,4,Internal,Incomplete,4,214.12,No
2023-05-17,3713,2,External,Incomplete,5,235.82,Yes
2023-05-18,3714,3,Internal,Passed,5,448.57,Yes
2023-01-11,3715,3,External,Incomplete,3,572.56,Yes
2023-03-07,3716,4,Internal,Incomplete,4,959.78,No
2022-08-22,3717,1,External,Passed,3,363.02,No
2023-05-02,3718,1,Internal,Completed,2,325.7,No
2022-10-08,3719,4,Internal,Incomplete,3,727.75,Yes
2022-09-23,3720,4,Internal,Passed,2,845.21,No
2022-12-22,3721,5,External,Incomplete,4,327.82,No
2023-01-15,3722,1,Internal,Passed,1,512.55,No
2022-09-06,3723,1,Internal,Completed,1,457.17,No
2023-06-28,3724,1,Internal,Incomplete,4,573.33,No
2023-05-23,3725,2,External,Failed,3,135.18,Yes
2023-01-13,3726,1,External,Failed,3,911.12,No
2023-05-02,3727,4,Internal,Incomplete,5,693.8,Yes
2023-07-10,3728,2,Internal,Completed,5,419.79,Yes
2022-12-12,3729,2,External,Failed,1,693.56,Yes
2022-08-29,3730,3,External,Incomplete,1,161.47,Yes
2023-05-02,3731,4,External,Passed,5,773.63,No
2022-12-09,3732,5,Internal,Incomplete,5,695.42,Yes
2023-06-04,3733,1,Internal,Incomplete,1,246.16,No
2023-03-05,3734,1,Internal,Failed,2,702.69,Yes
2022-10-25,3735,5,External,Failed,1,473.1,Yes
2022-10-25,3736,4,Internal,Incomplete,2,119.82,Yes
2022-11-17,3737,2,External,Failed,1,157.8,Yes
2022-09-01,3738,5,Internal,Completed,3,791.98,Yes
2022-08-19,3739,2,External,Incomplete,5,752.97,No
2022-09-11,3740,3,External,Completed,5,916.21,No
2022-10-05,3741,4,External,Completed,2,751.04,No
2023-04-22,3742,1,Internal,Passed,3,620.63,Yes
2022-11-17,3743,3,Internal,Passed,3,439.3,Yes
2023-05-23,3744,1,Internal,Completed,1,716.39,Yes
2022-10-11,3745,5,External,Failed,5,300.33,No
2023-02-22,3746,4,Internal,Passed,3,337.15,Yes
2022-10-18,3747,3,External,Failed,5,725.6,Yes
2022-12-23,3748,2,Internal,Failed,5,588.88,Yes
2022-09-28,3749,5,External,Passed,4,742.98,Yes
2022-09-27,3750,4,External,Passed,5,283.05,Yes
2022-11-10,3751,2,Internal,Incomplete,4,511.13,Yes
2023-05-31,3752,1,Internal,Completed,1,158.86,Yes
2022-09-19,3753,4,External,Failed,1,741.95,No
2023-03-08,3754,5,External,Incomplete,4,132.52,No
2023-06-27,3755,2,Internal,Completed,1,736.19,No
2023-03-27,3756,5,External,Failed,4,521.51,Yes
2022-10-21,3757,5,Internal,Incomplete,2,132.09,Yes
2023-01-16,3758,3,Internal,Failed,4,917.17,Yes
2022-08-11,3759,4,Internal,Completed,2,790.71,Yes
2022-11-28,3760,5,External,Passed,1,680.48,Yes
2022-08-18,3761,2,External,Failed,1,947.57,No
2023-06-15,3762,4,Internal,Failed,2,594.61,Yes
2022-11-13,3763,5,External,Incomplete,1,775.59,No
2022-08-30,3764,1,External,Incomplete,2,239.16,Yes
2022-11-25,3765,2,Internal,Completed,5,275.94,Yes
2023-03-27,3766,5,Internal,Incomplete,4,466.32,No
2022-10-12,3767,3,Internal,Completed,4,840.46,No
2023-01-04,3768,3,Internal,Completed,3,145.76,Yes
2022-10-12,3769,4,Internal,Incomplete,2,647.7,Yes
2023-07-05,3770,4,Internal,Incomplete,2,536.2,No
2023-03-26,3771,1,Internal,Incomplete,5,769.97,Yes
2023-01-01,3772,1,External,Completed,1,894.66,No
2022-11-15,3773,4,External,Failed,2,374.02,No
2023-02-04,3774,3,Internal,Passed,5,569.42,No
2022-11-14,3775,2,Internal,Completed,1,172.82,Yes
2023-02-05,3776,4,Internal,Completed,4,585.84,No
2022-10-13,3777,4,External,Completed,1,759.38,Yes
2022-09-13,3778,2,Internal,Completed,5,341.74,No
2023-05-29,3779,4,External,Incomplete,3,733.04,No
2023-08-02,3780,2,Internal,Failed,2,658.27,No
2023-07-11,3781,2,External,Incomplete,1,124.77,No
2022-12-11,3782,5,Internal,Passed,5,506.4,No
2023-01-25,3783,5,External,Completed,5,851.24,Yes
2022-10-12,3784,1,Internal,Completed,2,671.12,Yes
2022-10-01,3785,4,External,Passed,1,257.8,Yes
2023-04-17,3786,3,External,Failed,4,280.06,No
2023-04-26,3787,4,External,Passed,4,140.03,Yes
2023-03-21,3788,2,External,Completed,2,796.95,No
2022-10-26,3789,5,External,Incomplete,1,997.38,Yes
2023-03-18,3790,1,External,Completed,2,676.95,No
2023-02-12,3791,3,External,Failed,2,348.89,Yes
2022-09-09,3792,4,External,Passed,1,385.62,No
2022-11-24,3793,4,Internal,Completed,2,552.67,Yes
2023-04-17,3794,1,External,Failed,2,645.11,Yes
2023-01-25,3795,4,External,Passed,1,954.02,Yes
2023-07-03,3796,5,External,Incomplete,5,255.74,No
2023-03-09,3797,5,External,Completed,2,279.38,Yes
2022-08-22,3798,4,External,Passed,5,303.44,Yes
2022-08-07,3799,1,Internal,Incomplete,4,809.38,No
2022-10-14,3800,2,Internal,Completed,4,886.12,Yes
2023-04-01,3801,3,External,Incomplete,2,125.88,Yes
2023-01-24,3802,3,Internal,Passed,1,493.72,Yes
2023-02-12,3803,4,External,Passed,4,993.68,No
2023-02-15,3804,2,External,Incomplete,4,414.55,Yes
2022-08-31,3805,1,External,Incomplete,1,391.88,Yes
2022-09-09,3806,2,External,Passed,4,600.64,Yes
2023-03-26,3807,1,External,Passed,1,997.74,No
2023-01-25,3808,5,External,Passed,4,254.26,No
2022-10-21,3809,5,External,Incomplete,3,786.62,No
2022-12-21,3810,1,External,Completed,3,189.7,Yes
2023-05-15,3811,5,External,Completed,2,484.02,No
2023-06-02,3812,1,Internal,Failed,5,299.74,No
2023-07-21,3813,5,Internal,Failed,1,169.79,Yes
2023-07-09,3814,1,Internal,Failed,5,655.68,No
2023-02-05,3815,4,Internal,Failed,1,910.09,Yes
2022-12-20,3816,1,External,Passed,5,912.1,Yes
2023-03-07,3817,2,Internal,Incomplete,4,456.65,No
2022-11-07,3818,3,External,Incomplete,4,313.5,No
2022-12-29,3819,3,Internal,Incomplete,3,906.45,Yes
2022-08-19,3820,4,External,Incomplete,2,333.8,No
2022-11-30,3821,4,External,Passed,2,866.63,Yes
2022-12-08,3822,5,Internal,Incomplete,5,357.58,No
2022-09-21,3823,1,External,Completed,4,516.9,No
2022-10-18,3824,3,Internal,Completed,5,200.23,Yes
2022-09-24,3825,3,Internal,Completed,1,728.77,No
2022-11-21,3826,1,Internal,Completed,4,286.12,No
2023-02-01,3827,1,Internal,Failed,5,997.15,Yes
2023-06-13,3828,3,External,Failed,2,984.63,Yes
2022-10-24,3829,4,External,Incomplete,5,233.67,No
2023-03-15,3830,5,Internal,Completed,3,142.42,Yes
2023-03-22,3831,4,Internal,Failed,2,784.73,Yes
2023-01-10,3832,3,Internal,Incomplete,4,770.38,No
2023-06-23,3833,3,External,Completed,2,409.16,No
2023-01-04,3834,5,External,Passed,1,700.53,No
2022-11-05,3835,2,External,Failed,3,439.63,Yes
2023-04-29,3836,5,External,Incomplete,3,830.78,Yes
2023-02-22,3837,1,Internal,Failed,3,320.34,No
2023-04-19,3838,1,Internal,Failed,2,510.23,No
2023-06-12,3839,1,External,Failed,4,403.0,Yes
2022-11-06,3840,5,External,Failed,4,170.61,No
2023-01-24,3841,2,External,Passed,4,872.91,Yes
2022-09-22,3842,4,Internal,Completed,5,584.99,No
2023-08-04,3843,5,External,Passed,2,582.09,No
2023-07-09,3844,4,External,Failed,5,603.67,No
2022-08-17,3845,4,Internal,Passed,5,546.24,Yes
2023-04-11,3846,3,Internal,Incomplete,4,607.97,Yes
2023-03-28,3847,5,Internal,Completed,4,130.59,No
2022-11-18,3848,1,Internal,Incomplete,2,443.56,Yes
2023-03-15,3849,3,External,Passed,3,436.47,Yes
2022-11-01,3850,1,Internal,Completed,1,355.75,No
2023-01-21,3851,4,Internal,Failed,3,982.51,No
2023-03-28,3852,5,External,Completed,3,372.76,No
2022-10-06,3853,3,External,Failed,3,348.22,Yes
2022-10-17,3854,1,External,Incomplete,5,913.62,No
2022-10-02,3855,1,External,Passed,1,157.94,No
2023-07-12,3856,5,External,Completed,4,527.6,No
2023-07-24,3857,3,External,Completed,1,601.2,No
2023-06-13,3858,4,External,Failed,4,478.88,Yes
2023-06-05,3859,1,External,Completed,1,838.69,No
2022-10-10,3860,5,Internal,Completed,4,389.63,No
2023-04-29,3861,4,Internal,Passed,1,911.36,Yes
2022-09-22,3862,1,Internal,Passed,3,603.03,Yes
2022-09-16,3863,3,Internal,Incomplete,5,274.98,Yes
2022-11-02,3864,3,External,Incomplete,4,976.03,No
2022-11-03,3865,4,External,Completed,2,399.26,No
2022-12-04,3866,2,Internal,Incomplete,4,993.08,No
2022-09-07,3867,1,External,Failed,4,540.57,Yes
2022-09-27,3868,4,Internal,Completed,3,272.58,Yes
2023-03-19,3869,4,External,Completed,2,905.51,No
2023-03-10,3870,5,External,Completed,1,919.25,No
2023-04-15,3871,5,External,Completed,5,979.98,Yes
2023-02-26,3872,1,Internal,Completed,3,499.86,No
2023-03-10,3873,4,Internal,Completed,3,598.22,Yes
2022-10-03,3874,4,External,Passed,2,421.93,Yes
2023-06-10,3875,3,External,Incomplete,2,860.22,Yes
2022-11-10,3876,3,External,Failed,1,946.23,Yes
2023-06-04,3877,1,External,Passed,1,888.55,No
2022-12-28,3878,2,Internal,Passed,5,749.69,No
2023-04-11,3879,4,Internal,Incomplete,2,613.95,No
2022-09-25,3880,1,Internal,Completed,3,934.92,No
2022-10-25,3881,4,External,Failed,3,170.61,Yes
2023-06-02,3882,2,Internal,Completed,2,654.09,Yes
2023-07-05,3883,1,Internal,Incomplete,2,842.6,No
2022-09-17,3884,2,External,Passed,1,789.88,Yes
2022-08-19,3885,1,External,Failed,2,324.81,Yes
2022-11-28,3886,5,External,Passed,4,298.1,Yes
2023-07-25,3887,1,External,Failed,1,181.23,No
2022-12-21,3888,4,Internal,Completed,4,287.18,No
2023-08-02,3889,5,External,Incomplete,1,292.8,No
2023-01-08,3890,4,External,Completed,4,596.62,Yes
2023-04-08,3891,3,External,Passed,5,774.74,Yes
2022-10-10,3892,5,External,Completed,5,894.59,No
2022-09-16,3893,3,External,Failed,1,242.36,No
2022-12-02,3894,3,External,Failed,4,533.27,No
2023-04-22,3895,5,External,Completed,1,983.77,No
2023-04-06,3896,5,Internal,Passed,4,293.64,No
2023-08-04,3897,5,Internal,Incomplete,3,380.61,No
2022-11-21,3898,5,Internal,Failed,4,942.24,Yes
2022-09-23,3899,2,Internal,Failed,2,662.56,No
2023-05-02,3900,5,Internal,Passed,5,143.21,No
2023-05-11,3901,2,External,Failed,1,876.73,Yes
2023-01-11,3902,3,External,Failed,4,768.05,No
2023-06-01,3903,1,External,Incomplete,4,153.15,Yes
2023-06-17,3904,4,External,Passed,5,339.73,Yes
2022-12-18,3905,4,Internal,Failed,3,233.22,No
2023-02-19,3906,4,Internal,Completed,2,735.44,Yes
2022-12-06,3907,5,External,Incomplete,3,281.7,Yes
2022-09-20,3908,4,External,Failed,1,489.69,No
2023-01-04,3909,4,Internal,Failed,4,436.23,No
2023-05-07,3910,3,External,Incomplete,5,248.85,No
2022-09-09,3911,2,External,Failed,5,395.22,Yes
2022-08-09,3912,3,External,Passed,4,615.7,No
2022-11-28,3913,5,Internal,Failed,4,387.35,No
2023-02-24,3914,3,Internal,Failed,1,559.86,No
2023-04-01,3915,3,External,Completed,2,602.21,Yes
2023-03-16,3916,1,External,Passed,4,343.6,Yes
2023-03-28,3917,4,Internal,Failed,3,328.89,Yes
2022-10-10,3918,1,External,Completed,3,701.83,Yes
2023-07-28,3919,2,External,Completed,5,229.03,Yes
2023-06-04,3920,2,Internal,Failed,3,809.39,No
2023-06-04,3921,2,External,Completed,5,393.54,No
2023-03-18,3922,1,External,Incomplete,1,629.74,Yes
2022-12-27,3923,4,External,Failed,2,378.39,Yes
2022-09-08,3924,2,External,Passed,2,715.98,Yes
2023-02-12,3925,3,Internal,Failed,1,386.55,No
2023-07-25,3926,2,Internal,Incomplete,2,449.35,Yes
2023-03-05,3927,2,External,Completed,2,878.67,No
2022-09-11,3928,3,Internal,Failed,1,799.99,No
2023-07-11,3929,5,Internal,Failed,3,617.52,Yes
2023-05-30,3930,3,External,Failed,5,522.86,Yes
2022-11-12,3931,2,External,Failed,5,685.82,Yes
2023-02-27,3932,5,Internal,Completed,5,898.93,Yes
2022-08-23,3933,1,Internal,Incomplete,1,559.55,No
2023-02-16,3934,4,Internal,Completed,5,219.78,No
2023-07-16,3935,2,Internal,Passed,5,223.6,Yes
2023-05-14,3936,1,Internal,Completed,4,283.29,No
2023-04-02,3937,1,Internal,Completed,2,935.28,Yes
2023-07-30,3938,5,External,Completed,2,892.83,Yes
2023-05-18,3939,5,Internal,Passed,4,318.19,Yes
2022-08-11,3940,4,External,Failed,5,305.31,Yes
2022-09-13,3941,4,External,Incomplete,5,756.43,Yes
2023-01-28,3942,2,External,Completed,5,940.22,No
2023-05-15,3943,1,External,Failed,3,282.37,No
2022-08-19,3944,5,External,Completed,1,627.14,Yes
2022-08-29,3945,1,External,Incomplete,2,864.5,Yes
2023-07-15,3946,3,External,Passed,4,981.64,Yes
2023-01-14,3947,4,Internal,Failed,3,456.02,No
2023-04-02,3948,3,External,Passed,5,350.68,Yes
2023-06-03,3949,1,Internal,Incomplete,2,843.66,Yes
2023-04-22,3950,5,Internal,Completed,2,119.24,No
2023-04-08,3951,4,Internal,Completed,5,532.41,No
2023-07-16,3952,4,External,Incomplete,5,625.95,Yes
2023-05-31,3953,2,Internal,Passed,2,779.08,Yes
2023-05-11,3954,3,External,Completed,1,497.09,Yes
2023-03-14,3955,5,External,Failed,1,762.36,Yes
2022-10-21,3956,2,External,Failed,4,611.15,Yes
2023-06-22,3957,1,Internal,Passed,3,724.95,Yes
2022-12-21,3958,5,Internal,Completed,5,332.9,Yes
2023-01-30,3959,1,Internal,Incomplete,5,116.9,Yes
2023-03-19,3960,1,External,Completed,1,430.46,Yes
2023-02-05,3961,3,Internal,Passed,5,881.61,No
2022-11-04,3962,2,Internal,Failed,3,454.92,Yes
2023-04-15,3963,2,External,Completed,2,381.88,Yes
2023-06-08,3964,4,Internal,Completed,5,639.13,No
2023-06-20,3965,5,Internal,Completed,4,198.58,Yes
2022-10-13,3966,2,External,Failed,2,726.74,No
2023-05-16,3967,2,External,Failed,4,683.96,No
2022-12-02,3968,5,External,Completed,3,891.63,Yes
2023-03-01,3969,5,Internal,Failed,4,701.87,Yes
2023-02-25,3970,5,Internal,Incomplete,4,216.73,Yes
2022-08-16,3971,4,External,Passed,5,482.47,Yes
2023-04-25,3972,3,External,Incomplete,5,853.57,Yes
2022-11-14,3973,3,Internal,Passed,1,202.97,Yes
2023-04-27,3974,1,Internal,Passed,1,487.4,No
2023-05-08,3975,3,External,Completed,2,669.81,No
2023-04-22,3976,3,Internal,Completed,1,645.02,Yes
2022-10-13,3977,5,External,Completed,2,157.4,Yes
2023-05-15,3978,4,External,Failed,1,131.98,Yes
2023-08-03,3979,1,External,Failed,3,477.12,No
2023-07-27,3980,1,External,Incomplete,1,695.56,Yes
2022-12-22,3981,1,External,Passed,2,869.96,Yes
2022-12-09,3982,5,Internal,Completed,1,189.91,Yes
2023-07-24,3983,4,External,Failed,5,407.96,Yes
2022-08-07,3984,1,Internal,Incomplete,1,202.91,No
2022-10-16,3985,1,Internal,Passed,4,956.95,No
2022-10-15,3986,5,External,Passed,5,813.03,Yes
2022-08-24,3987,4,External,Passed,1,962.54,No
2023-02-01,3988,4,Internal,Passed,5,190.07,No
2023-01-22,3989,1,Internal,Passed,5,866.51,Yes
2022-10-10,3990,5,Internal,Failed,2,475.04,No
2022-09-19,3991,2,Internal,Completed,4,716.52,No
2022-09-13,3992,4,External,Completed,3,323.25,No
2023-01-27,3993,1,Internal,Failed,2,229.0,Yes
2023-02-11,3994,2,Internal,Failed,1,861.91,Yes
2022-12-23,3995,4,External,Incomplete,3,803.73,No
2023-01-09,3996,2,Internal,Failed,2,808.51,Yes
2022-09-19,3997,4,External,Failed,4,629.16,Yes
2022-09-26,3998,2,External,Completed,1,994.09,No
2023-07-02,3999,3,Internal,Incomplete,5,477.78,No
2022-10-06,4000,3,Internal,Completed,4,951.27,No
