Date,EmpID,Movement
2018-08-07,1892,Joiner
2018-08-07,2911,Joiner
2018-08-07,3248,Joiner
2018-08-07,3290,Joiner
2018-08-08,1352,Joiner
2018-08-08,2168,Joiner
2018-08-10,1139,Joiner
2018-08-10,1337,Joiner
2018-08-10,3028,Joiner
2018-08-10,3438,Joiner
2018-08-10,3872,Joiner
2018-08-11,3551,Joiner
2018-08-11,3820,Joiner
2018-08-11,3960,Joiner
2018-08-12,2228,Joiner
2018-08-12,3240,Joiner
2018-08-13,2811,Joiner
2018-08-14,1841,Joiner
2018-08-16,1260,Joiner
2018-08-18,2747,Joiner
2018-08-18,3435,Joiner
2018-08-19,2712,Joiner
2018-08-19,3012,Joiner
2018-08-22,2197,Joiner
2018-08-22,2766,Joiner
2018-08-23,3159,Joiner
2018-08-24,2457,Joiner
2018-08-24,3739,Joiner
2018-08-25,3393,Joiner
2018-08-26,2759,Joiner
2018-08-26,3867,Joiner
2018-08-27,1883,Joiner
2018-08-27,2612,Joiner
2018-08-27,3977,Joiner
2018-08-28,1065,Joiner
2018-08-28,1667,Joiner
2018-08-29,1400,Joiner
2018-08-29,3484,Joiner
2018-08-29,3676,Joiner
2018-08-30,2925,Joiner
2018-09-01,2482,Joiner
2018-09-02,1143,Joiner
2018-09-02,2038,Joiner
2018-09-03,2995,Joiner
2018-09-04,1695,Joiner
2018-09-04,3218,Joiner
2018-09-05,1506,Joiner
2018-09-05,2460,Joiner
2018-09-06,1250,Joiner
2018-09-07,1357,Joiner
2018-09-07,2353,Joiner
2018-09-08,1055,Joiner
2018-09-08,1126,Joiner
2018-09-08,1203,Joiner
2018-09-08,3878,Joiner
2018-09-09,3794,Joiner
2018-09-10,2247,Joiner
2018-09-11,2156,Joiner
2018-09-11,2515,Joiner
2018-09-12,1609,Joiner
2018-09-12,1770,Joiner
2018-09-12,2136,Joiner
2018-09-12,3047,Joiner
2018-09-13,2375,Joiner
2018-09-13,2636,Joiner
2018-09-13,2946,Joiner
2018-09-13,3462,Joiner
2018-09-14,2621,Joiner
2018-09-14,2950,Joiner
2018-09-14,3534,Joiner
2018-09-14,3831,Joiner
2018-09-15,1971,Joiner
2018-09-17,3478,Joiner
2018-09-18,2600,Joiner
2018-09-19,1550,Joiner
2018-09-19,2397,Joiner
2018-09-20,1545,Joiner
2018-09-20,1700,Joiner
2018-09-20,3695,Joiner
2018-09-21,2208,Joiner
2018-09-21,3973,Joiner
2018-09-22,2921,Joiner
2018-09-22,3373,Joiner
2018-09-24,2286,Joiner
2018-09-25,1251,Joiner
2018-09-25,3499,Joiner
2018-09-26,1418,Joiner
2018-09-26,1515,Joiner
2018-09-26,2078,Joiner
2018-09-27,1442,Joiner
2018-09-27,3001,Joiner
2018-09-28,1246,Joiner
2018-09-28,1711,Joiner
2018-09-28,2249,Joiner
2018-09-28,3143,Joiner
2018-09-28,3598,Joiner
2018-09-29,2141,Joiner
2018-09-30,3114,Joiner
2018-10-01,1616,Joiner
2018-10-02,2834,Joiner
2018-10-02,2849,Joiner
2018-10-02,2906,Joiner
2018-10-03,1703,Joiner
2018-10-03,2283,Joiner
2018-10-04,1705,Joiner
2018-10-05,2120,Joiner
2018-10-06,1775,Joiner
2018-10-06,2861,Joiner
2018-10-10,1060,Joiner
2018-10-10,2338,Joiner
2018-10-10,2423,Joiner
2018-10-10,3022,Joiner
2018-10-11,1961,Joiner
2018-10-11,3610,Joiner
2018-10-12,2002,Joiner
2018-10-12,3886,Joiner
2018-10-13,1069,Joiner
2018-10-13,1494,Joiner
2018-10-13,2341,Joiner
2018-10-13,3315,Joiner
2018-10-14,2982,Joiner
2018-10-15,3549,Joiner
2018-10-16,1636,Joiner
2018-10-19,3966,Joiner
2018-10-20,3109,Joiner
2018-10-21,2901,Joiner
2018-10-22,1633,Joiner
2018-10-22,3877,Joiner
2018-10-23,1793,Joiner
2018-10-25,2054,Joiner
2018-10-25,2062,Joiner
2018-10-27,1292,Joiner
2018-10-27,1737,Joiner
2018-10-27,2751,Joiner
2018-10-28,2999,Joiner
2018-10-30,2075,Joiner
2018-10-30,2099,Joiner
2018-10-31,2656,Joiner
2018-10-31,3265,Joiner
2018-11-01,1404,Joiner
2018-11-03,1960,Joiner
2018-11-03,2180,Joiner
2018-11-03,2400,Joiner
2018-11-04,2705,Joiner
2018-11-04,3941,Joiner
2018-11-04,3942,Joiner
2018-11-05,1211,Joiner
2018-11-06,1600,Joiner
2018-11-06,1653,Joiner
2018-11-07,2288,Joiner
2018-11-07,2666,Joiner
2018-11-08,1358,Joiner
2018-11-08,2769,Joiner
2018-11-09,1023,Joiner
2018-11-09,1987,Joiner
2018-11-10,3356,Joiner
2018-11-10,3382,Joiner
2018-11-11,1685,Joiner
2018-11-13,2406,Joiner
2018-11-14,1982,Joiner
2018-11-14,2548,Joiner
2018-11-14,2703,Joiner
2018-11-14,3470,Joiner
2018-11-15,2650,Joiner
2018-11-15,2749,Joiner
2018-11-16,1091,Joiner
2018-11-16,2366,Joiner
2018-11-17,1155,Joiner
2018-11-17,2430,Joiner
2018-11-17,3213,Joiner
2018-11-18,2508,Joiner
2018-11-19,2749,Leaver
2018-11-19,3737,Joiner
2018-11-20,1220,Joiner
2018-11-20,3500,Joiner
2018-11-21,1477,Joiner
2018-11-22,1158,Joiner
2018-11-22,3199,Joiner
2018-11-23,1457,Joiner
2018-11-23,1597,Joiner
2018-11-23,1988,Joiner
2018-11-25,1236,Joiner
2018-11-25,1662,Joiner
2018-11-25,1879,Joiner
2018-11-25,2230,Joiner
2018-11-27,2808,Joiner
2018-11-28,3196,Joiner
2018-11-28,3621,Joiner
2018-11-29,1611,Joiner
2018-11-29,2365,Joiner
2018-11-29,2995,Leaver
2018-11-29,3603,Joiner
2018-11-30,1743,Joiner
2018-12-01,2593,Joiner
2018-12-01,3312,Joiner
2018-12-03,1015,Joiner
2018-12-03,3464,Joiner
2018-12-03,3967,Joiner
2018-12-04,2280,Joiner
2018-12-04,3238,Joiner
2018-12-05,2240,Joiner
2018-12-05,2393,Joiner
2018-12-06,2097,Joiner
2018-12-06,2463,Joiner
2018-12-06,3134,Joiner
2018-12-06,3249,Joiner
2018-12-07,1750,Joiner
2018-12-08,1405,Joiner
2018-12-08,1830,Joiner
2018-12-09,3137,Joiner
2018-12-10,2729,Joiner
2018-12-10,3429,Joiner
2018-12-11,3535,Joiner
2018-12-11,3594,Joiner
2018-12-12,1557,Joiner
2018-12-12,1712,Joiner
2018-12-12,2061,Joiner
2018-12-12,2481,Joiner
2018-12-13,1185,Joiner
2018-12-13,2183,Joiner
2018-12-13,2706,Joiner
2018-12-13,3111,Joiner
2018-12-13,3176,Joiner
2018-12-14,2386,Joiner
2018-12-14,3898,Joiner
2018-12-15,1070,Joiner
2018-12-15,1628,Joiner
2018-12-16,3146,Joiner
2018-12-17,1636,Leaver
2018-12-17,1805,Joiner
2018-12-17,3838,Joiner
2018-12-18,2297,Joiner
2018-12-18,3410,Joiner
2018-12-20,1175,Joiner
2018-12-20,2604,Joiner
2018-12-20,2758,Joiner
2018-12-20,2879,Joiner
2018-12-21,2005,Joiner
2018-12-22,2545,Joiner
2018-12-22,2669,Joiner
2018-12-22,2918,Joiner
2018-12-23,2236,Joiner
2018-12-23,2968,Joiner
2018-12-25,1060,Leaver
2018-12-25,1320,Joiner
2018-12-25,1397,Joiner
2018-12-25,3922,Joiner
2018-12-25,3974,Joiner
2018-12-27,1072,Joiner
2018-12-27,1468,Joiner
2018-12-28,1206,Joiner
2018-12-28,1772,Joiner
2018-12-29,2089,Joiner
2018-12-29,2786,Joiner
2018-12-30,1024,Joiner
2018-12-30,1434,Joiner
2018-12-30,2167,Joiner
2018-12-30,3558,Joiner
2018-12-31,1218,Joiner
2019-01-01,1619,Joiner
2019-01-01,3314,Joiner
2019-01-01,3563,Joiner
2019-01-02,1755,Joiner
2019-01-02,2302,Joiner
2019-01-02,2691,Joiner
2019-01-02,3835,Joiner
2019-01-03,1758,Joiner
2019-01-03,1935,Joiner
2019-01-04,1401,Joiner
2019-01-04,2950,Leaver
2019-01-05,1910,Joiner
2019-01-05,3124,Joiner
2019-01-07,3296,Joiner
2019-01-07,3814,Joiner
2019-01-09,2647,Joiner
2019-01-09,3478,Leaver
2019-01-11,1390,Joiner
2019-01-12,3292,Joiner
2019-01-13,1782,Joiner
2019-01-13,2706,Leaver
2019-01-13,3128,Joiner
2019-01-14,1194,Joiner
2019-01-14,1327,Joiner
2019-01-14,3672,Joiner
2019-01-15,3023,Joiner
2019-01-16,3604,Joiner
2019-01-18,1480,Joiner
2019-01-18,3851,Joiner
2019-01-19,1394,Joiner
2019-01-19,1734,Joiner
2019-01-20,1316,Joiner
2019-01-20,3217,Joiner
2019-01-20,3226,Joiner
2019-01-20,3366,Joiner
2019-01-22,1198,Joiner
2019-01-23,3279,Joiner
2019-01-24,1108,Joiner
2019-01-24,3256,Joiner
2019-01-25,2189,Joiner
2019-01-25,2745,Joiner
2019-01-25,2814,Joiner
2019-01-25,3704,Joiner
2019-01-26,1359,Joiner
2019-01-26,2249,Leaver
2019-01-26,3564,Joiner
2019-01-27,1464,Joiner
2019-01-27,2502,Joiner
2019-01-27,3829,Joiner
2019-01-28,3118,Joiner
2019-01-29,1736,Joiner
2019-01-29,1967,Joiner
2019-01-30,2543,Joiner
2019-01-30,3882,Joiner
2019-01-31,2731,Joiner
2019-02-01,2859,Joiner
2019-02-01,3586,Joiner
2019-02-02,1077,Joiner
2019-02-02,3766,Joiner
2019-02-02,3884,Joiner
2019-02-03,3113,Joiner
2019-02-04,3709,Joiner
2019-02-05,2985,Joiner
2019-02-07,2738,Joiner
2019-02-08,3879,Joiner
2019-02-09,3569,Joiner
2019-02-10,1157,Joiner
2019-02-10,3586,Leaver
2019-02-11,3058,Joiner
2019-02-11,3490,Joiner
2019-02-11,3623,Joiner
2019-02-12,2960,Joiner
2019-02-13,3557,Joiner
2019-02-13,3608,Joiner
2019-02-13,3812,Joiner
2019-02-14,1148,Joiner
2019-02-15,1264,Joiner
2019-02-15,1710,Joiner
2019-02-15,1852,Joiner
2019-02-15,3251,Joiner
2019-02-17,3321,Joiner
2019-02-18,1954,Joiner
2019-02-21,1117,Joiner
2019-02-21,2218,Joiner
2019-02-21,3603,Leaver
2019-02-22,1427,Joiner
2019-02-22,3154,Joiner
2019-02-23,3630,Joiner
2019-02-24,3613,Joiner
2019-02-24,3847,Joiner
2019-02-25,2867,Joiner
2019-02-26,1127,Joiner
2019-02-26,1690,Joiner
2019-02-26,2424,Joiner
2019-02-26,3521,Joiner
2019-02-27,2145,Joiner
2019-02-27,3091,Joiner
2019-02-27,3926,Joiner
2019-02-28,1997,Joiner
2019-02-28,2193,Joiner
2019-02-28,2747,Leaver
2019-03-01,2883,Joiner
2019-03-01,3852,Joiner
2019-03-04,1247,Joiner
2019-03-05,2181,Joiner
2019-03-05,2603,Joiner
2019-03-05,3753,Joiner
2019-03-06,1117,Leaver
2019-03-06,3160,Joiner
2019-03-06,3387,Joiner
2019-03-07,1486,Joiner
2019-03-07,1518,Joiner
2019-03-07,3384,Joiner
2019-03-07,3481,Joiner
2019-03-07,3734,Joiner
2019-03-08,1933,Joiner
2019-03-08,3165,Joiner
2019-03-09,1116,Joiner
2019-03-09,1196,Joiner
2019-03-09,3782,Joiner
2019-03-10,2804,Joiner
2019-03-10,3157,Joiner
2019-03-11,1397,Leaver
2019-03-11,1409,Joiner
2019-03-12,2568,Joiner
2019-03-12,3572,Joiner
2019-03-13,1053,Joiner
2019-03-13,1296,Joiner
2019-03-13,1633,Leaver
2019-03-15,1431,Joiner
2019-03-15,1914,Joiner
2019-03-15,3102,Joiner
2019-03-16,1884,Joiner
2019-03-16,2165,Joiner
2019-03-16,2677,Joiner
2019-03-17,2262,Joiner
2019-03-18,2328,Joiner
2019-03-18,2993,Joiner
2019-03-19,1649,Joiner
2019-03-19,1661,Joiner
2019-03-19,2539,Joiner
2019-03-20,2166,Joiner
2019-03-20,2676,Joiner
2019-03-21,1164,Joiner
2019-03-21,3007,Joiner
2019-03-22,1301,Joiner
2019-03-22,2226,Joiner
2019-03-23,1115,Joiner
2019-03-23,1883,Leaver
2019-03-24,3331,Joiner
2019-03-25,2355,Joiner
2019-03-25,2738,Leaver
2019-03-25,3897,Joiner
2019-03-26,1452,Joiner
2019-03-26,2163,Joiner
2019-03-27,1555,Joiner
2019-03-28,1071,Joiner
2019-03-28,1945,Joiner
2019-03-28,2319,Joiner
2019-03-28,2909,Joiner
2019-03-29,1131,Joiner
2019-03-29,2119,Joiner
2019-03-29,2607,Joiner
2019-03-31,2782,Joiner
2019-03-31,3554,Joiner
2019-04-02,3113,Leaver
2019-04-02,3304,Joiner
2019-04-03,1364,Joiner
2019-04-03,2333,Joiner
2019-04-05,1646,Joiner
2019-04-06,1787,Joiner
2019-04-06,2841,Joiner
2019-04-06,3748,Joiner
2019-04-07,1643,Joiner
2019-04-07,2491,Joiner
2019-04-07,3477,Joiner
2019-04-07,3725,Joiner
2019-04-09,2097,Leaver
2019-04-11,1277,Joiner
2019-04-12,1461,Joiner
2019-04-14,1975,Joiner
2019-04-14,2106,Joiner
2019-04-15,2115,Joiner
2019-04-15,2534,Joiner
2019-04-16,2270,Joiner
2019-04-16,2602,Joiner
2019-04-17,3796,Joiner
2019-04-17,3999,Joiner
2019-04-19,2429,Joiner
2019-04-19,2701,Joiner
2019-04-19,3388,Joiner
2019-04-19,3570,Joiner
2019-04-20,3793,Joiner
2019-04-21,1348,Joiner
2019-04-21,2919,Joiner
2019-04-21,2990,Joiner
2019-04-21,3192,Joiner
2019-04-22,3172,Joiner
2019-04-23,2355,Leaver
2019-04-24,2901,Leaver
2019-04-25,1778,Joiner
2019-04-25,2282,Joiner
2019-04-25,3251,Leaver
2019-04-25,3404,Joiner
2019-04-25,3589,Joiner
2019-04-26,2030,Joiner
2019-04-27,1605,Joiner
2019-04-27,3808,Joiner
2019-04-28,3441,Joiner
2019-04-28,3712,Joiner
2019-04-29,2397,Leaver
2019-04-30,1496,Joiner
2019-04-30,2790,Joiner
2019-05-01,1270,Joiner
2019-05-01,1881,Joiner
2019-05-01,2635,Joiner
2019-05-02,1781,Joiner
2019-05-03,1098,Joiner
2019-05-04,1396,Joiner
2019-05-04,3578,Joiner
2019-05-04,3688,Joiner
2019-05-05,2085,Joiner
2019-05-06,1034,Joiner
2019-05-06,1817,Joiner
2019-05-06,2468,Joiner
2019-05-07,1858,Joiner
2019-05-08,1650,Joiner
2019-05-09,1388,Joiner
2019-05-10,2944,Joiner
2019-05-10,3834,Joiner
2019-05-11,1073,Joiner
2019-05-11,1606,Joiner
2019-05-13,1500,Joiner
2019-05-13,1957,Joiner
2019-05-13,2030,Leaver
2019-05-13,3301,Joiner
2019-05-13,3862,Joiner
2019-05-14,3903,Joiner
2019-05-15,3804,Joiner
2019-05-17,1245,Joiner
2019-05-17,3687,Joiner
2019-05-18,1062,Joiner
2019-05-18,3013,Joiner
2019-05-20,1992,Joiner
2019-05-20,3693,Joiner
2019-05-21,1792,Joiner
2019-05-21,2882,Joiner
2019-05-21,3562,Joiner
2019-05-22,2027,Joiner
2019-05-23,3720,Joiner
2019-05-23,3792,Joiner
2019-05-24,1297,Joiner
2019-05-24,1657,Joiner
2019-05-24,2022,Joiner
2019-05-24,3660,Joiner
2019-05-26,2951,Joiner
2019-05-27,1598,Joiner
2019-05-27,1685,Leaver
2019-05-27,3228,Joiner
2019-05-28,3425,Joiner
2019-05-29,1137,Joiner
2019-05-29,1917,Joiner
2019-05-29,3735,Joiner
2019-05-29,3827,Joiner
2019-05-30,1049,Joiner
2019-05-30,2942,Joiner
2019-05-31,1727,Joiner
2019-05-31,1966,Joiner
2019-05-31,2221,Joiner
2019-05-31,3010,Joiner
2019-05-31,3295,Joiner
2019-05-31,3745,Joiner
2019-06-02,3009,Joiner
2019-06-02,3239,Joiner
2019-06-04,2618,Joiner
2019-06-05,1898,Joiner
2019-06-05,2309,Joiner
2019-06-06,1939,Joiner
2019-06-06,3854,Joiner
2019-06-07,1382,Joiner
2019-06-07,1392,Joiner
2019-06-07,3180,Joiner
2019-06-07,3245,Joiner
2019-06-07,3302,Joiner
2019-06-07,3863,Joiner
2019-06-08,3169,Joiner
2019-06-11,1147,Joiner
2019-06-11,1548,Joiner
2019-06-12,3246,Joiner
2019-06-13,1009,Joiner
2019-06-14,3035,Joiner
2019-06-15,2153,Joiner
2019-06-15,3946,Joiner
2019-06-16,1104,Joiner
2019-06-16,2094,Joiner
2019-06-16,2570,Joiner
2019-06-16,3538,Joiner
2019-06-18,1991,Joiner
2019-06-18,3607,Joiner
2019-06-19,1836,Joiner
2019-06-19,3159,Leaver
2019-06-19,3167,Joiner
2019-06-19,3881,Joiner
2019-06-20,1412,Joiner
2019-06-20,1753,Joiner
2019-06-20,3774,Joiner
2019-06-21,3129,Joiner
2019-06-21,3307,Joiner
2019-06-22,1342,Joiner
2019-06-22,1766,Joiner
2019-06-25,1195,Joiner
2019-06-25,1456,Joiner
2019-06-25,1934,Joiner
2019-06-25,3588,Joiner
2019-06-26,2404,Joiner
2019-06-27,2283,Leaver
2019-06-27,3197,Joiner
2019-06-28,3335,Joiner
2019-06-29,2155,Joiner
2019-06-29,2332,Joiner
2019-06-29,3093,Joiner
2019-06-29,3431,Joiner
2019-06-30,3324,Joiner
2019-07-02,1411,Joiner
2019-07-02,2505,Joiner
2019-07-02,3271,Joiner
2019-07-04,1726,Joiner
2019-07-04,1958,Joiner
2019-07-05,1777,Joiner
2019-07-05,2952,Joiner
2019-07-05,3240,Leaver
2019-07-07,1249,Joiner
2019-07-07,1374,Joiner
2019-07-07,2013,Joiner
2019-07-08,1838,Joiner
2019-07-08,2398,Joiner
2019-07-09,1456,Leaver
2019-07-09,3442,Joiner
2019-07-10,2751,Leaver
2019-07-10,3974,Leaver
2019-07-11,1543,Joiner
2019-07-11,3800,Joiner
2019-07-12,1138,Joiner
2019-07-13,3702,Joiner
2019-07-15,1739,Joiner
2019-07-15,2008,Joiner
2019-07-15,3493,Joiner
2019-07-15,3995,Joiner
2019-07-16,3214,Joiner
2019-07-16,3997,Joiner
2019-07-18,1289,Joiner
2019-07-18,1432,Joiner
2019-07-18,1670,Joiner
2019-07-18,3156,Joiner
2019-07-18,3461,Joiner
2019-07-18,3556,Joiner
2019-07-19,2088,Joiner
2019-07-19,2857,Joiner
2019-07-20,1873,Joiner
2019-07-20,2127,Joiner
2019-07-20,2487,Joiner
2019-07-20,2492,Joiner
2019-07-22,1156,Joiner
2019-07-22,1946,Joiner
2019-07-22,2527,Joiner
2019-07-22,2954,Joiner
2019-07-22,3645,Joiner
2019-07-23,1701,Joiner
2019-07-24,1365,Joiner
2019-07-25,1040,Joiner
2019-07-25,1236,Leaver
2019-07-25,2329,Joiner
2019-07-25,2500,Joiner
2019-07-26,1690,Leaver
2019-07-27,2194,Joiner
2019-07-27,3943,Joiner
2019-07-28,3596,Joiner
2019-07-30,1942,Joiner
2019-07-30,2112,Joiner
2019-08-01,3606,Joiner
2019-08-02,2800,Joiner
2019-08-04,1102,Joiner
2019-08-04,1425,Joiner
2019-08-04,1443,Joiner
2019-08-04,2646,Joiner
2019-08-04,2999,Leaver
2019-08-05,1364,Leaver
2019-08-05,2364,Joiner
2019-08-05,2372,Joiner
2019-08-05,2392,Joiner
2019-08-06,3166,Joiner
2019-08-06,3908,Joiner
2019-08-07,3956,Joiner
2019-08-09,2125,Joiner
2019-08-09,2660,Joiner
2019-08-11,1575,Joiner
2019-08-11,3940,Joiner
2019-08-13,1490,Joiner
2019-08-13,3896,Joiner
2019-08-14,2555,Joiner
2019-08-14,2616,Joiner
2019-08-15,1392,Leaver
2019-08-15,3588,Leaver
2019-08-16,3281,Joiner
2019-08-17,1208,Joiner
2019-08-17,3868,Joiner
2019-08-18,3781,Joiner
2019-08-19,1988,Leaver
2019-08-19,2074,Joiner
2019-08-19,2314,Joiner
2019-08-19,2765,Joiner
2019-08-20,3830,Joiner
2019-08-21,1673,Joiner
2019-08-21,3627,Joiner
2019-08-22,1039,Joiner
2019-08-22,1227,Joiner
2019-08-22,2654,Joiner
2019-08-24,1319,Joiner
2019-08-24,2114,Joiner
2019-08-25,3845,Joiner
2019-08-26,1342,Leaver
2019-08-26,3033,Joiner
2019-08-27,3506,Joiner
2019-08-28,1008,Joiner
2019-08-28,1873,Leaver
2019-08-28,3045,Joiner
2019-08-29,1001,Joiner
2019-08-29,2381,Joiner
2019-08-29,3004,Joiner
2019-08-30,2822,Joiner
2019-08-30,3652,Joiner
2019-08-30,3963,Joiner
2019-08-31,2289,Joiner
2019-09-01,1968,Joiner
2019-09-01,3253,Joiner
2019-09-03,2945,Joiner
2019-09-04,1807,Joiner
2019-09-04,2587,Joiner
2019-09-05,3854,Leaver
2019-09-05,3939,Joiner
2019-09-06,3206,Joiner
2019-09-08,1111,Joiner
2019-09-08,2821,Joiner
2019-09-09,2029,Joiner
2019-09-09,3468,Joiner
2019-09-10,2281,Joiner
2019-09-11,1844,Joiner
2019-09-12,3828,Joiner
2019-09-14,1774,Joiner
2019-09-14,2538,Joiner
2019-09-15,3577,Joiner
2019-09-17,2591,Joiner
2019-09-18,2343,Joiner
2019-09-18,3605,Joiner
2019-09-19,1129,Joiner
2019-09-19,3639,Joiner
2019-09-20,2557,Joiner
2019-09-20,3219,Joiner
2019-09-20,3427,Joiner
2019-09-22,1721,Joiner
2019-09-23,3096,Joiner
2019-09-23,3706,Joiner
2019-09-24,3288,Joiner
2019-09-24,3822,Joiner
2019-09-24,3848,Joiner
2019-09-25,2297,Leaver
2019-09-25,3869,Joiner
2019-09-26,1613,Joiner
2019-09-26,3163,Joiner
2019-09-27,1413,Joiner
2019-09-27,2233,Joiner
2019-09-29,2889,Joiner
2019-09-30,1255,Joiner
2019-09-30,3177,Joiner
2019-10-01,1207,Joiner
2019-10-01,3217,Leaver
2019-10-01,3448,Joiner
2019-10-01,3502,Joiner
2019-10-02,1914,Leaver
2019-10-02,2702,Joiner
2019-10-02,3659,Joiner
2019-10-02,3801,Joiner
2019-10-03,1444,Joiner
2019-10-03,2667,Joiner
2019-10-03,3650,Joiner
2019-10-04,1118,Joiner
2019-10-04,1422,Joiner
2019-10-05,1386,Joiner
2019-10-05,1651,Joiner
2019-10-06,1691,Joiner
2019-10-06,2336,Joiner
2019-10-06,2407,Joiner
2019-10-06,3809,Joiner
2019-10-07,2129,Joiner
2019-10-07,3663,Joiner
2019-10-08,2595,Joiner
2019-10-08,2948,Joiner
2019-10-08,3296,Leaver
2019-10-09,2001,Joiner
2019-10-09,2790,Leaver
2019-10-09,3319,Joiner
2019-10-10,2921,Leaver
2019-10-10,3724,Joiner
2019-10-11,1512,Joiner
2019-10-11,1997,Leaver
2019-10-12,2603,Leaver
2019-10-13,1144,Joiner
2019-10-13,3659,Leaver
2019-10-14,1753,Leaver
2019-10-14,2846,Joiner
2019-10-14,3419,Joiner
2019-10-14,3651,Joiner
2019-10-15,1028,Joiner
2019-10-15,2078,Leaver
2019-10-15,2713,Joiner
2019-10-16,1471,Joiner
2019-10-17,1765,Joiner
2019-10-17,2498,Joiner
2019-10-18,1234,Joiner
2019-10-18,1800,Joiner
2019-10-19,2379,Joiner
2019-10-19,2763,Joiner
2019-10-19,3069,Joiner
2019-10-22,1421,Joiner
2019-10-23,1647,Joiner
2019-10-23,1733,Joiner
2019-10-24,3700,Joiner
2019-10-25,1208,Leaver
2019-10-25,1680,Joiner
2019-10-25,2347,Joiner
2019-10-26,2303,Joiner
2019-10-26,2344,Joiner
2019-10-26,4000,Joiner
2019-10-27,3117,Joiner
2019-10-28,1389,Joiner
2019-10-28,3470,Leaver
2019-10-29,1030,Joiner
2019-10-29,3482,Joiner
2019-10-31,2564,Joiner
2019-10-31,3270,Joiner
2019-10-31,3348,Joiner
2019-11-03,1658,Joiner
2019-11-03,1832,Joiner
2019-11-03,2389,Joiner
2019-11-04,1504,Joiner
2019-11-04,1863,Joiner
2019-11-04,3438,Leaver
2019-11-05,2953,Joiner
2019-11-05,3067,Joiner
2019-11-05,3694,Joiner
2019-11-06,1629,Joiner
2019-11-06,3286,Joiner
2019-11-06,3559,Joiner
2019-11-07,1241,Joiner
2019-11-09,1610,Joiner
2019-11-09,3398,Joiner
2019-11-09,3701,Joiner
2019-11-10,1362,Joiner
2019-11-11,1041,Joiner
2019-11-11,1482,Joiner
2019-11-11,1576,Joiner
2019-11-11,1803,Joiner
2019-11-11,1869,Joiner
2019-11-11,2956,Joiner
2019-11-11,3692,Joiner
2019-11-12,1343,Joiner
2019-11-13,2092,Joiner
2019-11-13,3530,Joiner
2019-11-14,1628,Leaver
2019-11-14,1973,Joiner
2019-11-14,3368,Joiner
2019-11-15,3338,Joiner
2019-11-16,1325,Joiner
2019-11-18,1610,Leaver
2019-11-18,2725,Joiner
2019-11-18,3318,Joiner
2019-11-18,3392,Joiner
2019-11-21,2087,Joiner
2019-11-22,1429,Joiner
2019-11-22,1532,Joiner
2019-11-22,1642,Joiner
2019-11-22,3665,Joiner
2019-11-24,1119,Joiner
2019-11-24,1191,Joiner
2019-11-24,2042,Joiner
2019-11-24,2483,Joiner
2019-11-24,3930,Joiner
2019-11-25,2510,Joiner
2019-11-25,3386,Joiner
2019-11-25,3413,Joiner
2019-11-26,1659,Joiner
2019-11-26,2312,Joiner
2019-11-26,3492,Joiner
2019-11-27,1858,Leaver
2019-11-27,1926,Joiner
2019-11-29,1048,Joiner
2019-11-29,2601,Joiner
2019-11-29,3153,Joiner
2019-11-29,3859,Joiner
2019-11-30,1949,Joiner
2019-11-30,2806,Joiner
2019-12-01,1795,Joiner
2019-12-01,2517,Joiner
2019-12-01,2973,Joiner
2019-12-01,3684,Joiner
2019-12-02,1846,Joiner
2019-12-02,2017,Joiner
2019-12-02,3990,Joiner
2019-12-03,1217,Joiner
2019-12-03,1376,Joiner
2019-12-03,2913,Joiner
2019-12-04,1494,Leaver
2019-12-05,3440,Joiner
2019-12-06,2331,Joiner
2019-12-06,2609,Joiner
2019-12-06,2839,Joiner
2019-12-07,1476,Joiner
2019-12-08,1284,Joiner
2019-12-08,3539,Joiner
2019-12-09,1710,Leaver
2019-12-09,2943,Joiner
2019-12-10,1860,Joiner
2019-12-10,2311,Joiner
2019-12-10,2395,Joiner
2019-12-11,2256,Joiner
2019-12-11,2305,Joiner
2019-12-12,1775,Leaver
2019-12-12,2962,Joiner
2019-12-12,3267,Joiner
2019-12-14,3679,Joiner
2019-12-15,1850,Joiner
2019-12-15,3656,Joiner
2019-12-16,2175,Joiner
2019-12-16,3580,Joiner
2019-12-19,2612,Leaver
2019-12-19,3917,Joiner
2019-12-20,2898,Joiner
2019-12-21,1513,Joiner
2019-12-22,1665,Joiner
2019-12-22,3039,Joiner
2019-12-23,3086,Joiner
2019-12-24,1124,Joiner
2019-12-24,1932,Joiner
2019-12-24,2351,Joiner
2019-12-25,2146,Joiner
2019-12-25,3070,Joiner
2019-12-25,3181,Joiner
2019-12-26,1653,Leaver
2019-12-26,2611,Joiner
2019-12-26,3990,Leaver
2019-12-27,1261,Joiner
2019-12-27,1455,Joiner
2019-12-27,3213,Leaver
2019-12-28,1276,Joiner
2019-12-28,1642,Leaver
2019-12-28,3412,Joiner
2019-12-30,2265,Joiner
2019-12-30,2445,Joiner
2019-12-30,2980,Joiner
2019-12-31,1270,Leaver
2020-01-01,3327,Joiner
2020-01-02,2914,Joiner
2020-01-02,3818,Joiner
2020-01-03,3529,Joiner
2020-01-05,2882,Leaver
2020-01-05,3850,Joiner
2020-01-06,1729,Joiner
2020-01-06,3011,Joiner
2020-01-07,2263,Joiner
2020-01-07,2654,Leaver
2020-01-07,3824,Joiner
2020-01-08,1256,Joiner
2020-01-08,2598,Joiner
2020-01-08,2942,Leaver
2020-01-08,3614,Joiner
2020-01-09,1757,Joiner
2020-01-09,1824,Joiner
2020-01-09,2142,Joiner
2020-01-09,2342,Joiner
2020-01-09,2462,Joiner
2020-01-09,3292,Leaver
2020-01-09,3624,Joiner
2020-01-10,1041,Leaver
2020-01-11,2292,Joiner
2020-01-11,3180,Leaver
2020-01-12,3092,Joiner
2020-01-13,2008,Leaver
2020-01-13,3391,Joiner
2020-01-13,3405,Joiner
2020-01-14,1062,Leaver
2020-01-14,3913,Joiner
2020-01-15,3556,Leaver
2020-01-16,1219,Joiner
2020-01-17,2260,Joiner
2020-01-17,2427,Joiner
2020-01-17,2573,Joiner
2020-01-17,3267,Leaver
2020-01-17,3432,Joiner
2020-01-18,1908,Joiner
2020-01-18,3366,Leaver
2020-01-19,2105,Joiner
2020-01-19,3714,Joiner
2020-01-20,3553,Joiner
2020-01-20,3819,Joiner
2020-01-21,1546,Joiner
2020-01-21,2112,Leaver
2020-01-21,3274,Joiner
2020-01-22,1638,Joiner
2020-01-22,2565,Joiner
2020-01-23,2656,Leaver
2020-01-24,2012,Joiner
2020-01-24,3178,Joiner
2020-01-25,3052,Joiner
2020-01-25,3215,Joiner
2020-01-26,2273,Joiner
2020-01-27,1229,Joiner
2020-01-27,2404,Leaver
2020-01-27,2704,Joiner
2020-01-28,2118,Joiner
2020-01-28,2887,Joiner
2020-01-29,1505,Joiner
2020-01-29,2931,Joiner
2020-01-29,3636,Joiner
2020-02-02,2383,Joiner
2020-02-02,2447,Joiner
2020-02-04,3914,Joiner
2020-02-05,2917,Joiner
2020-02-06,1188,Joiner
2020-02-06,1193,Joiner
2020-02-06,2409,Joiner
2020-02-07,1450,Joiner
2020-02-07,3641,Joiner
2020-02-07,3869,Leaver
2020-02-08,1760,Joiner
2020-02-09,1220,Leaver
2020-02-09,2971,Joiner
2020-02-10,3050,Joiner
2020-02-10,3510,Joiner
2020-02-11,1893,Joiner
2020-02-12,3721,Joiner
2020-02-12,3921,Joiner
2020-02-13,1215,Joiner
2020-02-14,1249,Leaver
2020-02-14,2727,Joiner
2020-02-15,2904,Joiner
2020-02-16,3552,Joiner
2020-02-16,3722,Joiner
2020-02-16,3810,Joiner
2020-02-16,3955,Joiner
2020-02-17,3750,Joiner
2020-02-18,1532,Leaver
2020-02-18,2274,Joiner
2020-02-19,2350,Joiner
2020-02-19,2827,Joiner
2020-02-19,3156,Leaver
2020-02-19,3460,Joiner
2020-02-19,3517,Joiner
2020-02-21,1016,Joiner
2020-02-21,2370,Joiner
2020-02-22,2697,Joiner
2020-02-23,1213,Joiner
2020-02-23,3895,Joiner
2020-02-24,1078,Joiner
2020-02-24,3162,Joiner
2020-02-24,3377,Joiner
2020-02-25,1989,Joiner
2020-02-26,1336,Joiner
2020-02-28,2187,Joiner
2020-02-28,3731,Joiner
2020-02-29,1328,Joiner
2020-02-29,1829,Joiner
2020-02-29,2203,Joiner
2020-02-29,3471,Joiner
2020-03-01,1828,Joiner
2020-03-01,2564,Leaver
2020-03-01,2721,Joiner
2020-03-01,3927,Joiner
2020-03-02,1596,Joiner
2020-03-02,2626,Joiner
2020-03-02,3037,Joiner
2020-03-02,3522,Joiner
2020-03-03,2455,Joiner
2020-03-04,2485,Joiner
2020-03-05,1845,Joiner
2020-03-06,1126,Leaver
2020-03-06,1912,Joiner
2020-03-07,1231,Joiner
2020-03-07,1860,Leaver
2020-03-08,1326,Joiner
2020-03-08,1604,Joiner
2020-03-08,2495,Joiner
2020-03-09,1491,Joiner
2020-03-09,3474,Joiner
2020-03-09,3573,Joiner
2020-03-10,2344,Leaver
2020-03-10,3986,Joiner
2020-03-12,1155,Leaver
2020-03-12,3135,Joiner
2020-03-12,3540,Joiner
2020-03-13,1728,Joiner
2020-03-13,2772,Joiner
2020-03-13,2991,Joiner
2020-03-14,1983,Joiner
2020-03-14,2156,Leaver
2020-03-15,2665,Joiner
2020-03-16,1107,Joiner
2020-03-16,2181,Leaver
2020-03-17,1740,Joiner
2020-03-17,2774,Joiner
2020-03-18,3315,Leaver
2020-03-19,1232,Joiner
2020-03-19,1240,Joiner
2020-03-19,2043,Joiner
2020-03-20,3808,Leaver
2020-03-21,2498,Leaver
2020-03-21,3106,Joiner
2020-03-22,1076,Joiner
2020-03-23,1938,Joiner
2020-03-23,2378,Joiner
2020-03-24,1299,Joiner
2020-03-24,2862,Joiner
2020-03-25,1891,Joiner
2020-03-25,3406,Joiner
2020-03-26,3053,Joiner
2020-03-27,3680,Joiner
2020-03-28,2984,Joiner
2020-03-28,3669,Joiner
2020-03-28,3791,Joiner
2020-03-29,3353,Joiner
2020-03-30,1688,Joiner
2020-03-30,3851,Leaver
2020-03-31,1114,Joiner
2020-03-31,1802,Joiner
2020-04-01,2419,Joiner
2020-04-02,1391,Joiner
2020-04-03,2597,Joiner
2020-04-03,2920,Joiner
2020-04-03,3008,Joiner
2020-04-04,1368,Joiner
2020-04-04,2494,Joiner
2020-04-04,3798,Joiner
2020-04-04,3947,Joiner
2020-04-05,2754,Joiner
2020-04-06,1582,Joiner
2020-04-06,1900,Joiner
2020-04-06,3541,Joiner
2020-04-07,1100,Joiner
2020-04-07,2798,Joiner
2020-04-07,3125,Joiner
2020-04-07,3721,Leaver
2020-04-07,3877,Leaver
2020-04-09,1416,Joiner
2020-04-09,1584,Joiner
2020-04-09,2672,Joiner
2020-04-10,2211,Joiner
2020-04-10,2385,Joiner
2020-04-12,2083,Joiner
2020-04-12,3599,Joiner
2020-04-13,2003,Joiner
2020-04-13,2465,Joiner
2020-04-13,2587,Leaver
2020-04-14,1153,Joiner
2020-04-14,1235,Joiner
2020-04-14,2209,Joiner
2020-04-14,3639,Leaver
2020-04-15,2586,Joiner
2020-04-15,3514,Joiner
2020-04-15,3934,Joiner
2020-04-16,2576,Joiner
2020-04-16,3643,Joiner
2020-04-17,2056,Joiner
2020-04-19,1692,Joiner
2020-04-20,2427,Leaver
2020-04-20,3733,Joiner
2020-04-20,3938,Joiner
2020-04-21,2601,Leaver
2020-04-22,2433,Joiner
2020-04-22,3965,Joiner
2020-04-23,1746,Joiner
2020-04-25,3316,Joiner
2020-04-26,1271,Joiner
2020-04-26,1637,Joiner
2020-04-26,2165,Leaver
2020-04-27,3132,Joiner
2020-04-28,1029,Joiner
2020-04-28,2269,Joiner
2020-04-29,2449,Joiner
2020-04-29,2580,Joiner
2020-04-29,2777,Joiner
2020-04-29,3642,Joiner
2020-04-30,3463,Joiner
2020-05-01,3527,Joiner
2020-05-02,3782,Leaver
2020-05-03,2486,Joiner
2020-05-03,3925,Joiner
2020-05-04,1008,Leaver
2020-05-04,1496,Leaver
2020-05-04,1760,Leaver
2020-05-04,3011,Leaver
2020-05-04,3846,Joiner
2020-05-05,1484,Joiner
2020-05-05,1888,Joiner
2020-05-05,2139,Joiner
2020-05-06,1492,Joiner
2020-05-06,3467,Joiner
2020-05-07,1388,Leaver
2020-05-08,2307,Joiner
2020-05-08,2728,Joiner
2020-05-08,2803,Joiner
2020-05-09,2081,Joiner
2020-05-09,3089,Joiner
2020-05-09,3780,Joiner
2020-05-09,3783,Joiner
2020-05-10,2065,Joiner
2020-05-11,3980,Joiner
2020-05-12,1944,Joiner
2020-05-12,2266,Joiner
2020-05-12,3210,Joiner
2020-05-13,1013,Joiner
2020-05-14,2358,Joiner
2020-05-15,1303,Joiner
2020-05-15,2157,Joiner
2020-05-15,2390,Joiner
2020-05-15,3797,Joiner
2020-05-16,1952,Joiner
2020-05-16,1990,Joiner
2020-05-17,2185,Joiner
2020-05-17,3022,Leaver
2020-05-17,3289,Joiner
2020-05-18,3320,Joiner
2020-05-19,3572,Leaver
2020-05-21,2623,Joiner
2020-05-22,2046,Joiner
2020-05-25,1596,Leaver
2020-05-25,2288,Leaver
2020-05-26,2717,Joiner
2020-05-26,3447,Joiner
2020-05-27,1620,Joiner
2020-05-27,2736,Joiner
2020-05-28,2811,Leaver
2020-05-28,3148,Joiner
2020-05-29,1004,Joiner
2020-05-29,2604,Leaver
2020-05-30,1385,Joiner
2020-05-30,3367,Joiner
2020-05-30,3593,Joiner
2020-05-30,3743,Joiner
2020-05-31,2199,Joiner
2020-05-31,3732,Joiner
2020-06-01,2478,Joiner
2020-06-01,2958,Joiner
2020-06-02,3754,Joiner
2020-06-02,3874,Joiner
2020-06-03,2420,Joiner
2020-06-03,3552,Leaver
2020-06-04,1243,Joiner
2020-06-04,2437,Joiner
2020-06-04,3282,Joiner
2020-06-06,2035,Joiner
2020-06-06,2131,Joiner
2020-06-06,3597,Joiner
2020-06-07,3105,Joiner
2020-06-07,3789,Joiner
2020-06-08,1795,Leaver
2020-06-08,3375,Joiner
2020-06-08,3675,Joiner
2020-06-10,2052,Joiner
2020-06-11,1861,Joiner
2020-06-11,3847,Leaver
2020-06-12,2744,Joiner
2020-06-13,1197,Joiner
2020-06-14,1027,Joiner
2020-06-14,1161,Joiner
2020-06-14,1592,Joiner
2020-06-14,1879,Leaver
2020-06-15,2293,Joiner
2020-06-16,1174,Joiner
2020-06-16,2681,Joiner
2020-06-17,2619,Joiner
2020-06-18,3494,Joiner
2020-06-19,1018,Joiner
2020-06-20,3041,Joiner
2020-06-21,2175,Leaver
2020-06-21,2351,Leaver
2020-06-21,3202,Joiner
2020-06-21,3500,Leaver
2020-06-22,1254,Joiner
2020-06-22,1815,Joiner
2020-06-22,2117,Joiner
2020-06-22,2907,Joiner
2020-06-23,3176,Leaver
2020-06-24,1984,Joiner
2020-06-24,2087,Leaver
2020-06-25,3674,Joiner
2020-06-27,1771,Joiner
2020-06-28,1189,Joiner
2020-06-28,3697,Joiner
2020-06-29,1718,Joiner
2020-06-29,2872,Joiner
2020-06-30,1180,Joiner
2020-07-01,1384,Joiner
2020-07-01,1723,Joiner
2020-07-01,2143,Joiner
2020-07-01,2201,Joiner
2020-07-01,3860,Joiner
2020-07-02,2429,Leaver
2020-07-02,2645,Joiner
2020-07-03,2966,Joiner
2020-07-04,2089,Leaver
2020-07-04,2169,Joiner
2020-07-04,2223,Joiner
2020-07-04,2916,Joiner
2020-07-05,3036,Joiner
2020-07-06,3912,Joiner
2020-07-07,2291,Joiner
2020-07-08,2771,Joiner
2020-07-09,2113,Joiner
2020-07-09,3622,Joiner
2020-07-10,2985,Leaver
2020-07-11,1788,Joiner
2020-07-11,2136,Leaver
2020-07-12,3978,Joiner
2020-07-13,1253,Joiner
2020-07-13,3726,Joiner
2020-07-13,3746,Joiner
2020-07-14,3074,Joiner
2020-07-15,2098,Joiner
2020-07-16,3155,Joiner
2020-07-16,3195,Joiner
2020-07-18,2532,Joiner
2020-07-18,3297,Joiner
2020-07-18,3762,Joiner
2020-07-19,1158,Leaver
2020-07-19,2644,Joiner
2020-07-20,1177,Joiner
2020-07-20,2426,Joiner
2020-07-20,2622,Joiner
2020-07-21,1446,Joiner
2020-07-21,1637,Leaver
2020-07-21,2222,Joiner
2020-07-21,2332,Leaver
2020-07-21,3283,Joiner
2020-07-21,3713,Joiner
2020-07-23,1205,Joiner
2020-07-24,3266,Joiner
2020-07-24,3981,Joiner
2020-07-25,2480,Joiner
2020-07-27,2443,Joiner
2020-07-28,2133,Joiner
2020-07-28,2582,Joiner
2020-07-28,2682,Joiner
2020-07-29,1922,Joiner
2020-07-29,3274,Leaver
2020-07-29,3469,Joiner
2020-07-30,1169,Joiner
2020-07-30,2327,Joiner
2020-07-30,3058,Leaver
2020-07-31,1834,Joiner
2020-07-31,3322,Joiner
2020-08-01,1613,Leaver
2020-08-01,2692,Joiner
2020-08-01,2937,Joiner
2020-08-02,2617,Joiner
2020-08-04,1813,Joiner
2020-08-04,3690,Joiner
2020-08-04,3905,Joiner
2020-08-05,1150,Joiner
2020-08-06,2403,Joiner
2020-08-06,2886,Joiner
2020-08-06,3812,Leaver
2020-08-07,1281,Joiner
2020-08-09,1544,Joiner
2020-08-09,3330,Joiner
2020-08-10,2167,Leaver
2020-08-10,3130,Joiner
2020-08-12,1550,Leaver
2020-08-12,3389,Joiner
2020-08-13,3205,Joiner
2020-08-13,3383,Joiner
2020-08-14,2147,Joiner
2020-08-14,3584,Joiner
2020-08-15,1088,Joiner
2020-08-15,1787,Leaver
2020-08-16,1537,Joiner
2020-08-17,1120,Joiner
2020-08-17,1309,Joiner
2020-08-18,2588,Joiner
2020-08-19,2929,Joiner
2020-08-19,3582,Joiner
2020-08-20,2121,Joiner
2020-08-20,3842,Joiner
2020-08-21,1488,Joiner
2020-08-21,3708,Joiner
2020-08-22,1415,Joiner
2020-08-22,2368,Joiner
2020-08-22,3233,Joiner
2020-08-23,2367,Joiner
2020-08-23,3809,Leaver
2020-08-24,1520,Joiner
2020-08-24,2535,Joiner
2020-08-24,3529,Leaver
2020-08-25,1558,Joiner
2020-08-25,3906,Joiner
2020-08-26,1212,Joiner
2020-08-26,1951,Joiner
2020-08-26,3044,Joiner
2020-08-26,3171,Joiner
2020-08-26,3233,Leaver
2020-08-28,1589,Joiner
2020-08-28,1816,Joiner
2020-08-28,2064,Joiner
2020-08-28,2977,Joiner
2020-08-28,3569,Leaver
2020-08-29,1111,Leaver
2020-08-29,3060,Joiner
2020-08-29,3085,Joiner
2020-08-29,3505,Joiner
2020-08-30,3501,Joiner
2020-08-30,3693,Leaver
2020-08-31,2940,Joiner
2020-08-31,3021,Joiner
2020-08-31,3091,Leaver
2020-08-31,3703,Joiner
2020-09-01,1334,Joiner
2020-09-01,3450,Joiner
2020-09-02,1476,Leaver
2020-09-02,3696,Joiner
2020-09-03,2845,Joiner
2020-09-04,3010,Leaver
2020-09-04,3866,Joiner
2020-09-05,3814,Leaver
2020-09-06,1380,Joiner
2020-09-06,3559,Leaver
2020-09-07,1017,Joiner
2020-09-07,2388,Joiner
2020-09-08,1506,Leaver
2020-09-08,1902,Joiner
2020-09-08,2093,Joiner
2020-09-08,2451,Joiner
2020-09-08,3278,Joiner
2020-09-10,1708,Joiner
2020-09-11,2899,Joiner
2020-09-11,3744,Joiner
2020-09-12,1296,Leaver
2020-09-12,3080,Joiner
2020-09-12,3720,Leaver
2020-09-13,1448,Joiner
2020-09-13,2405,Joiner
2020-09-14,1963,Joiner
2020-09-14,2104,Joiner
2020-09-14,2345,Joiner
2020-09-15,1044,Joiner
2020-09-15,1353,Joiner
2020-09-15,1523,Joiner
2020-09-15,2255,Joiner
2020-09-16,2583,Joiner
2020-09-16,2970,Joiner
2020-09-17,1626,Joiner
2020-09-17,1947,Joiner
2020-09-17,2834,Leaver
2020-09-18,1669,Joiner
2020-09-18,3628,Joiner
2020-09-19,1287,Joiner
2020-09-21,2509,Joiner
2020-09-21,2851,Joiner
2020-09-21,2955,Joiner
2020-09-22,3595,Joiner
2020-09-22,3958,Joiner
2020-09-23,2676,Leaver
2020-09-23,3185,Joiner
2020-09-24,1037,Joiner
2020-09-24,1145,Joiner
2020-09-24,2987,Joiner
2020-09-24,3918,Joiner
2020-09-25,1473,Joiner
2020-09-25,3457,Joiner
2020-09-26,2300,Joiner
2020-09-27,2520,Joiner
2020-09-27,3145,Joiner
2020-09-28,1076,Leaver
2020-09-28,1461,Leaver
2020-09-28,2164,Joiner
2020-09-28,2496,Joiner
2020-09-28,2649,Joiner
2020-09-28,2969,Joiner
2020-09-29,1562,Joiner
2020-09-29,1576,Leaver
2020-09-29,2639,Joiner
2020-09-29,3865,Joiner
2020-09-30,1338,Joiner
2020-10-01,1650,Leaver
2020-10-02,2103,Joiner
2020-10-02,3383,Leaver
2020-10-02,3416,Joiner
2020-10-03,2935,Joiner
2020-10-04,1045,Joiner
2020-10-04,1934,Leaver
2020-10-04,3970,Joiner
2020-10-05,1463,Joiner
2020-10-05,2722,Joiner
2020-10-06,1367,Joiner
2020-10-06,2049,Joiner
2020-10-06,3664,Joiner
2020-10-06,3745,Leaver
2020-10-07,2152,Joiner
2020-10-07,2192,Joiner
2020-10-08,1105,Joiner
2020-10-08,1605,Leaver
2020-10-09,2302,Leaver
2020-10-09,2522,Joiner
2020-10-10,1315,Joiner
2020-10-10,1955,Joiner
2020-10-10,2294,Joiner
2020-10-10,3018,Joiner
2020-10-10,3420,Joiner
2020-10-11,3097,Joiner
2020-10-11,3773,Joiner
2020-10-12,2833,Joiner
2020-10-13,1035,Joiner
2020-10-13,1797,Joiner
2020-10-13,2224,Joiner
2020-10-14,2246,Joiner
2020-10-14,2693,Joiner
2020-10-15,2592,Joiner
2020-10-15,3195,Leaver
2020-10-16,1680,Leaver
2020-10-16,1993,Joiner
2020-10-16,2352,Joiner
2020-10-16,2735,Joiner
2020-10-16,3331,Leaver
2020-10-17,1071,Leaver
2020-10-18,1422,Leaver
2020-10-18,3309,Joiner
2020-10-18,3549,Leaver
2020-10-18,3736,Joiner
2020-10-19,2842,Joiner
2020-10-20,1898,Leaver
2020-10-20,2904,Leaver
2020-10-20,3081,Joiner
2020-10-21,2306,Joiner
2020-10-21,2458,Joiner
2020-10-23,2448,Joiner
2020-10-23,2606,Joiner
2020-10-23,3054,Joiner
2020-10-24,2746,Joiner
2020-10-24,3328,Joiner
2020-10-24,3329,Joiner
2020-10-25,1007,Joiner
2020-10-25,1854,Joiner
2020-10-25,2608,Joiner
2020-10-25,3100,Joiner
2020-10-26,1278,Joiner
2020-10-26,3635,Joiner
2020-10-27,1238,Joiner
2020-10-27,1715,Joiner
2020-10-27,3002,Joiner
2020-10-27,3084,Joiner
2020-10-28,1354,Joiner
2020-10-29,1273,Joiner
2020-10-29,1437,Joiner
2020-10-30,2362,Joiner
2020-11-02,1037,Leaver
2020-11-02,1716,Joiner
2020-11-02,2142,Leaver
2020-11-03,1497,Joiner
2020-11-03,3975,Joiner
2020-11-04,2636,Leaver
2020-11-05,1608,Joiner
2020-11-05,2373,Joiner
2020-11-06,3434,Joiner
2020-11-06,3448,Leaver
2020-11-09,1012,Joiner
2020-11-09,1021,Joiner
2020-11-10,3543,Joiner
2020-11-11,3038,Joiner
2020-11-13,2317,Joiner
2020-11-14,1067,Joiner
2020-11-14,1080,Joiner
2020-11-14,1173,Joiner
2020-11-14,1267,Joiner
2020-11-14,2785,Joiner
2020-11-14,2988,Joiner
2020-11-15,2352,Leaver
2020-11-15,2802,Joiner
2020-11-15,3190,Joiner
2020-11-17,2253,Joiner
2020-11-18,1678,Joiner
2020-11-18,2077,Joiner
2020-11-18,2202,Joiner
2020-11-19,2550,Joiner
2020-11-19,3257,Joiner
2020-11-19,3298,Joiner
2020-11-20,3581,Joiner
2020-11-21,2984,Leaver
2020-11-21,3705,Joiner
2020-11-23,1050,Joiner
2020-11-23,1889,Joiner
2020-11-23,2217,Joiner
2020-11-23,3691,Joiner
2020-11-24,2651,Joiner
2020-11-24,3279,Leaver
2020-11-25,2055,Joiner
2020-11-26,1704,Joiner
2020-11-26,1749,Joiner
2020-11-26,3755,Joiner
2020-11-27,2290,Joiner
2020-11-29,1334,Leaver
2020-11-29,2675,Joiner
2020-11-29,3359,Joiner
2020-11-30,3305,Joiner
2020-12-01,1489,Joiner
2020-12-02,1348,Leaver
2020-12-02,1706,Joiner
2020-12-02,2734,Joiner
2020-12-02,2778,Joiner
2020-12-02,3015,Joiner
2020-12-02,3365,Joiner
2020-12-02,3564,Leaver
2020-12-03,1362,Leaver
2020-12-03,1733,Leaver
2020-12-05,1593,Joiner
2020-12-05,2589,Joiner
2020-12-06,2760,Joiner
2020-12-08,1210,Joiner
2020-12-08,1521,Joiner
2020-12-08,2140,Joiner
2020-12-08,2252,Joiner
2020-12-08,2563,Joiner
2020-12-09,3424,Joiner
2020-12-10,2556,Joiner
2020-12-10,3753,Leaver
2020-12-11,2273,Leaver
2020-12-12,1199,Joiner
2020-12-12,1899,Joiner
2020-12-12,3769,Joiner
2020-12-13,2359,Joiner
2020-12-13,3243,Joiner
2020-12-13,3520,Joiner
2020-12-14,1903,Joiner
2020-12-14,2217,Leaver
2020-12-14,3040,Joiner
2020-12-14,3118,Leaver
2020-12-15,1577,Joiner
2020-12-15,2007,Joiner
2020-12-15,2459,Joiner
2020-12-17,1465,Joiner
2020-12-18,1222,Joiner
2020-12-18,3079,Joiner
2020-12-19,1049,Leaver
2020-12-20,1119,Leaver
2020-12-20,2430,Leaver
2020-12-21,3944,Joiner
2020-12-22,1190,Joiner
2020-12-22,1267,Leaver
2020-12-22,1643,Leaver
2020-12-23,1130,Joiner
2020-12-23,2177,Joiner
2020-12-23,2379,Leaver
2020-12-23,2781,Joiner
2020-12-23,3179,Joiner
2020-12-24,1175,Leaver
2020-12-24,1557,Leaver
2020-12-24,1729,Leaver
2020-12-24,3162,Leaver
2020-12-25,2680,Joiner
2020-12-25,2875,Joiner
2020-12-25,3208,Joiner
2020-12-25,3935,Joiner
2020-12-26,2064,Leaver
2020-12-26,2231,Joiner
2020-12-27,3055,Joiner
2020-12-27,3212,Joiner
2020-12-27,3904,Joiner
2020-12-28,1539,Joiner
2020-12-28,2689,Joiner
2020-12-28,3423,Joiner
2020-12-28,3647,Joiner
2020-12-29,1182,Joiner
2020-12-29,2325,Joiner
2020-12-29,3005,Joiner
2020-12-29,3361,Joiner
2020-12-30,2844,Joiner
2020-12-30,3044,Leaver
2020-12-31,1859,Joiner
2020-12-31,3768,Joiner
2021-01-01,3287,Joiner
2021-01-02,1689,Joiner
2021-01-02,2162,Joiner
2021-01-03,1398,Joiner
2021-01-04,1742,Joiner
2021-01-04,1875,Joiner
2021-01-04,2268,Joiner
2021-01-05,1686,Joiner
2021-01-06,1305,Joiner
2021-01-06,1479,Joiner
2021-01-06,3097,Leaver
2021-01-07,2902,Joiner
2021-01-08,1735,Joiner
2021-01-08,1840,Joiner
2021-01-08,3078,Joiner
2021-01-08,3200,Joiner
2021-01-09,1867,Joiner
2021-01-09,1976,Joiner
2021-01-09,2037,Joiner
2021-01-09,2377,Joiner
2021-01-09,2931,Leaver
2021-01-10,2928,Joiner
2021-01-10,3093,Leaver
2021-01-10,3119,Joiner
2021-01-11,1283,Joiner
2021-01-11,3222,Joiner
2021-01-12,1010,Joiner
2021-01-14,2579,Joiner
2021-01-16,1541,Joiner
2021-01-16,3445,Joiner
2021-01-17,1458,Joiner
2021-01-17,1969,Joiner
2021-01-17,3261,Joiner
2021-01-17,3969,Joiner
2021-01-18,2254,Joiner
2021-01-18,2286,Leaver
2021-01-18,3912,Leaver
2021-01-19,3203,Joiner
2021-01-20,1773,Joiner
2021-01-20,2151,Joiner
2021-01-20,3967,Leaver
2021-01-23,1088,Leaver
2021-01-23,1759,Joiner
2021-01-24,1911,Joiner
2021-01-24,3771,Joiner
2021-01-25,3276,Joiner
2021-01-25,3979,Joiner
2021-01-26,1223,Joiner
2021-01-26,1273,Leaver
2021-01-26,1920,Joiner
2021-01-26,3491,Joiner
2021-01-27,2207,Joiner
2021-01-27,2462,Leaver
2021-01-27,3928,Joiner
2021-01-28,3386,Leaver
2021-01-29,2025,Joiner
2021-01-29,3169,Leaver
2021-01-29,3914,Leaver
2021-01-29,3971,Joiner
2021-01-30,3647,Leaver
2021-01-31,1826,Joiner
2021-02-02,2662,Joiner
2021-02-02,3347,Joiner
2021-02-03,1941,Joiner
2021-02-04,3653,Joiner
2021-02-04,3695,Leaver
2021-02-05,1569,Joiner
2021-02-05,2511,Joiner
2021-02-07,3482,Leaver
2021-02-08,1165,Joiner
2021-02-08,1272,Joiner
2021-02-08,2363,Joiner
2021-02-08,2415,Joiner
2021-02-08,2957,Joiner
2021-02-08,3165,Leaver
2021-02-08,3872,Leaver
2021-02-09,1219,Leaver
2021-02-09,2470,Joiner
2021-02-09,3144,Joiner
2021-02-10,3142,Joiner
2021-02-10,3803,Joiner
2021-02-11,2188,Joiner
2021-02-12,1561,Joiner
2021-02-12,1993,Leaver
2021-02-12,2301,Joiner
2021-02-13,2077,Leaver
2021-02-13,2688,Joiner
2021-02-13,3849,Joiner
2021-02-14,1865,Joiner
2021-02-14,2191,Joiner
2021-02-15,1396,Leaver
2021-02-15,1478,Joiner
2021-02-15,1522,Joiner
2021-02-15,1698,Joiner
2021-02-16,3749,Joiner
2021-02-17,2082,Joiner
2021-02-18,1540,Joiner
2021-02-18,1645,Joiner
2021-02-18,2739,Joiner
2021-02-18,3012,Leaver
2021-02-18,3451,Joiner
2021-02-19,1074,Joiner
2021-02-19,2847,Joiner
2021-02-19,3403,Joiner
2021-02-20,2234,Joiner
2021-02-20,2983,Joiner
2021-02-20,3968,Joiner
2021-02-21,1346,Joiner
2021-02-22,1906,Joiner
2021-02-23,2109,Joiner
2021-02-23,3254,Joiner
2021-02-24,1460,Joiner
2021-02-24,2264,Joiner
2021-02-25,1052,Joiner
2021-02-25,3507,Joiner
2021-02-25,3527,Leaver
2021-02-25,3590,Joiner
2021-02-26,3829,Leaver
2021-02-27,2417,Joiner
2021-02-27,3690,Leaver
2021-02-28,2245,Joiner
2021-02-28,2454,Joiner
2021-02-28,2518,Joiner
2021-03-01,3149,Joiner
2021-03-02,1255,Leaver
2021-03-02,2793,Joiner
2021-03-02,2824,Joiner
2021-03-03,1186,Joiner
2021-03-03,1377,Joiner
2021-03-03,2575,Joiner
2021-03-03,2631,Joiner
2021-03-03,3402,Joiner
2021-03-04,1466,Joiner
2021-03-04,1859,Leaver
2021-03-04,2238,Joiner
2021-03-04,2620,Joiner
2021-03-04,3116,Joiner
2021-03-04,3802,Joiner
2021-03-05,1004,Leaver
2021-03-05,1384,Leaver
2021-03-05,1485,Joiner
2021-03-05,3364,Joiner
2021-03-06,1791,Joiner
2021-03-06,1912,Leaver
2021-03-07,2916,Leaver
2021-03-07,3899,Joiner
2021-03-08,1302,Joiner
2021-03-08,1672,Joiner
2021-03-08,2126,Joiner
2021-03-08,2605,Joiner
2021-03-09,1607,Joiner
2021-03-09,3611,Joiner
2021-03-10,1101,Joiner
2021-03-10,3962,Joiner
2021-03-13,1533,Joiner
2021-03-13,3952,Joiner
2021-03-14,2182,Joiner
2021-03-14,2448,Leaver
2021-03-14,2971,Leaver
2021-03-15,1510,Joiner
2021-03-15,2576,Leaver
2021-03-16,1121,Joiner
2021-03-17,1408,Joiner
2021-03-17,1573,Joiner
2021-03-17,2266,Leaver
2021-03-17,2340,Joiner
2021-03-17,2571,Joiner
2021-03-17,3141,Joiner
2021-03-17,3179,Leaver
2021-03-18,2933,Joiner
2021-03-19,1659,Leaver
2021-03-19,2908,Joiner
2021-03-20,2837,Joiner
2021-03-20,3841,Joiner
2021-03-21,1340,Joiner
2021-03-21,3125,Leaver
2021-03-21,3908,Leaver
2021-03-22,2543,Leaver
2021-03-22,3739,Leaver
2021-03-23,1237,Joiner
2021-03-23,2159,Joiner
2021-03-23,2924,Joiner
2021-03-24,2424,Leaver
2021-03-24,3360,Joiner
2021-03-25,3194,Joiner
2021-03-25,3250,Joiner
2021-03-25,3300,Joiner
2021-03-26,1369,Joiner
2021-03-26,3815,Joiner
2021-03-27,2013,Leaver
2021-03-27,2473,Joiner
2021-03-27,2670,Joiner
2021-03-28,1351,Joiner
2021-03-28,3059,Joiner
2021-03-29,1248,Joiner
2021-03-29,3880,Joiner
2021-03-30,1417,Joiner
2021-03-30,1992,Leaver
2021-03-30,2084,Joiner
2021-03-30,3346,Joiner
2021-03-31,2615,Joiner
2021-04-01,1339,Joiner
2021-04-02,1664,Joiner
2021-04-03,1091,Leaver
2021-04-03,2258,Joiner
2021-04-03,3023,Leaver
2021-04-04,2698,Joiner
2021-04-05,1834,Leaver
2021-04-05,3396,Joiner
2021-04-05,3443,Joiner
2021-04-07,1053,Leaver
2021-04-07,1079,Joiner
2021-04-08,1981,Joiner
2021-04-08,2016,Joiner
2021-04-09,1433,Joiner
2021-04-09,1694,Joiner
2021-04-09,3293,Joiner
2021-04-10,1282,Joiner
2021-04-10,1312,Joiner
2021-04-10,2644,Leaver
2021-04-10,2892,Joiner
2021-04-10,3518,Joiner
2021-04-11,1103,Joiner
2021-04-11,2304,Joiner
2021-04-11,3602,Joiner
2021-04-11,3920,Joiner
2021-04-12,2562,Joiner
2021-04-13,1290,Joiner
2021-04-13,3131,Joiner
2021-04-14,1974,Joiner
2021-04-14,2975,Joiner
2021-04-14,3509,Joiner
2021-04-14,3597,Leaver
2021-04-14,3607,Leaver
2021-04-15,2057,Joiner
2021-04-15,3407,Joiner
2021-04-16,1306,Joiner
2021-04-16,2337,Joiner
2021-04-17,2888,Joiner
2021-04-17,3866,Leaver
2021-04-18,3459,Joiner
2021-04-19,1800,Leaver
2021-04-20,2799,Joiner
2021-04-20,3297,Leaver
2021-04-21,2323,Joiner
2021-04-21,3065,Joiner
2021-04-21,3838,Leaver
2021-04-22,2787,Joiner
2021-04-23,1526,Joiner
2021-04-24,1512,Leaver
2021-04-24,1717,Joiner
2021-04-24,3209,Joiner
2021-04-25,1246,Leaver
2021-04-25,1630,Joiner
2021-04-25,2004,Joiner
2021-04-25,3686,Joiner
2021-04-25,3951,Joiner
2021-04-26,2789,Joiner
2021-04-28,1031,Joiner
2021-04-28,2641,Joiner
2021-04-28,3038,Leaver
2021-04-28,3575,Joiner
2021-04-28,3583,Joiner
2021-04-29,1404,Leaver
2021-04-29,2257,Joiner
2021-05-01,1766,Leaver
2021-05-01,3641,Leaver
2021-05-01,3816,Joiner
2021-05-02,2149,Joiner
2021-05-04,1543,Leaver
2021-05-04,2878,Joiner
2021-05-05,2533,Joiner
2021-05-05,2756,Joiner
2021-05-06,1578,Joiner
2021-05-07,1646,Leaver
2021-05-08,1535,Joiner
2021-05-08,2020,Joiner
2021-05-09,1317,Joiner
2021-05-09,1823,Joiner
2021-05-09,3313,Joiner
2021-05-10,1502,Joiner
2021-05-10,3587,Joiner
2021-05-12,2305,Leaver
2021-05-12,2723,Joiner
2021-05-12,2726,Joiner
2021-05-13,1724,Joiner
2021-05-13,2555,Leaver
2021-05-13,2614,Joiner
2021-05-13,3230,Joiner
2021-05-13,3615,Joiner
2021-05-14,1648,Joiner
2021-05-15,1132,Joiner
2021-05-15,1956,Joiner
2021-05-15,2440,Joiner
2021-05-15,2964,Joiner
2021-05-15,3626,Joiner
2021-05-16,1679,Joiner
2021-05-16,1825,Joiner
2021-05-16,2172,Joiner
2021-05-18,3574,Joiner
2021-05-19,1546,Leaver
2021-05-19,2161,Joiner
2021-05-20,2063,Joiner
2021-05-20,2203,Leaver
2021-05-20,2784,Joiner
2021-05-20,2872,Leaver
2021-05-20,3579,Joiner
2021-05-21,3298,Leaver
2021-05-21,3820,Leaver
2021-05-22,1678,Leaver
2021-05-22,1708,Leaver
2021-05-22,3924,Joiner
2021-05-23,2534,Leaver
2021-05-24,1571,Joiner
2021-05-24,3231,Joiner
2021-05-24,3394,Joiner
2021-05-24,3756,Joiner
2021-05-25,2366,Leaver
2021-05-25,3246,Leaver
2021-05-25,3718,Joiner
2021-05-25,3855,Joiner
2021-05-26,1777,Leaver
2021-05-26,1794,Joiner
2021-05-26,3378,Joiner
2021-05-27,1321,Joiner
2021-05-28,3911,Joiner
2021-05-29,1016,Leaver
2021-05-29,1027,Leaver
2021-05-29,1640,Joiner
2021-05-29,1694,Leaver
2021-05-30,1725,Joiner
2021-05-30,1951,Leaver
2021-05-30,2678,Joiner
2021-05-30,2797,Joiner
2021-05-31,2086,Joiner
2021-05-31,2210,Joiner
2021-05-31,3481,Leaver
2021-06-01,1293,Joiner
2021-06-01,1551,Joiner
2021-06-01,1682,Joiner
2021-06-01,3253,Leaver
2021-06-01,3533,Joiner
2021-06-01,3995,Leaver
2021-06-02,3609,Joiner
2021-06-03,2949,Joiner
2021-06-04,1052,Leaver
2021-06-04,1420,Joiner
2021-06-04,2110,Joiner
2021-06-04,2428,Joiner
2021-06-04,2585,Joiner
2021-06-05,1698,Leaver
2021-06-05,2068,Joiner
2021-06-06,1012,Leaver
2021-06-07,1796,Joiner
2021-06-07,3225,Joiner
2021-06-07,3964,Joiner
2021-06-08,1626,Leaver
2021-06-08,1969,Leaver
2021-06-08,4000,Leaver
2021-06-09,1783,Joiner
2021-06-09,3395,Joiner
2021-06-10,2947,Joiner
2021-06-10,3844,Joiner
2021-06-11,2122,Joiner
2021-06-11,2880,Joiner
2021-06-12,1300,Joiner
2021-06-12,2374,Joiner
2021-06-13,1172,Joiner
2021-06-13,1181,Joiner
2021-06-13,1295,Joiner
2021-06-13,1503,Joiner
2021-06-13,2623,Leaver
2021-06-16,1078,Leaver
2021-06-16,1355,Joiner
2021-06-17,2226,Leaver
2021-06-17,3311,Joiner
2021-06-18,1686,Leaver
2021-06-18,3901,Joiner
2021-06-20,1503,Leaver
2021-06-20,3269,Joiner
2021-06-21,2687,Joiner
2021-06-21,3107,Joiner
2021-06-21,3430,Joiner
2021-06-22,1063,Joiner
2021-06-22,2389,Leaver
2021-06-22,3786,Joiner
2021-06-23,1024,Leaver
2021-06-23,2593,Leaver
2021-06-23,3177,Leaver
2021-06-24,2241,Joiner
2021-06-24,2459,Leaver
2021-06-25,1850,Leaver
2021-06-25,3523,Joiner
2021-06-26,2465,Leaver
2021-06-27,2762,Joiner
2021-06-27,3880,Leaver
2021-06-29,3455,Joiner
2021-06-29,3875,Joiner
2021-06-30,2560,Joiner
2021-07-01,1262,Joiner
2021-07-02,1732,Joiner
2021-07-02,2812,Joiner
2021-07-02,3614,Leaver
2021-07-03,2547,Joiner
2021-07-04,1187,Joiner
2021-07-04,1495,Joiner
2021-07-04,2791,Joiner
2021-07-05,2770,Joiner
2021-07-06,1036,Joiner
2021-07-06,1554,Joiner
2021-07-06,2024,Joiner
2021-07-06,2661,Joiner
2021-07-06,2789,Leaver
2021-07-06,2807,Joiner
2021-07-07,2581,Joiner
2021-07-08,1403,Joiner
2021-07-08,1579,Joiner
2021-07-08,1818,Joiner
2021-07-08,2548,Leaver
2021-07-09,1279,Joiner
2021-07-09,1880,Joiner
2021-07-10,1377,Leaver
2021-07-10,1575,Leaver
2021-07-10,2449,Leaver
2021-07-10,3622,Leaver
2021-07-11,1731,Joiner
2021-07-11,2925,Leaver
2021-07-11,3548,Joiner
2021-07-12,3115,Joiner
2021-07-12,3123,Joiner
2021-07-13,3325,Joiner
2021-07-13,3375,Leaver
2021-07-13,3508,Joiner
2021-07-13,3775,Joiner
2021-07-14,1375,Joiner
2021-07-14,2441,Joiner
2021-07-14,2497,Joiner
2021-07-14,3009,Leaver
2021-07-15,1588,Joiner
2021-07-15,1719,Joiner
2021-07-15,2561,Joiner
2021-07-15,3094,Joiner
2021-07-16,1357,Leaver
2021-07-16,3285,Joiner
2021-07-16,3689,Joiner
2021-07-17,2835,Joiner
2021-07-17,3711,Joiner
2021-07-18,2609,Leaver
2021-07-18,3463,Leaver
2021-07-20,1281,Leaver
2021-07-21,1188,Leaver
2021-07-21,1507,Joiner
2021-07-21,2316,Joiner
2021-07-21,2334,Joiner
2021-07-21,3576,Joiner
2021-07-22,3678,Joiner
2021-07-23,1222,Leaver
2021-07-23,1324,Joiner
2021-07-23,2324,Joiner
2021-07-24,2489,Joiner
2021-07-24,3070,Leaver
2021-07-25,1801,Joiner
2021-07-25,3028,Leaver
2021-07-25,3943,Leaver
2021-07-26,3524,Joiner
2021-07-27,1654,Joiner
2021-07-28,1143,Leaver
2021-07-28,1504,Leaver
2021-07-28,2560,Leaver
2021-07-28,2831,Joiner
2021-07-28,3244,Joiner
2021-07-29,2214,Joiner
2021-07-29,2741,Joiner
2021-07-30,1435,Joiner
2021-07-30,1842,Joiner
2021-07-30,2148,Joiner
2021-07-30,3358,Joiner
2021-07-31,2270,Leaver
2021-07-31,2743,Joiner
2021-07-31,3342,Joiner
2021-07-31,3546,Joiner
2021-08-01,3909,Joiner
2021-08-02,1349,Joiner
2021-08-02,1740,Leaver
2021-08-02,1856,Joiner
2021-08-02,3362,Joiner
2021-08-02,3832,Joiner
2021-08-03,1776,Joiner
2021-08-03,3688,Leaver
2021-08-05,1141,Joiner
2021-08-05,3120,Joiner
2021-08-05,3834,Leaver
2021-08-06,1194,Leaver
2021-08-06,1920,Leaver
2021-08-09,2171,Joiner
2021-08-09,3354,Joiner
2021-08-11,1331,Joiner
2021-08-11,2891,Joiner
2021-08-11,3842,Leaver
2021-08-13,2681,Leaver
2021-08-13,2976,Joiner
2021-08-13,3836,Joiner
2021-08-14,1666,Joiner
2021-08-14,2173,Joiner
2021-08-14,3196,Leaver
2021-08-14,3853,Joiner
2021-08-15,1006,Joiner
2021-08-15,2686,Joiner
2021-08-16,1837,Joiner
2021-08-16,3216,Joiner
2021-08-16,3953,Joiner
2021-08-17,1810,Joiner
2021-08-17,1839,Joiner
2021-08-17,1867,Leaver
2021-08-17,2323,Leaver
2021-08-17,3115,Leaver
2021-08-17,3511,Joiner
2021-08-17,3999,Leaver
2021-08-18,1106,Joiner
2021-08-18,2222,Leaver
2021-08-18,3098,Joiner
2021-08-19,2513,Joiner
2021-08-19,2711,Joiner
2021-08-19,2932,Joiner
2021-08-20,2737,Joiner
2021-08-21,2116,Joiner
2021-08-21,2439,Joiner
2021-08-22,1845,Leaver
2021-08-22,3339,Joiner
2021-08-23,1871,Joiner
2021-08-23,3234,Joiner
2021-08-23,3878,Leaver
2021-08-24,1321,Leaver
2021-08-24,3446,Joiner
2021-08-24,3760,Joiner
2021-08-25,2296,Joiner
2021-08-25,2667,Leaver
2021-08-26,2034,Joiner
2021-08-26,2695,Joiner
2021-08-26,3727,Joiner
2021-08-26,3767,Joiner
2021-08-27,3051,Joiner
2021-08-28,1371,Joiner
2021-08-28,2640,Joiner
2021-08-28,3193,Joiner
2021-08-29,3186,Joiner
2021-08-29,3344,Joiner
2021-08-29,3657,Joiner
2021-08-30,1228,Joiner
2021-08-30,1360,Joiner
2021-08-30,1622,Joiner
2021-08-30,1862,Joiner
2021-08-31,1217,Leaver
2021-08-31,1472,Joiner
2021-08-31,1963,Leaver
2021-08-31,3899,Leaver
2021-09-01,3996,Joiner
2021-09-02,1082,Joiner
2021-09-02,2858,Joiner
2021-09-04,3966,Leaver
2021-09-05,1445,Joiner
2021-09-05,2184,Joiner
2021-09-05,2293,Leaver
2021-09-05,3888,Joiner
2021-09-06,1409,Leaver
2021-09-06,1921,Joiner
2021-09-07,1521,Leaver
2021-09-07,2094,Leaver
2021-09-07,3364,Leaver
2021-09-08,1459,Joiner
2021-09-08,2485,Leaver
2021-09-08,3895,Leaver
2021-09-09,1286,Joiner
2021-09-09,1590,Joiner
2021-09-09,2838,Joiner
2021-09-09,3747,Joiner
2021-09-10,1153,Leaver
2021-09-10,1402,Joiner
2021-09-10,1835,Joiner
2021-09-10,2123,Joiner
2021-09-10,2821,Leaver
2021-09-10,2970,Leaver
2021-09-11,3565,Joiner
2021-09-12,3715,Joiner
2021-09-13,2313,Joiner
2021-09-13,2875,Leaver
2021-09-13,3897,Leaver
2021-09-14,3780,Leaver
2021-09-15,1316,Leaver
2021-09-15,2393,Leaver
2021-09-15,2408,Joiner
2021-09-15,2525,Joiner
2021-09-15,3807,Joiner
2021-09-16,2989,Joiner
2021-09-17,3205,Leaver
2021-09-17,3462,Leaver
2021-09-18,2549,Joiner
2021-09-18,2847,Leaver
2021-09-18,3726,Leaver
2021-09-19,1827,Joiner
2021-09-19,2006,Joiner
2021-09-20,1469,Joiner
2021-09-21,1621,Joiner
2021-09-21,2045,Joiner
2021-09-21,3065,Leaver
2021-09-21,3400,Joiner
2021-09-21,3475,Joiner
2021-09-22,1307,Joiner
2021-09-22,3392,Leaver
2021-09-22,3742,Joiner
2021-09-23,1328,Leaver
2021-09-23,1619,Leaver
2021-09-23,3806,Joiner
2021-09-24,1707,Joiner
2021-09-24,2204,Joiner
2021-09-24,2771,Leaver
2021-09-24,3909,Leaver
2021-09-24,3931,Joiner
2021-09-25,3852,Leaver
2021-09-26,1007,Leaver
2021-09-26,1285,Joiner
2021-09-26,3483,Joiner
2021-09-26,3566,Joiner
2021-09-27,1154,Joiner
2021-09-27,1597,Leaver
2021-09-27,2053,Joiner
2021-09-27,2461,Joiner
2021-09-27,2490,Joiner
2021-09-28,1572,Joiner
2021-09-29,1140,Joiner
2021-09-29,3094,Leaver
2021-09-30,2028,Joiner
2021-09-30,2260,Leaver
2021-10-01,1068,Joiner
2021-10-01,1539,Leaver
2021-10-01,1812,Joiner
2021-10-01,2255,Leaver
2021-10-01,2476,Joiner
2021-10-01,3003,Joiner
2021-10-01,3461,Leaver
2021-10-03,1178,Joiner
2021-10-03,1234,Leaver
2021-10-04,2680,Leaver
2021-10-05,1978,Joiner
2021-10-05,3592,Joiner
2021-10-06,1253,Leaver
2021-10-06,3232,Joiner
2021-10-06,3260,Joiner
2021-10-07,2176,Joiner
2021-10-07,2569,Joiner
2021-10-08,2173,Leaver
2021-10-08,2863,Joiner
2021-10-08,3053,Leaver
2021-10-08,3112,Joiner
2021-10-09,1297,Leaver
2021-10-09,2737,Leaver
2021-10-10,1023,Leaver
2021-10-10,3504,Joiner
2021-10-10,3817,Joiner
2021-10-11,2236,Leaver
2021-10-11,3839,Joiner
2021-10-12,2878,Leaver
2021-10-12,2976,Leaver
2021-10-13,1314,Joiner
2021-10-13,3774,Leaver
2021-10-14,2384,Joiner
2021-10-14,3532,Joiner
2021-10-14,3776,Joiner
2021-10-15,2054,Leaver
2021-10-15,2828,Joiner
2021-10-15,3751,Joiner
2021-10-16,1257,Joiner
2021-10-16,1371,Leaver
2021-10-16,2330,Joiner
2021-10-16,2509,Leaver
2021-10-16,2596,Joiner
2021-10-16,2969,Leaver
2021-10-16,3034,Joiner
2021-10-17,1634,Joiner
2021-10-17,1999,Joiner
2021-10-17,3278,Leaver
2021-10-17,3573,Leaver
2021-10-18,2954,Leaver
2021-10-18,3928,Leaver
2021-10-18,3954,Joiner
2021-10-19,1562,Leaver
2021-10-19,1635,Joiner
2021-10-19,2369,Joiner
2021-10-20,2580,Leaver
2021-10-21,1125,Joiner
2021-10-21,1909,Joiner
2021-10-22,3108,Joiner
2021-10-22,3718,Leaver
2021-10-22,3865,Leaver
2021-10-22,3976,Joiner
2021-10-23,1129,Leaver
2021-10-23,3425,Leaver
2021-10-24,1501,Joiner
2021-10-24,1996,Joiner
2021-10-24,2934,Joiner
2021-10-24,3029,Joiner
2021-10-24,3876,Joiner
2021-10-25,1307,Leaver
2021-10-25,2135,Joiner
2021-10-25,2896,Joiner
2021-10-26,3485,Joiner
2021-10-26,3570,Leaver
2021-10-26,3704,Leaver
2021-10-27,1135,Joiner
2021-10-27,2147,Leaver
2021-10-28,1286,Leaver
2021-10-29,1761,Joiner
2021-10-29,2331,Leaver
2021-10-29,3710,Joiner
2021-10-30,1877,Joiner
2021-10-30,3724,Leaver
2021-10-30,3776,Leaver
2021-10-31,1335,Joiner
2021-10-31,2900,Joiner
2021-11-01,1167,Joiner
2021-11-01,1173,Leaver
2021-11-02,3683,Joiner
2021-11-03,1341,Joiner
2021-11-03,1699,Joiner
2021-11-03,2550,Leaver
2021-11-04,1602,Joiner
2021-11-04,2138,Joiner
2021-11-04,3124,Leaver
2021-11-05,1874,Joiner
2021-11-05,2838,Leaver
2021-11-06,1387,Joiner
2021-11-06,2523,Joiner
2021-11-07,1326,Leaver
2021-11-07,1696,Joiner
2021-11-07,2726,Leaver
2021-11-07,2891,Leaver
2021-11-08,1238,Leaver
2021-11-08,3465,Joiner
2021-11-09,1882,Joiner
2021-11-09,2522,Leaver
2021-11-09,3777,Joiner
2021-11-10,1980,Joiner
2021-11-10,2197,Leaver
2021-11-10,3401,Joiner
2021-11-10,3807,Leaver
2021-11-11,1851,Joiner
2021-11-11,3625,Joiner
2021-11-12,2086,Leaver
2021-11-12,3642,Leaver
2021-11-13,1857,Joiner
2021-11-13,2519,Joiner
2021-11-13,2664,Joiner
2021-11-14,1266,Joiner
2021-11-14,1525,Joiner
2021-11-14,1897,Joiner
2021-11-14,2028,Leaver
2021-11-14,2466,Joiner
2021-11-14,2929,Leaver
2021-11-14,3181,Leaver
2021-11-16,1122,Joiner
2021-11-16,2360,Joiner
2021-11-16,2866,Joiner
2021-11-16,3157,Leaver
2021-11-17,1424,Joiner
2021-11-17,2009,Joiner
2021-11-18,1056,Joiner
2021-11-18,2356,Joiner
2021-11-19,1533,Leaver
2021-11-19,2558,Joiner
2021-11-19,3139,Joiner
2021-11-20,1006,Leaver
2021-11-20,1190,Leaver
2021-11-20,1465,Leaver
2021-11-20,2421,Joiner
2021-11-20,2638,Joiner
2021-11-20,3227,Joiner
2021-11-21,1340,Leaver
2021-11-21,1671,Joiner
2021-11-21,1996,Leaver
2021-11-21,2832,Joiner
2021-11-22,1393,Joiner
2021-11-22,2843,Joiner
2021-11-23,1355,Leaver
2021-11-23,1654,Leaver
2021-11-23,2035,Leaver
2021-11-23,2657,Joiner
2021-11-23,2685,Joiner
2021-11-23,3242,Joiner
2021-11-23,3591,Joiner
2021-11-25,1036,Leaver
2021-11-25,3681,Joiner
2021-11-26,1224,Joiner
2021-11-26,1441,Joiner
2021-11-26,2739,Leaver
2021-11-26,3550,Joiner
2021-11-27,1047,Joiner
2021-11-27,2469,Joiner
2021-11-28,1433,Leaver
2021-11-28,3444,Joiner
2021-11-29,1652,Joiner
2021-11-29,2370,Leaver
2021-11-29,2456,Joiner
2021-11-29,2963,Joiner
2021-11-29,3396,Leaver
2021-12-01,1248,Leaver
2021-12-01,1713,Joiner
2021-12-02,1517,Joiner
2021-12-02,3496,Joiner
2021-12-02,3796,Leaver
2021-12-03,3069,Leaver
2021-12-03,3311,Leaver
2021-12-04,1972,Joiner
2021-12-05,1804,Joiner
2021-12-05,2040,Joiner
2021-12-06,1134,Joiner
2021-12-06,2238,Leaver
2021-12-06,2372,Leaver
2021-12-06,2446,Joiner
2021-12-06,2852,Joiner
2021-12-07,1337,Leaver
2021-12-07,1903,Leaver
2021-12-07,2076,Joiner
2021-12-07,2628,Joiner
2021-12-07,3055,Leaver
2021-12-08,1018,Leaver
2021-12-08,1582,Leaver
2021-12-08,2730,Joiner
2021-12-08,2779,Joiner
2021-12-08,3497,Joiner
2021-12-08,3885,Joiner
2021-12-09,1618,Joiner
2021-12-11,1724,Leaver
2021-12-11,3683,Leaver
2021-12-12,1671,Leaver
2021-12-13,1732,Leaver
2021-12-13,2761,Joiner
2021-12-13,3345,Joiner
2021-12-14,3148,Leaver
2021-12-15,1017,Leaver
2021-12-15,3351,Joiner
2021-12-16,3335,Leaver
2021-12-17,1395,Joiner
2021-12-17,3587,Leaver
2021-12-18,3821,Joiner
2021-12-19,1178,Leaver
2021-12-19,3519,Joiner
2021-12-20,1560,Joiner
2021-12-20,3499,Leaver
2021-12-21,2422,Joiner
2021-12-21,2727,Leaver
2021-12-22,2157,Leaver
2021-12-22,2776,Joiner
2021-12-22,3063,Joiner
2021-12-22,3585,Joiner
2021-12-22,3942,Leaver
2021-12-23,1848,Joiner
2021-12-23,3235,Joiner
2021-12-23,3728,Joiner
2021-12-24,3998,Joiner
2021-12-25,3923,Joiner
2021-12-26,1395,Leaver
2021-12-26,2484,Joiner
2021-12-26,2503,Joiner
2021-12-26,3024,Joiner
2021-12-27,1066,Joiner
2021-12-27,2227,Joiner
2021-12-27,2390,Leaver
2021-12-27,2558,Leaver
2021-12-27,2794,Joiner
2021-12-27,3008,Leaver
2021-12-28,3100,Leaver
2021-12-29,1863,Leaver
2021-12-29,2264,Leaver
2021-12-30,3245,Leaver
2021-12-31,2569,Leaver
2021-12-31,2683,Joiner
2021-12-31,3264,Joiner
2021-12-31,3511,Leaver
2022-01-01,3803,Leaver
2022-01-02,2762,Leaver
2022-01-03,3957,Joiner
2022-01-04,3574,Leaver
2022-01-05,3016,Joiner
2022-01-06,1353,Leaver
2022-01-06,2471,Joiner
2022-01-07,1746,Leaver
2022-01-07,1885,Joiner
2022-01-07,1972,Leaver
2022-01-07,2354,Joiner
2022-01-07,2673,Joiner
2022-01-08,1134,Leaver
2022-01-08,2666,Leaver
2022-01-08,2677,Leaver
2022-01-08,2720,Joiner
2022-01-09,2234,Leaver
2022-01-09,3722,Leaver
2022-01-10,1184,Joiner
2022-01-10,2237,Joiner
2022-01-11,1288,Joiner
2022-01-11,1477,Leaver
2022-01-11,2050,Joiner
2022-01-11,2085,Leaver
2022-01-11,2801,Joiner
2022-01-12,1280,Joiner
2022-01-12,1373,Joiner
2022-01-12,1471,Leaver
2022-01-12,1714,Joiner
2022-01-12,2251,Joiner
2022-01-12,3192,Leaver
2022-01-12,3664,Leaver
2022-01-13,1748,Joiner
2022-01-13,3395,Leaver
2022-01-13,3770,Joiner
2022-01-14,1632,Joiner
2022-01-14,2514,Joiner
2022-01-14,3326,Joiner
2022-01-15,1586,Joiner
2022-01-17,1081,Joiner
2022-01-17,1265,Joiner
2022-01-18,3575,Leaver
2022-01-18,3730,Joiner
2022-01-18,3785,Joiner
2022-01-19,2855,Joiner
2022-01-20,3503,Joiner
2022-01-20,3547,Joiner
2022-01-21,3436,Joiner
2022-01-22,1683,Joiner
2022-01-22,3031,Joiner
2022-01-22,3663,Leaver
2022-01-22,3858,Joiner
2022-01-23,1193,Leaver
2022-01-23,3122,Joiner
2022-01-23,3612,Joiner
2022-01-24,3236,Joiner
2022-01-25,2275,Joiner
2022-01-25,3754,Leaver
2022-01-26,2418,Joiner
2022-01-26,3833,Joiner
2022-01-27,1911,Leaver
2022-01-28,1383,Joiner
2022-01-28,1772,Leaver
2022-01-28,1849,Joiner
2022-01-28,2204,Leaver
2022-01-28,3170,Joiner
2022-01-29,2023,Joiner
2022-01-29,2503,Leaver
2022-01-30,2412,Joiner
2022-01-31,2477,Joiner
2022-02-01,2259,Joiner
2022-02-01,2733,Joiner
2022-02-01,3367,Leaver
2022-02-02,3310,Joiner
2022-02-03,1183,Joiner
2022-02-04,3444,Leaver
2022-02-04,3905,Leaver
2022-02-05,1745,Joiner
2022-02-05,1916,Joiner
2022-02-05,2215,Joiner
2022-02-07,1011,Joiner
2022-02-07,2048,Joiner
2022-02-07,2684,Joiner
2022-02-07,3417,Joiner
2022-02-08,1731,Leaver
2022-02-08,2174,Joiner
2022-02-08,2619,Leaver
2022-02-08,3168,Joiner
2022-02-08,3772,Joiner
2022-02-09,2718,Joiner
2022-02-10,1376,Leaver
2022-02-10,3318,Leaver
2022-02-10,3984,Joiner
2022-02-11,1814,Joiner
2022-02-11,2428,Leaver
2022-02-12,1214,Joiner
2022-02-12,2923,Joiner
2022-02-12,3150,Joiner
2022-02-12,3346,Leaver
2022-02-12,3616,Joiner
2022-02-14,2874,Joiner
2022-02-14,2997,Joiner
2022-02-15,1096,Joiner
2022-02-15,2285,Joiner
2022-02-15,2887,Leaver
2022-02-15,3155,Leaver
2022-02-16,2513,Leaver
2022-02-16,3764,Joiner
2022-02-17,1547,Joiner
2022-02-18,1617,Joiner
2022-02-18,2185,Leaver
2022-02-18,2516,Joiner
2022-02-18,2994,Joiner
2022-02-19,2031,Joiner
2022-02-20,2318,Joiner
2022-02-21,1139,Leaver
2022-02-21,3343,Joiner
2022-02-22,1722,Joiner
2022-02-23,1965,Joiner
2022-02-23,3361,Leaver
2022-02-23,3648,Joiner
2022-02-24,2893,Joiner
2022-02-24,3907,Joiner
2022-02-25,1410,Joiner
2022-02-25,2374,Leaver
2022-02-25,3133,Joiner
2022-02-25,3987,Joiner
2022-02-26,1499,Joiner
2022-02-26,2051,Joiner
2022-02-26,2056,Leaver
2022-02-26,2235,Joiner
2022-02-26,2884,Joiner
2022-02-26,2979,Joiner
2022-02-26,3151,Joiner
2022-02-26,3773,Leaver
2022-02-27,1147,Leaver
2022-02-27,1354,Leaver
2022-02-27,1534,Joiner
2022-02-28,2134,Joiner
2022-02-28,2710,Joiner
2022-02-28,3650,Leaver
2022-02-28,3661,Joiner
2022-03-01,3140,Joiner
2022-03-02,1804,Leaver
2022-03-02,3133,Leaver
2022-03-02,3519,Leaver
2022-03-02,3674,Leaver
2022-03-04,1230,Joiner
2022-03-04,1347,Joiner
2022-03-04,1350,Joiner
2022-03-04,1567,Joiner
2022-03-04,2897,Joiner
2022-03-04,3145,Leaver
2022-03-04,3489,Joiner
2022-03-04,3873,Joiner
2022-03-05,1752,Joiner
2022-03-05,3538,Leaver
2022-03-05,3927,Leaver
2022-03-06,1806,Joiner
2022-03-06,2447,Leaver
2022-03-06,2632,Joiner
2022-03-07,3545,Joiner
2022-03-08,1426,Joiner
2022-03-08,2250,Joiner
2022-03-09,2018,Joiner
2022-03-09,2287,Joiner
2022-03-09,3033,Leaver
2022-03-09,3515,Joiner
2022-03-10,1824,Leaver
2022-03-11,1252,Joiner
2022-03-11,2871,Joiner
2022-03-11,3153,Leaver
2022-03-11,3325,Leaver
2022-03-12,1429,Leaver
2022-03-12,2131,Leaver
2022-03-13,2014,Joiner
2022-03-13,2438,Joiner
2022-03-13,2848,Joiner
2022-03-13,3385,Joiner
2022-03-14,1133,Joiner
2022-03-14,1333,Joiner
2022-03-14,2024,Leaver
2022-03-15,2405,Leaver
2022-03-16,3110,Joiner
2022-03-17,1149,Joiner
2022-03-17,2467,Joiner
2022-03-17,3317,Joiner
2022-03-18,1010,Leaver
2022-03-18,2888,Leaver
2022-03-18,2945,Leaver
2022-03-20,1566,Joiner
2022-03-21,3633,Joiner
2022-03-22,1622,Leaver
2022-03-22,1868,Joiner
2022-03-22,2159,Leaver
2022-03-22,2641,Leaver
2022-03-22,3262,Joiner
2022-03-23,1301,Leaver
2022-03-23,1887,Joiner
2022-03-24,1998,Joiner
2022-03-24,2458,Leaver
2022-03-24,2862,Leaver
2022-03-24,3861,Joiner
2022-03-25,1039,Leaver
2022-03-25,1099,Joiner
2022-03-26,1822,Joiner
2022-03-26,1828,Leaver
2022-03-26,2019,Joiner
2022-03-27,1085,Joiner
2022-03-27,2599,Joiner
2022-03-27,3207,Joiner
2022-03-27,3236,Leaver
2022-03-28,1890,Joiner
2022-03-28,2839,Leaver
2022-03-28,2873,Joiner
2022-03-29,1162,Joiner
2022-03-29,1601,Joiner
2022-03-29,2111,Joiner
2022-03-29,2685,Leaver
2022-03-30,1064,Joiner
2022-03-30,1639,Joiner
2022-03-30,1937,Joiner
2022-03-30,3363,Joiner
2022-03-31,1786,Joiner
2022-03-31,1853,Joiner
2022-03-31,2899,Leaver
2022-04-01,1959,Joiner
2022-04-03,2709,Joiner
2022-04-03,3818,Leaver
2022-04-04,3822,Leaver
2022-04-06,1905,Joiner
2022-04-06,3351,Leaver
2022-04-06,3433,Joiner
2022-04-07,1542,Joiner
2022-04-07,2422,Leaver
2022-04-07,2743,Leaver
2022-04-07,3516,Joiner
2022-04-08,1051,Joiner
2022-04-08,1752,Leaver
2022-04-09,1817,Leaver
2022-04-09,2856,Joiner
2022-04-10,1663,Joiner
2022-04-10,2246,Leaver
2022-04-11,1201,Joiner
2022-04-12,2690,Joiner
2022-04-12,3402,Leaver
2022-04-13,1064,Leaver
2022-04-13,2205,Joiner
2022-04-13,2299,Joiner
2022-04-13,2780,Joiner
2022-04-13,2836,Joiner
2022-04-13,3466,Joiner
2022-04-14,1679,Leaver
2022-04-14,2277,Joiner
2022-04-14,2319,Leaver
2022-04-14,2402,Joiner
2022-04-14,2766,Leaver
2022-04-14,2885,Joiner
2022-04-15,2643,Joiner
2022-04-15,3019,Joiner
2022-04-15,3738,Joiner
2022-04-16,2032,Joiner
2022-04-16,2992,Joiner
2022-04-16,3694,Leaver
2022-04-17,2058,Joiner
2022-04-18,1058,Joiner
2022-04-18,1854,Leaver
2022-04-18,3583,Leaver
2022-04-19,1032,Joiner
2022-04-19,2805,Joiner
2022-04-20,1450,Leaver
2022-04-20,3263,Joiner
2022-04-21,1970,Joiner
2022-04-21,1970,Leaver
2022-04-21,2310,Joiner
2022-04-21,3242,Leaver
2022-04-22,1099,Leaver
2022-04-22,1559,Joiner
2022-04-22,2039,Joiner
2022-04-22,2067,Joiner
2022-04-22,3887,Joiner
2022-04-23,1046,Joiner
2022-04-23,2023,Leaver
2022-04-23,2742,Joiner
2022-04-23,3637,Joiner
2022-04-24,1113,Joiner
2022-04-25,1252,Leaver
2022-04-25,1517,Leaver
2022-04-25,2132,Joiner
2022-04-25,2394,Joiner
2022-04-25,3850,Leaver
2022-04-26,2250,Leaver
2022-04-27,1200,Joiner
2022-04-27,3126,Joiner
2022-04-27,3426,Joiner
2022-04-28,1565,Joiner
2022-04-28,1959,Leaver
2022-04-28,2154,Joiner
2022-04-28,2268,Leaver
2022-04-28,3458,Joiner
2022-04-28,3805,Joiner
2022-04-29,1366,Joiner
2022-04-29,2559,Joiner
2022-04-29,3666,Joiner
2022-04-29,3723,Joiner
2022-04-30,1674,Joiner
2022-04-30,2915,Joiner
2022-05-01,1079,Leaver
2022-05-01,1259,Joiner
2022-05-01,1919,Joiner
2022-05-01,2910,Joiner
2022-05-01,2912,Joiner
2022-05-01,3051,Leaver
2022-05-01,3759,Joiner
2022-05-02,2338,Leaver
2022-05-02,2529,Joiner
2022-05-03,1123,Joiner
2022-05-04,1961,Leaver
2022-05-04,2596,Leaver
2022-05-04,2767,Joiner
2022-05-04,3524,Leaver
2022-05-04,3582,Leaver
2022-05-05,1549,Joiner
2022-05-05,2741,Leaver
2022-05-05,3781,Leaver
2022-05-06,3883,Joiner
2022-05-08,1487,Joiner
2022-05-08,1943,Joiner
2022-05-08,3300,Leaver
2022-05-09,2108,Joiner
2022-05-09,3259,Joiner
2022-05-09,3421,Joiner
2022-05-10,1602,Leaver
2022-05-10,2242,Joiner
2022-05-10,2865,Joiner
2022-05-10,3792,Leaver
2022-05-11,2169,Leaver
2022-05-12,1702,Joiner
2022-05-12,2033,Joiner
2022-05-12,3108,Leaver
2022-05-13,2000,Joiner
2022-05-13,3184,Joiner
2022-05-13,3347,Leaver
2022-05-13,3934,Leaver
2022-05-14,2037,Leaver
2022-05-14,3811,Joiner
2022-05-15,1195,Leaver
2022-05-15,3241,Joiner
2022-05-16,1509,Joiner
2022-05-16,1907,Joiner
2022-05-16,2864,Joiner
2022-05-18,1599,Joiner
2022-05-18,1990,Leaver
2022-05-19,1370,Joiner
2022-05-19,2295,Joiner
2022-05-19,3232,Leaver
2022-05-22,3068,Joiner
2022-05-22,3212,Leaver
2022-05-23,1244,Joiner
2022-05-23,1587,Joiner
2022-05-23,3025,Joiner
2022-05-24,1224,Leaver
2022-05-24,2308,Joiner
2022-05-25,1709,Joiner
2022-05-25,3439,Joiner
2022-05-26,2414,Joiner
2022-05-26,2488,Joiner
2022-05-26,2755,Joiner
2022-05-26,3891,Joiner
2022-05-27,1172,Leaver
2022-05-27,2171,Leaver
2022-05-27,2626,Leaver
2022-05-28,1070,Leaver
2022-05-28,3537,Joiner
2022-05-29,3104,Joiner
2022-05-30,1488,Leaver
2022-05-30,1957,Leaver
2022-05-30,2556,Leaver
2022-05-31,1652,Leaver
2022-05-31,1727,Leaver
2022-06-01,2261,Joiner
2022-06-01,3560,Joiner
2022-06-02,3535,Leaver
2022-06-03,1826,Leaver
2022-06-03,2058,Leaver
2022-06-03,3414,Joiner
2022-06-04,2373,Leaver
2022-06-04,2611,Leaver
2022-06-04,2750,Joiner
2022-06-04,3294,Joiner
2022-06-05,1527,Joiner
2022-06-05,1625,Joiner
2022-06-05,3399,Joiner
2022-06-06,1166,Joiner
2022-06-06,1227,Leaver
2022-06-06,1756,Joiner
2022-06-06,2416,Joiner
2022-06-06,3227,Leaver
2022-06-08,2708,Joiner
2022-06-08,3084,Leaver
2022-06-08,3913,Leaver
2022-06-08,3984,Leaver
2022-06-10,2257,Leaver
2022-06-10,2630,Joiner
2022-06-10,3259,Leaver
2022-06-10,3308,Joiner
2022-06-11,1109,Joiner
2022-06-11,1239,Joiner
2022-06-11,1405,Leaver
2022-06-11,1811,Joiner
2022-06-11,2367,Leaver
2022-06-11,2574,Joiner
2022-06-11,2761,Leaver
2022-06-11,3131,Leaver
2022-06-11,3673,Joiner
2022-06-11,3979,Leaver
2022-06-12,1932,Leaver
2022-06-12,2315,Joiner
2022-06-12,2768,Joiner
2022-06-12,3983,Joiner
2022-06-13,1378,Joiner
2022-06-13,2228,Leaver
2022-06-14,1786,Leaver
2022-06-14,2284,Joiner
2022-06-14,3127,Joiner
2022-06-15,2642,Joiner
2022-06-15,2996,Joiner
2022-06-16,1171,Joiner
2022-06-16,3442,Leaver
2022-06-16,3644,Joiner
2022-06-18,1460,Leaver
2022-06-18,3592,Leaver
2022-06-19,2079,Joiner
2022-06-19,2425,Joiner
2022-06-19,2704,Leaver
2022-06-19,3004,Leaver
2022-06-20,2482,Leaver
2022-06-20,2719,Joiner
2022-06-20,2779,Leaver
2022-06-20,3370,Joiner
2022-06-21,1716,Leaver
2022-06-21,3056,Joiner
2022-06-21,3459,Leaver
2022-06-22,2975,Leaver
2022-06-22,3422,Joiner
2022-06-22,3947,Leaver
2022-06-22,3993,Joiner
2022-06-23,2473,Leaver
2022-06-25,1423,Joiner
2022-06-25,2348,Joiner
2022-06-26,1723,Leaver
2022-06-26,1831,Joiner
2022-06-26,2036,Joiner
2022-06-26,3122,Leaver
2022-06-26,3703,Leaver
2022-06-27,2279,Joiner
2022-06-27,2387,Joiner
2022-06-27,3074,Leaver
2022-06-27,3916,Joiner
2022-06-28,1308,Joiner
2022-06-28,2813,Joiner
2022-06-29,1258,Joiner
2022-06-29,2069,Joiner
2022-06-29,2354,Leaver
2022-06-30,2396,Joiner
2022-06-30,2506,Joiner
2022-06-30,2830,Joiner
2022-07-01,1266,Leaver
2022-07-01,1994,Joiner
2022-07-01,2723,Leaver
2022-07-01,2868,Joiner
2022-07-01,2894,Joiner
2022-07-01,3238,Leaver
2022-07-02,1110,Joiner
2022-07-02,1819,Joiner
2022-07-02,1948,Joiner
2022-07-02,2070,Joiner
2022-07-03,1612,Joiner
2022-07-03,2011,Joiner
2022-07-03,2212,Joiner
2022-07-03,3525,Joiner
2022-07-04,3518,Leaver
2022-07-05,1748,Leaver
2022-07-05,3030,Joiner
2022-07-05,3152,Joiner
2022-07-05,3455,Leaver
2022-07-06,3191,Joiner
2022-07-06,3752,Joiner
2022-07-07,3571,Joiner
2022-07-08,1087,Joiner
2022-07-08,1736,Leaver
2022-07-08,3888,Leaver
2022-07-09,1611,Leaver
2022-07-09,1647,Leaver
2022-07-09,2271,Joiner
2022-07-09,3000,Joiner
2022-07-09,3105,Leaver
2022-07-10,1112,Joiner
2022-07-10,2278,Joiner
2022-07-10,2795,Joiner
2022-07-10,3896,Leaver
2022-07-11,1189,Leaver
2022-07-11,2748,Joiner
2022-07-11,3989,Joiner
2022-07-12,1092,Joiner
2022-07-12,1138,Leaver
2022-07-12,2011,Leaver
2022-07-13,2245,Leaver
2022-07-13,2396,Leaver
2022-07-13,3254,Leaver
2022-07-13,3910,Joiner
2022-07-14,3795,Joiner
2022-07-15,1272,Leaver
2022-07-15,1514,Joiner
2022-07-15,2674,Joiner
2022-07-15,3921,Leaver
2022-07-16,1042,Joiner
2022-07-16,1179,Joiner
2022-07-16,1594,Joiner
2022-07-16,2242,Leaver
2022-07-16,2675,Leaver
2022-07-16,3723,Leaver
2022-07-18,2554,Joiner
2022-07-18,2659,Joiner
2022-07-18,2671,Joiner
2022-07-19,1835,Leaver
2022-07-19,2200,Joiner
2022-07-19,3890,Joiner
2022-07-19,3987,Leaver
2022-07-20,1439,Joiner
2022-07-20,2657,Leaver
2022-07-21,1639,Leaver
2022-07-21,2918,Leaver
2022-07-21,3936,Joiner
2022-07-21,3988,Joiner
2022-07-22,3719,Joiner
2022-07-22,3772,Leaver
2022-07-23,1233,Joiner
2022-07-23,2781,Leaver
2022-07-23,2981,Joiner
2022-07-23,3733,Leaver
2022-07-24,1744,Joiner
2022-07-24,3324,Leaver
2022-07-25,1265,Leaver
2022-07-25,1683,Leaver
2022-07-25,1855,Joiner
2022-07-25,2339,Joiner
2022-07-25,2816,Joiner
2022-07-25,3945,Joiner
2022-07-26,2939,Joiner
2022-07-26,3786,Leaver
2022-07-26,3972,Joiner
2022-07-27,2335,Joiner
2022-07-27,2413,Joiner
2022-07-27,3166,Leaver
2022-07-27,3369,Joiner
2022-07-27,3998,Leaver
2022-07-28,2362,Leaver
2022-07-28,3066,Joiner
2022-07-29,1567,Leaver
2022-07-29,1677,Joiner
2022-07-29,2403,Leaver
2022-07-30,1692,Leaver
2022-07-30,2111,Leaver
2022-07-31,2518,Leaver
2022-07-31,2541,Joiner
2022-07-31,3625,Leaver
2022-07-31,3716,Joiner
2022-08-01,1851,Leaver
2022-08-02,1761,Leaver
2022-08-02,2655,Joiner
2022-08-02,2854,Joiner
2022-08-02,2871,Leaver
2022-08-02,3479,Joiner
2022-08-03,1046,Leaver
2022-08-03,1424,Leaver
2022-08-03,1493,Joiner
2022-08-03,2301,Leaver
2022-08-03,2433,Leaver
2022-08-03,3102,Leaver
2022-08-04,2244,Joiner
2022-08-04,3424,Leaver
2022-08-05,1581,Joiner
2022-08-05,2020,Leaver
2022-08-05,2602,Leaver
2022-08-05,3420,Leaver
2022-08-06,3536,Joiner
2022-08-07,2572,Joiner
2022-08-07,2708,Leaver
2022-08-07,3422,Leaver
2022-08-08,1928,Joiner
2022-08-08,2326,Joiner
2022-08-08,2633,Joiner
2022-08-08,2857,Leaver
2022-08-08,3631,Joiner
2022-08-09,1660,Joiner
2022-08-09,1948,Leaver
2022-08-09,2497,Leaver
2022-08-09,3982,Joiner
2022-08-10,1081,Leaver
2022-08-11,2464,Joiner
2022-08-11,2826,Joiner
2022-08-11,3112,Leaver
2022-08-11,3171,Leaver
2022-08-11,3670,Joiner
2022-08-12,1086,Joiner
2022-08-12,2214,Leaver
2022-08-12,2668,Joiner
2022-08-12,3191,Leaver
2022-08-13,3301,Leaver
2022-08-13,3649,Joiner
2022-08-13,3855,Leaver
2022-08-14,1339,Leaver
2022-08-14,3784,Joiner
2022-08-15,1498,Joiner
2022-08-15,1986,Joiner
2022-08-16,2398,Leaver
2022-08-16,2978,Joiner
2022-08-16,2996,Leaver
2022-08-16,3685,Joiner
2022-08-17,3932,Joiner
2022-08-18,2431,Joiner
2022-08-18,2450,Joiner
2022-08-18,3228,Leaver
2022-08-18,3844,Leaver
2022-08-18,3859,Leaver
2022-08-19,1699,Leaver
2022-08-19,2553,Joiner
2022-08-19,2846,Leaver
2022-08-19,3095,Joiner
2022-08-20,1498,Leaver
2022-08-21,1483,Joiner
2022-08-21,3284,Joiner
2022-08-22,1346,Leaver
2022-08-23,1151,Joiner
2022-08-23,1269,Joiner
2022-08-23,2415,Leaver
2022-08-23,3026,Joiner
2022-08-24,2093,Leaver
2022-08-24,3813,Joiner
2022-08-25,1589,Leaver
2022-08-25,2144,Joiner
2022-08-25,3523,Leaver
2022-08-26,1032,Leaver
2022-08-26,1122,Leaver
2022-08-26,1237,Leaver
2022-08-26,1527,Leaver
2022-08-26,2760,Leaver
2022-08-26,3337,Joiner
2022-08-27,3629,Joiner
2022-08-27,3652,Leaver
2022-08-28,3915,Joiner
2022-08-29,1559,Leaver
2022-08-29,2272,Joiner
2022-08-29,2934,Leaver
2022-08-30,3357,Joiner
2022-08-30,3501,Leaver
2022-08-30,3699,Joiner
2022-08-31,1839,Leaver
2022-08-31,2732,Joiner
2022-08-31,3604,Leaver
2022-09-01,1202,Joiner
2022-09-01,1660,Leaver
2022-09-01,2322,Joiner
2022-09-01,3712,Leaver
2022-09-02,2690,Leaver
2022-09-02,2848,Leaver
2022-09-02,3513,Joiner
2022-09-02,3765,Joiner
2022-09-03,1640,Leaver
2022-09-03,1805,Leaver
2022-09-03,2329,Leaver
2022-09-03,2334,Leaver
2022-09-03,2521,Joiner
2022-09-03,2720,Leaver
2022-09-03,3398,Leaver
2022-09-04,1656,Joiner
2022-09-04,1799,Joiner
2022-09-04,2616,Leaver
2022-09-05,3661,Leaver
2022-09-05,3767,Leaver
2022-09-05,3889,Joiner
2022-09-06,2640,Leaver
2022-09-08,2571,Leaver
2022-09-08,3421,Leaver
2022-09-08,3480,Joiner
2022-09-09,3415,Joiner
2022-09-09,3464,Leaver
2022-09-09,3488,Joiner
2022-09-10,1563,Joiner
2022-09-10,2369,Leaver
2022-09-11,2795,Leaver
2022-09-11,3203,Leaver
2022-09-11,3454,Joiner
2022-09-12,2000,Leaver
2022-09-13,1754,Joiner
2022-09-13,2041,Joiner
2022-09-13,2100,Joiner
2022-09-14,1827,Leaver
2022-09-14,2012,Leaver
2022-09-14,2044,Joiner
2022-09-14,3595,Leaver
2022-09-15,1330,Joiner
2022-09-15,1554,Leaver
2022-09-15,2080,Joiner
2022-09-15,3526,Joiner
2022-09-16,1005,Joiner
2022-09-16,1383,Leaver
2022-09-16,1741,Joiner
2022-09-16,3079,Leaver
2022-09-16,3273,Joiner
2022-09-17,1585,Joiner
2022-09-17,2220,Joiner
2022-09-17,2799,Leaver
2022-09-17,3077,Joiner
2022-09-18,2537,Joiner
2022-09-18,2820,Joiner
2022-09-19,1022,Joiner
2022-09-19,1902,Leaver
2022-09-19,2796,Joiner
2022-09-20,1344,Joiner
2022-09-20,2566,Joiner
2022-09-20,3699,Leaver
2022-09-20,3708,Leaver
2022-09-20,3949,Joiner
2022-09-22,1689,Leaver
2022-09-22,2402,Leaver
2022-09-22,2577,Joiner
2022-09-22,2923,Leaver
2022-09-22,3615,Leaver
2022-09-22,3860,Leaver
2022-09-22,3994,Joiner
2022-09-23,1192,Joiner
2022-09-23,1441,Leaver
2022-09-23,2610,Joiner
2022-09-24,2450,Leaver
2022-09-24,3306,Joiner
2022-09-24,3374,Joiner
2022-09-24,3632,Joiner
2022-09-25,1109,Leaver
2022-09-25,1979,Joiner
2022-09-25,2219,Joiner
2022-09-25,2363,Leaver
2022-09-25,3007,Leaver
2022-09-25,3043,Joiner
2022-09-25,3759,Leaver
2022-09-25,3975,Leaver
2022-09-26,1201,Leaver
2022-09-26,3088,Joiner
2022-09-26,3883,Leaver
2022-09-27,3322,Leaver
2022-09-28,1715,Leaver
2022-09-29,1445,Leaver
2022-09-29,3832,Leaver
2022-10-01,2648,Joiner
2022-10-01,2692,Leaver
2022-10-01,3677,Joiner
2022-10-02,1133,Leaver
2022-10-02,1878,Joiner
2022-10-02,3837,Joiner
2022-10-02,3857,Joiner
2022-10-03,1501,Leaver
2022-10-04,1870,Joiner
2022-10-04,1886,Joiner
2022-10-04,3006,Joiner
2022-10-05,2475,Joiner
2022-10-05,2488,Leaver
2022-10-06,2850,Joiner
2022-10-06,3411,Joiner
2022-10-07,1525,Leaver
2022-10-07,2126,Leaver
2022-10-07,2890,Joiner
2022-10-08,3409,Joiner
2022-10-09,1572,Leaver
2022-10-09,2413,Leaver
2022-10-09,3540,Leaver
2022-10-10,2643,Leaver
2022-10-10,2885,Leaver
2022-10-10,3548,Leaver
2022-10-11,1275,Joiner
2022-10-11,2411,Joiner
2022-10-11,3857,Leaver
2022-10-12,3174,Joiner
2022-10-13,1768,Joiner
2022-10-13,2308,Leaver
2022-10-13,3453,Joiner
2022-10-13,3528,Joiner
2022-10-13,3590,Leaver
2022-10-14,1019,Joiner
2022-10-14,1876,Joiner
2022-10-14,2452,Joiner
2022-10-14,2526,Joiner
2022-10-14,2905,Joiner
2022-10-14,2922,Joiner
2022-10-14,3418,Joiner
2022-10-14,3550,Leaver
2022-10-15,3341,Joiner
2022-10-15,3740,Joiner
2022-10-15,3799,Joiner
2022-10-16,1499,Leaver
2022-10-16,1516,Joiner
2022-10-16,2850,Leaver
2022-10-16,3480,Leaver
2022-10-17,1381,Joiner
2022-10-17,2865,Leaver
2022-10-17,3235,Leaver
2022-10-17,3757,Joiner
2022-10-17,3823,Joiner
2022-10-18,2540,Joiner
2022-10-18,3132,Leaver
2022-10-19,1096,Leaver
2022-10-19,2961,Joiner
2022-10-19,3779,Joiner
2022-10-20,1086,Leaver
2022-10-20,1263,Joiner
2022-10-20,2530,Joiner
2022-10-20,3066,Leaver
2022-10-21,2218,Leaver
2022-10-21,2384,Leaver
2022-10-21,2410,Joiner
2022-10-21,2752,Joiner
2022-10-21,3390,Joiner
2022-10-21,3405,Leaver
2022-10-21,3811,Leaver
2022-10-22,1983,Leaver
2022-10-23,1759,Leaver
2022-10-23,3305,Leaver
2022-10-24,1182,Leaver
2022-10-24,3632,Leaver
2022-10-25,1406,Joiner
2022-10-25,1630,Leaver
2022-10-25,2206,Joiner
2022-10-25,3631,Leaver
2022-10-26,1288,Leaver
2022-10-26,1638,Leaver
2022-10-26,2320,Joiner
2022-10-26,2959,Joiner
2022-10-26,3073,Joiner
2022-10-27,1317,Leaver
2022-10-27,3306,Leaver
2022-10-28,1358,Leaver
2022-10-28,1436,Joiner
2022-10-28,1645,Leaver
2022-10-28,2179,Joiner
2022-10-28,3627,Leaver
2022-10-29,1176,Joiner
2022-10-29,3332,Joiner
2022-10-30,1798,Joiner
2022-10-30,2437,Leaver
2022-10-30,3889,Leaver
2022-10-31,1954,Leaver
2022-10-31,2143,Leaver
2022-10-31,2210,Leaver
2022-10-31,3486,Joiner
2022-10-31,3892,Joiner
2022-11-01,1776,Leaver
2022-11-01,2178,Joiner
2022-11-01,2892,Leaver
2022-11-01,2959,Leaver
2022-11-01,3600,Joiner
2022-11-02,3833,Leaver
2022-11-03,1026,Joiner
2022-11-03,1927,Joiner
2022-11-03,1994,Leaver
2022-11-03,3183,Joiner
2022-11-04,2974,Joiner
2022-11-04,3071,Joiner
2022-11-04,3658,Joiner
2022-11-04,3937,Joiner
2022-11-05,1075,Joiner
2022-11-05,2941,Joiner
2022-11-05,3397,Joiner
2022-11-05,3825,Joiner
2022-11-05,3853,Leaver
2022-11-06,1544,Leaver
2022-11-06,3188,Joiner
2022-11-06,3223,Joiner
2022-11-06,3302,Leaver
2022-11-07,1904,Joiner
2022-11-07,2160,Joiner
2022-11-07,3121,Joiner
2022-11-07,3349,Joiner
2022-11-08,2339,Leaver
2022-11-08,2546,Joiner
2022-11-08,2939,Leaver
2022-11-08,3186,Leaver
2022-11-08,3452,Joiner
2022-11-09,1797,Leaver
2022-11-09,1931,Joiner
2022-11-09,1942,Leaver
2022-11-09,2216,Joiner
2022-11-09,2401,Joiner
2022-11-09,3057,Joiner
2022-11-10,1721,Leaver
2022-11-10,2494,Leaver
2022-11-10,3299,Joiner
2022-11-10,3685,Leaver
2022-11-11,1124,Leaver
2022-11-11,1221,Joiner
2022-11-11,1373,Leaver
2022-11-11,2877,Joiner
2022-11-11,3107,Leaver
2022-11-11,3404,Leaver
2022-11-11,3451,Leaver
2022-11-11,3959,Joiner
2022-11-12,1426,Leaver
2022-11-12,1823,Leaver
2022-11-12,1999,Leaver
2022-11-13,1634,Leaver
2022-11-13,2052,Leaver
2022-11-13,3837,Leaver
2022-11-14,2122,Leaver
2022-11-14,2196,Joiner
2022-11-14,2858,Leaver
2022-11-14,3925,Leaver
2022-11-15,1414,Joiner
2022-11-15,1449,Joiner
2022-11-15,3403,Leaver
2022-11-16,2005,Leaver
2022-11-16,2637,Joiner
2022-11-16,2829,Joiner
2022-11-16,2853,Joiner
2022-11-16,3136,Joiner
2022-11-16,3275,Joiner
2022-11-16,3758,Joiner
2022-11-17,1709,Leaver
2022-11-17,1943,Leaver
2022-11-17,2679,Joiner
2022-11-17,2810,Joiner
2022-11-18,3082,Joiner
2022-11-18,3201,Joiner
2022-11-19,1282,Leaver
2022-11-19,1528,Joiner
2022-11-19,1913,Joiner
2022-11-20,1061,Joiner
2022-11-20,2696,Joiner
2022-11-20,3350,Joiner
2022-11-21,1919,Leaver
2022-11-21,2371,Joiner
2022-11-21,3237,Joiner
2022-11-21,3601,Joiner
2022-11-21,3988,Leaver
2022-11-22,1274,Joiner
2022-11-22,2777,Leaver
2022-11-22,3080,Leaver
2022-11-23,1393,Leaver
2022-11-23,1570,Joiner
2022-11-23,2360,Leaver
2022-11-23,2993,Leaver
2022-11-23,3014,Joiner
2022-11-23,3654,Joiner
2022-11-24,1204,Joiner
2022-11-24,1372,Joiner
2022-11-25,1329,Joiner
2022-11-25,1687,Joiner
2022-11-25,2091,Joiner
2022-11-25,2695,Leaver
2022-11-26,1118,Leaver
2022-11-26,1349,Leaver
2022-11-26,2764,Joiner
2022-11-26,3071,Leaver
2022-11-26,3271,Leaver
2022-11-26,3775,Leaver
2022-11-27,2625,Joiner
2022-11-27,3439,Leaver
2022-11-28,2003,Leaver
2022-11-28,2707,Joiner
2022-11-28,3062,Joiner
2022-11-29,2021,Joiner
2022-11-29,2358,Leaver
2022-11-29,3293,Leaver
2022-11-29,3340,Joiner
2022-12-01,2269,Leaver
2022-12-01,2361,Joiner
2022-12-01,2826,Leaver
2022-12-01,3134,Leaver
2022-12-02,1202,Leaver
2022-12-02,1560,Leaver
2022-12-02,1790,Joiner
2022-12-02,1793,Leaver
2022-12-02,2740,Joiner
2022-12-03,1847,Joiner
2022-12-03,2493,Joiner
2022-12-03,2880,Leaver
2022-12-03,3358,Leaver
2022-12-03,3629,Leaver
2022-12-04,1105,Leaver
2022-12-04,3450,Leaver
2022-12-05,1872,Joiner
2022-12-05,3127,Leaver
2022-12-05,3864,Joiner
2022-12-06,1323,Joiner
2022-12-06,3835,Leaver
2022-12-07,1241,Leaver
2022-12-07,1895,Joiner
2022-12-07,2877,Leaver
2022-12-07,3164,Joiner
2022-12-08,1428,Joiner
2022-12-08,3068,Leaver
2022-12-08,3729,Joiner
2022-12-08,3992,Joiner
2022-12-09,3014,Leaver
2022-12-10,1780,Joiner
2022-12-10,1945,Leaver
2022-12-10,2113,Leaver
2022-12-10,2827,Leaver
2022-12-10,2926,Joiner
2022-12-10,3515,Leaver
2022-12-11,1366,Leaver
2022-12-11,3667,Joiner
2022-12-11,3707,Joiner
2022-12-12,1002,Joiner
2022-12-12,1447,Joiner
2022-12-12,2613,Joiner
2022-12-12,3001,Leaver
2022-12-12,3686,Leaver
2022-12-13,1530,Joiner
2022-12-13,1796,Leaver
2022-12-13,2047,Joiner
2022-12-13,2130,Joiner
2022-12-13,3187,Joiner
2022-12-13,3316,Leaver
2022-12-14,1319,Leaver
2022-12-14,3731,Leaver
2022-12-15,2198,Joiner
2022-12-15,3408,Joiner
2022-12-15,3871,Joiner
2022-12-16,1093,Joiner
2022-12-16,1695,Leaver
2022-12-16,2050,Leaver
2022-12-16,2232,Joiner
2022-12-16,2248,Joiner
2022-12-16,2742,Leaver
2022-12-17,1040,Leaver
2022-12-17,1302,Leaver
2022-12-17,1553,Joiner
2022-12-17,1995,Joiner
2022-12-17,2356,Leaver
2022-12-17,2475,Leaver
2022-12-17,2869,Joiner
2022-12-17,3099,Joiner
2022-12-18,1163,Joiner
2022-12-18,3229,Joiner
2022-12-19,1043,Joiner
2022-12-19,1809,Joiner
2022-12-19,1821,Joiner
2022-12-19,3920,Leaver
2022-12-20,1964,Joiner
2022-12-20,3371,Joiner
2022-12-20,3381,Joiner
2022-12-21,3173,Joiner
2022-12-22,2567,Joiner
2022-12-23,1454,Joiner
2022-12-23,1614,Joiner
2022-12-24,1693,Joiner
2022-12-24,1847,Leaver
2022-12-24,3294,Leaver
2022-12-25,1454,Leaver
2022-12-25,2032,Leaver
2022-12-25,2501,Joiner
2022-12-25,3138,Joiner
2022-12-25,3684,Leaver
2022-12-26,1160,Joiner
2022-12-26,1977,Joiner
2022-12-26,2967,Joiner
2022-12-27,1536,Joiner
2022-12-28,2101,Joiner
2022-12-28,2229,Joiner
2022-12-28,2773,Joiner
2022-12-28,3152,Leaver
2022-12-29,2198,Leaver
2022-12-29,3675,Leaver
2022-12-30,1305,Leaver
2022-12-30,2436,Joiner
2022-12-30,2617,Leaver
2022-12-31,1014,Joiner
2022-12-31,1451,Joiner
2022-12-31,2137,Joiner
2022-12-31,2357,Joiner
2022-12-31,2536,Joiner
2023-01-01,1028,Leaver
2023-01-01,1833,Joiner
2023-01-01,1894,Joiner
2023-01-01,2724,Joiner
2023-01-02,1090,Joiner
2023-01-02,2076,Leaver
2023-01-02,3355,Joiner
2023-01-03,2108,Leaver
2023-01-03,3030,Leaver
2023-01-03,3061,Joiner
2023-01-04,2071,Joiner
2023-01-04,2196,Leaver
2023-01-04,2237,Leaver
2023-01-04,3198,Joiner
2023-01-05,1066,Leaver
2023-01-05,2387,Leaver
2023-01-05,2507,Joiner
2023-01-05,3390,Leaver
2023-01-05,3469,Leaver
2023-01-05,3562,Leaver
2023-01-06,2001,Leaver
2023-01-06,2663,Joiner
2023-01-06,3555,Joiner
2023-01-07,1701,Leaver
2023-01-07,2775,Joiner
2023-01-07,2807,Leaver
2023-01-07,3640,Joiner
2023-01-08,2938,Joiner
2023-01-09,1918,Joiner
2023-01-09,3738,Leaver
2023-01-10,2401,Leaver
2023-01-10,2540,Leaver
2023-01-10,2700,Joiner
2023-01-10,3525,Leaver
2023-01-10,3673,Leaver
2023-01-11,1051,Leaver
2023-01-11,2446,Leaver
2023-01-11,2817,Joiner
2023-01-11,3187,Leaver
2023-01-12,1009,Leaver
2023-01-12,1152,Joiner
2023-01-12,2090,Joiner
2023-01-12,2504,Joiner
2023-01-12,3763,Joiner
2023-01-13,1882,Leaver
2023-01-13,2215,Leaver
2023-01-13,2590,Joiner
2023-01-13,2753,Joiner
2023-01-13,2764,Leaver
2023-01-13,3520,Leaver
2023-01-13,3985,Joiner
2023-01-14,1735,Leaver
2023-01-14,2434,Joiner
2023-01-14,2507,Leaver
2023-01-14,3083,Joiner
2023-01-14,3130,Leaver
2023-01-14,3372,Joiner
2023-01-15,2137,Leaver
2023-01-15,2272,Leaver
2023-01-15,2988,Leaver
2023-01-15,3472,Joiner
2023-01-17,1475,Joiner
2023-01-17,1764,Joiner
2023-01-18,1038,Joiner
2023-01-18,1347,Leaver
2023-01-18,2192,Leaver
2023-01-18,2553,Leaver
2023-01-19,1168,Joiner
2023-01-19,1615,Joiner
2023-01-19,3787,Joiner
2023-01-20,1483,Leaver
2023-01-20,1538,Joiner
2023-01-20,2106,Leaver
2023-01-20,3606,Leaver
2023-01-21,2150,Joiner
2023-01-21,2552,Joiner
2023-01-21,3666,Leaver
2023-01-21,3817,Leaver
2023-01-22,2466,Leaver
2023-01-22,3516,Leaver
2023-01-22,3910,Leaver
2023-01-23,1379,Joiner
2023-01-23,1801,Leaver
2023-01-23,3101,Joiner
2023-01-24,1304,Joiner
2023-01-25,2517,Leaver
2023-01-25,2610,Leaver
2023-01-25,3341,Leaver
2023-01-25,3964,Leaver
2023-01-26,2060,Joiner
2023-01-26,2349,Joiner
2023-01-26,3182,Joiner
2023-01-26,3671,Joiner
2023-01-27,1279,Leaver
2023-01-27,1345,Joiner
2023-01-27,2460,Leaver
2023-01-27,2965,Joiner
2023-01-27,3546,Leaver
2023-01-28,1621,Leaver
2023-01-28,1880,Leaver
2023-01-28,2577,Leaver
2023-01-29,2170,Joiner
2023-01-29,2627,Joiner
2023-01-29,3345,Leaver
2023-01-29,3434,Leaver
2023-01-30,1581,Leaver
2023-01-30,1901,Joiner
2023-01-30,1937,Leaver
2023-01-30,2575,Leaver
2023-01-30,2809,Joiner
2023-01-31,2442,Joiner
2023-01-31,2784,Leaver
2023-02-01,1474,Joiner
2023-02-01,1568,Joiner
2023-02-01,1711,Leaver
2023-02-01,2715,Joiner
2023-02-01,3617,Joiner
2023-02-02,1322,Joiner
2023-02-02,1936,Joiner
2023-02-03,1474,Leaver
2023-02-03,1675,Joiner
2023-02-03,2830,Leaver
2023-02-03,3029,Leaver
2023-02-03,3766,Leaver
2023-02-03,3948,Joiner
2023-02-04,1386,Leaver
2023-02-04,2010,Joiner
2023-02-04,2927,Joiner
2023-02-04,3310,Leaver
2023-02-04,3409,Leaver
2023-02-04,3618,Joiner
2023-02-05,1154,Leaver
2023-02-05,3052,Leaver
2023-02-06,1774,Leaver
2023-02-06,3763,Leaver
2023-02-07,1916,Leaver
2023-02-08,1413,Leaver
2023-02-08,1470,Joiner
2023-02-08,2696,Leaver
2023-02-08,2810,Leaver
2023-02-09,1026,Leaver
2023-02-09,1400,Leaver
2023-02-09,1563,Leaver
2023-02-09,2903,Joiner
2023-02-10,1591,Joiner
2023-02-10,1767,Joiner
2023-02-10,2432,Joiner
2023-02-10,3272,Joiner
2023-02-10,3747,Leaver
2023-02-11,1780,Leaver
2023-02-11,3428,Joiner
2023-02-11,3898,Leaver
2023-02-12,1011,Leaver
2023-02-12,1054,Joiner
2023-02-12,2025,Leaver
2023-02-12,2359,Leaver
2023-02-12,2511,Leaver
2023-02-12,2590,Leaver
2023-02-12,3951,Leaver
2023-02-13,1430,Joiner
2023-02-13,2825,Joiner
2023-02-13,2972,Joiner
2023-02-14,1547,Leaver
2023-02-14,2080,Leaver
2023-02-14,2630,Leaver
2023-02-15,1216,Joiner
2023-02-15,1913,Leaver
2023-02-15,2324,Leaver
2023-02-15,3258,Joiner
2023-02-16,2635,Leaver
2023-02-17,3440,Leaver
2023-02-17,3740,Leaver
2023-02-17,3755,Leaver
2023-02-18,2135,Leaver
2023-02-18,2837,Leaver
2023-02-18,3303,Joiner
2023-02-18,3716,Leaver
2023-02-19,2155,Leaver
2023-02-20,1287,Leaver
2023-02-20,2574,Leaver
2023-02-21,2124,Joiner
2023-02-21,2311,Leaver
2023-02-21,2936,Joiner
2023-02-22,1612,Leaver
2023-02-22,2941,Leaver
2023-02-22,3352,Joiner
2023-02-23,2158,Joiner
2023-02-23,2714,Joiner
2023-02-24,1074,Leaver
2023-02-24,2510,Leaver
2023-02-24,2792,Joiner
2023-02-24,3537,Leaver
2023-02-24,3879,Leaver
2023-02-25,1268,Joiner
2023-02-25,1298,Joiner
2023-02-25,1609,Leaver
2023-02-25,1706,Leaver
2023-02-25,3655,Joiner
2023-02-26,1520,Leaver
2023-02-26,2495,Leaver
2023-02-27,1045,Leaver
2023-02-27,2349,Leaver
2023-02-27,2835,Leaver
2023-02-27,3741,Joiner
2023-02-28,1156,Leaver
2023-02-28,1446,Leaver
2023-02-28,1717,Leaver
2023-02-28,1866,Joiner
2023-02-28,2573,Leaver
2023-02-28,2842,Leaver
2023-03-02,1583,Joiner
2023-03-02,1876,Leaver
2023-03-02,2684,Leaver
2023-03-02,3120,Leaver
2023-03-02,3121,Leaver
2023-03-03,1430,Leaver
2023-03-03,2073,Joiner
2023-03-03,2186,Joiner
2023-03-03,3031,Leaver
2023-03-04,1875,Leaver
2023-03-04,3567,Joiner
2023-03-05,1681,Joiner
2023-03-05,1886,Leaver
2023-03-06,1518,Leaver
2023-03-06,2542,Joiner
2023-03-06,2562,Leaver
2023-03-06,2981,Leaver
2023-03-06,3456,Joiner
2023-03-07,1308,Leaver
2023-03-07,1769,Joiner
2023-03-07,2613,Leaver
2023-03-08,1003,Joiner
2023-03-08,1361,Joiner
2023-03-08,1398,Leaver
2023-03-08,1773,Leaver
2023-03-08,3090,Joiner
2023-03-08,3138,Leaver
2023-03-08,3208,Leaver
2023-03-08,3956,Leaver
2023-03-09,1216,Leaver
2023-03-09,1641,Joiner
2023-03-09,2365,Leaver
2023-03-09,2368,Leaver
2023-03-10,2239,Joiner
2023-03-10,3374,Leaver
2023-03-11,1531,Joiner
2023-03-11,1564,Joiner
2023-03-11,1964,Leaver
2023-03-11,3870,Joiner
2023-03-11,3870,Leaver
2023-03-12,1565,Leaver
2023-03-12,1583,Leaver
2023-03-12,2474,Joiner
2023-03-12,2634,Joiner
2023-03-12,3075,Joiner
2023-03-12,3669,Leaver
2023-03-13,1174,Leaver
2023-03-13,1896,Joiner
2023-03-13,2435,Joiner
2023-03-14,1918,Leaver
2023-03-14,3252,Joiner
2023-03-14,3372,Leaver
2023-03-15,1003,Leaver
2023-03-15,1481,Joiner
2023-03-15,2213,Joiner
2023-03-15,3185,Leaver
2023-03-15,3487,Joiner
2023-03-16,1524,Joiner
2023-03-16,3415,Leaver
2023-03-16,3955,Leaver
2023-03-17,1438,Joiner
2023-03-17,1857,Leaver
2023-03-17,2638,Leaver
2023-03-17,3856,Joiner
2023-03-19,1985,Joiner
2023-03-19,2629,Joiner
2023-03-20,1356,Joiner
2023-03-20,2528,Joiner
2023-03-21,2435,Leaver
2023-03-21,2853,Leaver
2023-03-22,1438,Leaver
2023-03-22,1453,Joiner
2023-03-22,1629,Leaver
2023-03-22,2212,Leaver
2023-03-22,2412,Leaver
2023-03-22,2955,Leaver
2023-03-22,3255,Joiner
2023-03-22,3371,Leaver
2023-03-22,3620,Joiner
2023-03-22,3698,Joiner
2023-03-22,3736,Leaver
2023-03-22,3893,Joiner
2023-03-23,1211,Leaver
2023-03-23,1644,Joiner
2023-03-23,2186,Leaver
2023-03-23,2719,Leaver
2023-03-23,3619,Joiner
2023-03-24,2102,Joiner
2023-03-24,3369,Leaver
2023-03-25,3336,Joiner
2023-03-26,2828,Leaver
2023-03-26,3757,Leaver
2023-03-27,1487,Leaver
2023-03-27,1979,Leaver
2023-03-27,2128,Joiner
2023-03-27,2496,Leaver
2023-03-27,3032,Joiner
2023-03-27,3670,Leaver
2023-03-27,3918,Leaver
2023-03-28,1033,Joiner
2023-03-28,1262,Leaver
2023-03-28,1644,Leaver
2023-03-28,2728,Leaver
2023-03-28,3561,Joiner
2023-03-28,3741,Leaver
2023-03-29,2150,Leaver
2023-03-29,3284,Leaver
2023-03-30,1336,Leaver
2023-03-30,1361,Leaver
2023-03-30,1434,Leaver
2023-03-30,1467,Joiner
2023-03-31,1923,Joiner
2023-03-31,2184,Leaver
2023-03-31,3917,Leaver
2023-03-31,3961,Joiner
2023-04-01,1136,Joiner
2023-04-01,3078,Leaver
2023-04-01,3840,Joiner
2023-04-02,1485,Leaver
2023-04-02,1927,Leaver
2023-04-02,3479,Leaver
2023-04-02,3778,Joiner
2023-04-03,1310,Joiner
2023-04-03,1663,Leaver
2023-04-03,3224,Joiner
2023-04-04,1407,Joiner
2023-04-04,1580,Joiner
2023-04-04,1985,Leaver
2023-04-04,2239,Leaver
2023-04-04,2267,Joiner
2023-04-04,2895,Joiner
2023-04-05,1212,Leaver
2023-04-05,2031,Leaver
2023-04-05,3149,Leaver
2023-04-06,1763,Joiner
2023-04-06,1953,Joiner
2023-04-06,2160,Leaver
2023-04-07,1095,Joiner
2023-04-07,1294,Joiner
2023-04-07,2655,Leaver
2023-04-07,3507,Leaver
2023-04-08,1578,Leaver
2023-04-08,1790,Leaver
2023-04-08,1843,Joiner
2023-04-08,2287,Leaver
2023-04-08,2499,Joiner
2023-04-08,2746,Leaver
2023-04-09,1531,Leaver
2023-04-09,2346,Joiner
2023-04-09,2376,Joiner
2023-04-09,3096,Leaver
2023-04-09,3379,Joiner
2023-04-09,3705,Leaver
2023-04-09,3981,Leaver
2023-04-10,1502,Leaver
2023-04-10,1599,Leaver
2023-04-10,1635,Leaver
2023-04-10,2295,Leaver
2023-04-10,3466,Leaver
2023-04-10,3991,Joiner
2023-04-11,3328,Leaver
2023-04-11,3770,Leaver
2023-04-12,1329,Leaver
2023-04-13,2243,Joiner
2023-04-13,2860,Joiner
2023-04-13,3475,Leaver
2023-04-14,1529,Joiner
2023-04-14,2407,Leaver
2023-04-14,2949,Leaver
2023-04-15,3542,Joiner
2023-04-16,1075,Leaver
2023-04-16,1675,Leaver
2023-04-16,2436,Leaver
2023-04-16,2444,Joiner
2023-04-16,2512,Joiner
2023-04-16,2668,Leaver
2023-04-16,3017,Joiner
2023-04-17,2299,Leaver
2023-04-17,2960,Leaver
2023-04-17,3512,Joiner
2023-04-17,3709,Leaver
2023-04-18,1313,Joiner
2023-04-18,2479,Joiner
2023-04-18,3933,Joiner
2023-04-19,1751,Joiner
2023-04-19,2191,Leaver
2023-04-19,2986,Joiner
2023-04-20,1387,Leaver
2023-04-20,2653,Joiner
2023-04-20,2714,Leaver
2023-04-20,2992,Leaver
2023-04-20,3247,Joiner
2023-04-21,1128,Joiner
2023-04-21,2930,Joiner
2023-04-22,1789,Joiner
2023-04-22,3646,Joiner
2023-04-23,1159,Joiner
2023-04-23,2584,Joiner
2023-04-24,1242,Joiner
2023-04-24,1259,Leaver
2023-04-24,2432,Leaver
2023-04-25,2190,Joiner
2023-04-25,2663,Leaver
2023-04-25,3408,Leaver
2023-04-25,3890,Leaver
2023-04-26,1439,Leaver
2023-04-26,1791,Leaver
2023-04-26,1855,Leaver
2023-04-26,2572,Leaver
2023-04-26,2840,Joiner
2023-04-26,3072,Joiner
2023-04-26,3076,Joiner
2023-04-26,3406,Leaver
2023-04-26,3498,Joiner
2023-04-26,3576,Leaver
2023-04-26,3826,Joiner
2023-04-27,1603,Joiner
2023-04-27,1769,Leaver
2023-04-27,2732,Leaver
2023-04-27,2876,Joiner
2023-04-27,3970,Leaver
2023-04-28,1410,Leaver
2023-04-28,2391,Joiner
2023-04-28,3667,Leaver
2023-04-29,1059,Joiner
2023-04-29,1293,Leaver
2023-04-29,1925,Joiner
2023-04-30,1730,Joiner
2023-04-30,1923,Leaver
2023-04-30,3263,Leaver
2023-05-01,1739,Leaver
2023-05-01,1767,Leaver
2023-05-01,2225,Joiner
2023-05-01,3581,Leaver
2023-05-01,3619,Leaver
2023-05-01,3936,Leaver
2023-05-02,1519,Joiner
2023-05-02,1768,Leaver
2023-05-02,2535,Leaver
2023-05-03,1132,Leaver
2023-05-03,2180,Leaver
2023-05-03,2243,Leaver
2023-05-03,3779,Leaver
2023-05-04,1681,Leaver
2023-05-04,1820,Joiner
2023-05-04,2418,Leaver
2023-05-04,2551,Joiner
2023-05-05,1330,Leaver
2023-05-05,2642,Leaver
2023-05-06,2219,Leaver
2023-05-06,2528,Leaver
2023-05-06,2672,Leaver
2023-05-06,2819,Joiner
2023-05-06,2935,Leaver
2023-05-06,2965,Leaver
2023-05-07,1294,Leaver
2023-05-07,2434,Leaver
2023-05-07,2716,Joiner
2023-05-07,2903,Leaver
2023-05-07,3555,Leaver
2023-05-07,3771,Leaver
2023-05-07,3992,Leaver
2023-05-08,1094,Joiner
2023-05-08,1556,Joiner
2023-05-08,1676,Joiner
2023-05-08,2653,Leaver
2023-05-09,2554,Leaver
2023-05-09,2752,Leaver
2023-05-10,1043,Leaver
2023-05-10,2115,Leaver
2023-05-10,2213,Leaver
2023-05-10,2321,Joiner
2023-05-10,2938,Leaver
2023-05-10,3264,Leaver
2023-05-10,3449,Joiner
2023-05-10,3506,Leaver
2023-05-11,1025,Joiner
2023-05-11,1184,Leaver
2023-05-11,1915,Joiner
2023-05-11,3407,Leaver
2023-05-12,1624,Joiner
2023-05-12,3443,Leaver
2023-05-13,2026,Joiner
2023-05-13,2101,Leaver
2023-05-13,2340,Leaver
2023-05-13,2391,Leaver
2023-05-13,2453,Joiner
2023-05-13,3377,Leaver
2023-05-14,1825,Leaver
2023-05-14,2306,Leaver
2023-05-14,2321,Leaver
2023-05-14,3368,Leaver
2023-05-15,1025,Leaver
2023-05-15,1206,Leaver
2023-05-15,1225,Joiner
2023-05-15,1627,Joiner
2023-05-15,1868,Leaver
2023-05-15,3742,Leaver
2023-05-15,3846,Leaver
2023-05-15,3887,Leaver
2023-05-16,1624,Leaver
2023-05-16,1924,Joiner
2023-05-16,3073,Leaver
2023-05-16,3333,Joiner
2023-05-17,2479,Leaver
2023-05-17,3336,Leaver
2023-05-17,3788,Joiner
2023-05-18,2018,Leaver
2023-05-18,3717,Joiner
2023-05-18,3840,Leaver
2023-05-19,1343,Leaver
2023-05-19,1809,Leaver
2023-05-19,2625,Leaver
2023-05-19,2840,Leaver
2023-05-19,3985,Leaver
2023-05-20,1162,Leaver
2023-05-20,1508,Joiner
2023-05-20,2141,Leaver
2023-05-20,2425,Leaver
2023-05-21,1475,Leaver
2023-05-21,1651,Leaver
2023-05-21,2570,Leaver
2023-05-22,1419,Joiner
2023-05-22,2544,Joiner
2023-05-22,2823,Joiner
2023-05-22,3902,Joiner
2023-05-23,1160,Leaver
2023-05-23,1591,Leaver
2023-05-23,3211,Joiner
2023-05-24,1697,Joiner
2023-05-24,1953,Leaver
2023-05-24,2627,Leaver
2023-05-24,2753,Leaver
2023-05-24,3458,Leaver
2023-05-24,3513,Leaver
2023-05-24,3602,Leaver
2023-05-25,2399,Joiner
2023-05-25,2512,Leaver
2023-05-25,2932,Leaver
2023-05-26,1311,Joiner
2023-05-26,1570,Leaver
2023-05-26,2694,Joiner
2023-05-26,2860,Leaver
2023-05-26,3343,Leaver
2023-05-26,3696,Leaver
2023-05-27,1089,Joiner
2023-05-27,1103,Leaver
2023-05-27,2179,Leaver
2023-05-27,3027,Joiner
2023-05-27,3449,Leaver
2023-05-28,1002,Leaver
2023-05-28,1069,Leaver
2023-05-28,1899,Leaver
2023-05-28,1940,Joiner
2023-05-28,2248,Leaver
2023-05-29,1924,Leaver
2023-05-29,2605,Leaver
2023-05-29,3280,Joiner
2023-05-29,3591,Leaver
2023-05-29,3894,Joiner
2023-05-29,3948,Leaver
2023-05-30,1641,Leaver
2023-05-30,1738,Joiner
2023-05-30,1799,Leaver
2023-05-30,2345,Leaver
2023-05-30,2578,Joiner
2023-05-30,3072,Leaver
2023-05-30,3158,Joiner
2023-05-30,3173,Leaver
2023-05-30,3334,Joiner
2023-05-30,3698,Leaver
2023-05-31,1209,Joiner
2023-05-31,2134,Leaver
2023-06-01,1352,Leaver
2023-06-01,2193,Leaver
2023-06-01,3399,Leaver
2023-06-02,1098,Leaver
2023-06-02,2015,Joiner
2023-06-02,2107,Joiner
2023-06-02,2195,Joiner
2023-06-02,2474,Leaver
2023-06-02,2649,Leaver
2023-06-02,3046,Joiner
2023-06-03,1564,Leaver
2023-06-03,1864,Joiner
2023-06-03,2376,Leaver
2023-06-03,2788,Joiner
2023-06-03,3826,Leaver
2023-06-04,2146,Leaver
2023-06-04,3204,Joiner
2023-06-04,3401,Leaver
2023-06-06,3135,Leaver
2023-06-06,3862,Leaver
2023-06-07,2537,Leaver
2023-06-07,2881,Joiner
2023-06-08,2247,Leaver
2023-06-08,3164,Leaver
2023-06-08,3486,Leaver
2023-06-09,1595,Joiner
2023-06-09,1674,Leaver
2023-06-09,2499,Leaver
2023-06-09,2940,Leaver
2023-06-09,3042,Joiner
2023-06-09,3178,Leaver
2023-06-10,1210,Leaver
2023-06-10,2026,Leaver
2023-06-10,2138,Leaver
2023-06-11,2624,Joiner
2023-06-11,2783,Joiner
2023-06-12,1311,Leaver
2023-06-12,3077,Leaver
2023-06-12,3285,Leaver
2023-06-12,3476,Joiner
2023-06-12,3856,Leaver
2023-06-13,2758,Leaver
2023-06-13,3662,Joiner
2023-06-13,3788,Leaver
2023-06-13,3864,Leaver
2023-06-14,1089,Leaver
2023-06-14,2599,Leaver
2023-06-14,3379,Leaver
2023-06-15,1399,Joiner
2023-06-15,1831,Leaver
2023-06-15,2190,Leaver
2023-06-15,3638,Joiner
2023-06-16,2948,Leaver
2023-06-16,3277,Joiner
2023-06-16,3354,Leaver
2023-06-16,3900,Joiner
2023-06-16,3902,Leaver
2023-06-17,1291,Joiner
2023-06-17,1631,Joiner
2023-06-17,1785,Joiner
2023-06-17,2320,Leaver
2023-06-17,2796,Leaver
2023-06-17,3323,Joiner
2023-06-17,3531,Joiner
2023-06-18,1566,Leaver
2023-06-18,1812,Leaver
2023-06-18,1872,Leaver
2023-06-18,3355,Leaver
2023-06-18,3447,Leaver
2023-06-18,3929,Joiner
2023-06-19,1551,Leaver
2023-06-19,1598,Leaver
2023-06-19,1623,Joiner
2023-06-19,3671,Leaver
2023-06-19,3923,Leaver
2023-06-20,1020,Joiner
2023-06-20,1226,Joiner
2023-06-20,1720,Joiner
2023-06-20,2431,Leaver
2023-06-20,2895,Leaver
2023-06-20,3787,Leaver
2023-06-21,1314,Leaver
2023-06-21,1356,Leaver
2023-06-21,2476,Leaver
2023-06-22,2442,Leaver
2023-06-22,2469,Leaver
2023-06-22,3268,Joiner
2023-06-22,3495,Joiner
2023-06-22,3498,Leaver
2023-06-22,3512,Leaver
2023-06-22,3761,Joiner
2023-06-22,3873,Leaver
2023-06-22,3973,Leaver
2023-06-23,1322,Leaver
2023-06-23,1747,Joiner
2023-06-23,2394,Leaver
2023-06-23,2467,Leaver
2023-06-23,3018,Leaver
2023-06-23,3170,Leaver
2023-06-23,3202,Leaver
2023-06-23,3225,Leaver
2023-06-23,3634,Joiner
2023-06-24,1523,Leaver
2023-06-24,2010,Leaver
2023-06-24,2524,Joiner
2023-06-24,3277,Leaver
2023-06-24,3758,Leaver
2023-06-25,1962,Joiner
2023-06-25,2791,Leaver
2023-06-25,2967,Leaver
2023-06-25,3137,Leaver
2023-06-25,3261,Leaver
2023-06-26,1447,Leaver
2023-06-26,1511,Joiner
2023-06-26,2040,Leaver
2023-06-26,3823,Leaver
2023-06-27,1082,Leaver
2023-06-27,1084,Joiner
2023-06-27,2149,Leaver
2023-06-27,2151,Leaver
2023-06-27,3380,Joiner
2023-06-28,1878,Leaver
2023-06-28,2188,Leaver
2023-06-28,2889,Leaver
2023-06-29,1239,Leaver
2023-06-29,2493,Leaver
2023-06-29,3436,Leaver
2023-06-29,3473,Joiner
2023-06-29,3544,Joiner
2023-06-30,2172,Leaver
2023-07-01,1057,Joiner
2023-07-01,2658,Joiner
2023-07-01,2757,Joiner
2023-07-01,3806,Leaver
2023-07-02,1782,Leaver
2023-07-02,1921,Leaver
2023-07-02,1978,Leaver
2023-07-02,2380,Joiner
2023-07-02,2525,Leaver
2023-07-02,2551,Leaver
2023-07-02,2897,Leaver
2023-07-02,2926,Leaver
2023-07-02,2966,Leaver
2023-07-02,3049,Joiner
2023-07-03,1221,Leaver
2023-07-03,1574,Joiner
2023-07-03,3087,Joiner
2023-07-03,3174,Leaver
2023-07-03,3433,Leaver
2023-07-04,1762,Joiner
2023-07-04,1977,Leaver
2023-07-04,3019,Leaver
2023-07-04,3729,Leaver
2023-07-04,3798,Leaver
2023-07-04,3949,Leaver
2023-07-05,1552,Joiner
2023-07-05,1738,Leaver
2023-07-05,1915,Leaver
2023-07-05,1991,Leaver
2023-07-05,2290,Leaver
2023-07-05,2724,Leaver
2023-07-05,3221,Joiner
2023-07-06,2361,Leaver
2023-07-06,2922,Leaver
2023-07-06,3103,Joiner
2023-07-06,3376,Joiner
2023-07-06,3476,Leaver
2023-07-06,3919,Joiner
2023-07-07,1925,Leaver
2023-07-07,2195,Leaver
2023-07-07,2280,Leaver
2023-07-07,2530,Leaver
2023-07-07,3658,Leaver
2023-07-07,3790,Joiner
2023-07-08,2072,Joiner
2023-07-08,3064,Joiner
2023-07-08,3682,Joiner
2023-07-09,1684,Joiner
2023-07-09,2124,Leaver
2023-07-09,2315,Leaver
2023-07-09,2652,Joiner
2023-07-09,2812,Leaver
2023-07-09,2998,Joiner
2023-07-09,3046,Leaver
2023-07-09,3057,Leaver
2023-07-09,3544,Leaver
2023-07-09,3725,Leaver
2023-07-10,1585,Leaver
2023-07-10,1668,Joiner
2023-07-10,1747,Leaver
2023-07-10,2276,Joiner
2023-07-10,2426,Leaver
2023-07-10,3761,Leaver
2023-07-11,1552,Leaver
2023-07-11,2380,Leaver
2023-07-11,2629,Leaver
2023-07-11,3568,Joiner
2023-07-11,3790,Leaver
2023-07-12,1116,Leaver
2023-07-12,1762,Leaver
2023-07-12,2544,Leaver
2023-07-12,2900,Leaver
2023-07-12,3042,Leaver
2023-07-12,3092,Leaver
2023-07-12,3950,Joiner
2023-07-13,1014,Leaver
2023-07-13,1462,Joiner
2023-07-13,3230,Leaver
2023-07-13,3323,Leaver
2023-07-14,1971,Leaver
2023-07-14,2095,Joiner
2023-07-14,2652,Leaver
2023-07-14,2694,Leaver
2023-07-14,2788,Leaver
2023-07-14,3620,Leaver
2023-07-14,3959,Leaver
2023-07-15,1779,Joiner
2023-07-15,1930,Joiner
2023-07-15,3048,Joiner
2023-07-16,1170,Joiner
2023-07-16,1981,Leaver
2023-07-16,2095,Leaver
2023-07-16,3533,Leaver
2023-07-16,3843,Joiner
2023-07-17,1021,Leaver
2023-07-17,1097,Joiner
2023-07-17,2382,Joiner
2023-07-17,3147,Joiner
2023-07-17,3571,Leaver
2023-07-18,1020,Leaver
2023-07-18,1478,Leaver
2023-07-18,1592,Leaver
2023-07-18,1655,Joiner
2023-07-18,1864,Leaver
2023-07-18,2096,Joiner
2023-07-18,3168,Leaver
2023-07-19,1574,Leaver
2023-07-19,1631,Leaver
2023-07-19,3248,Leaver
2023-07-20,1707,Leaver
2023-07-20,2924,Leaver
2023-07-21,1310,Leaver
2023-07-21,1688,Leaver
2023-07-21,1697,Leaver
2023-07-21,1950,Joiner
2023-07-21,1950,Leaver
2023-07-21,2002,Leaver
2023-07-21,2357,Leaver
2023-07-21,2658,Leaver
2023-07-21,3158,Leaver
2023-07-22,2303,Leaver
2023-07-22,2961,Leaver
2023-07-22,3495,Leaver
2023-07-23,2815,Joiner
2023-07-23,3032,Leaver
2023-07-23,3103,Leaver
2023-07-23,3175,Joiner
2023-07-23,3280,Leaver
2023-07-24,1601,Leaver
2023-07-24,2107,Leaver
2023-07-24,2531,Joiner
2023-07-24,2594,Joiner
2023-07-24,3220,Joiner
2023-07-24,3541,Leaver
2023-07-24,3929,Leaver
2023-07-25,1421,Leaver
2023-07-25,1888,Leaver
2023-07-25,1962,Leaver
2023-07-25,2844,Leaver
2023-07-25,2927,Leaver
2023-07-25,3020,Joiner
2023-07-25,3049,Leaver
2023-07-25,3089,Leaver
2023-07-26,1414,Leaver
2023-07-26,1519,Leaver
2023-07-26,1808,Joiner
2023-07-26,2567,Leaver
2023-07-26,2870,Joiner
2023-07-26,3634,Leaver
2023-07-27,1291,Leaver
2023-07-27,1929,Joiner
2023-07-27,2854,Leaver
2023-07-27,3778,Leaver
2023-07-28,1019,Leaver
2023-07-28,1363,Joiner
2023-07-28,1852,Leaver
2023-07-28,2382,Leaver
2023-07-28,2472,Joiner
2023-07-28,2624,Leaver
2023-07-28,2818,Joiner
2023-07-28,3027,Leaver
2023-07-28,3147,Leaver
2023-07-28,3893,Leaver
2023-07-29,1318,Joiner
2023-07-29,2059,Joiner
2023-07-29,2531,Leaver
2023-07-29,3568,Leaver
2023-07-30,1083,Joiner
2023-07-30,1511,Leaver
2023-07-30,2205,Leaver
2023-07-30,2417,Leaver
2023-07-30,2783,Leaver
2023-07-30,2818,Leaver
2023-07-30,3653,Leaver
2023-07-30,3843,Leaver
2023-07-31,1623,Leaver
2023-07-31,1684,Leaver
2023-07-31,2399,Leaver
2023-07-31,2870,Leaver
2023-08-01,3161,Joiner
2023-08-01,3175,Leaver
2023-08-01,3291,Joiner
2023-08-02,1142,Joiner
2023-08-02,1784,Joiner
2023-08-02,1784,Leaver
2023-08-02,1803,Leaver
2023-08-02,2915,Leaver
2023-08-02,3161,Leaver
2023-08-03,1097,Leaver
2023-08-03,1332,Joiner
2023-08-03,1718,Leaver
2023-08-03,2034,Leaver
2023-08-03,2914,Leaver
2023-08-03,3063,Leaver
2023-08-03,3183,Leaver
2023-08-04,1087,Leaver
2023-08-04,1318,Leaver
2023-08-04,1440,Joiner
2023-08-04,2066,Joiner
2023-08-04,2066,Leaver
2023-08-04,2757,Leaver
2023-08-04,2780,Leaver
2023-08-04,3017,Leaver
2023-08-04,3189,Joiner
2023-08-04,3437,Joiner
2023-08-05,1204,Leaver
2023-08-05,2298,Joiner
2023-08-05,2699,Joiner
2023-08-05,3061,Leaver
2023-08-05,3086,Leaver
2023-08-05,3598,Leaver
2023-08-06,1146,Joiner
2023-08-06,2059,Leaver
2023-08-06,2073,Leaver
2023-08-06,2700,Leaver
2023-08-06,3247,Leaver
2023-08-06,3668,Joiner
2023-08-06,3668,Leaver
